[2026-09-07 19:26:24] [INFO    ] [av1_migrator:engine] === Pre-flight System Checks ===
[2026-09-07 19:26:24] [INFO    ] [av1_migrator:engine] ✓ Python (3.14.3)
[2026-09-07 19:26:24] [INFO    ] [av1_migrator:engine] ✓ FFmpeg (ffmpeg.exe)
[2026-09-07 19:26:24] [INFO    ] [av1_migrator:engine] ✓ FFprobe (ffprobe.exe)
[2026-09-07 19:26:24] [INFO    ] [av1_migrator:engine] ✓ NVIDIA GPU (nvidia-smi detected)
[2026-09-07 19:26:24] [INFO    ] [av1_migrator:engine] ✓ AV1 NVENC encoder available
[2026-09-07 19:26:24] [INFO    ] [av1_migrator:engine] ✓ CUDA scaling (scale_cuda)
[2026-09-07 19:26:24] [INFO    ] [av1_migrator:engine] ✓ Media root: C:\Users\seegr\AppData\Local\Temp\pytest-of-seegr\pytest-1\test_engine_dry_run0\Movies
[2026-09-07 19:26:24] [INFO    ] [av1_migrator:engine] ✓ Storage safety (C:\Users\seegr\AppData\Local\Temp\pytest-of-seegr\pytest-1\test_engine_dry_run0\Movies): Free 51.11 GB >= Min 10.00 KB
[2026-09-07 19:26:24] [INFO    ] [av1_migrator:engine] Starting media discovery and queue preparation...
[2026-09-07 19:26:24] [INFO    ] [av1_migrator:engine] Discovered 2 candidate files across media roots
[2026-09-07 19:26:24] [INFO    ] [av1_migrator:engine] === DRY RUN SUMMARY ===
[2026-09-07 19:26:24] [INFO    ] [av1_migrator:engine] 
DRY RUN SUMMARY:
  Eligible files to convert: 2
  Already AV1/Completed:     0
  Skipped (No Eng/etc):      0
  Probe Errors:              0
  Total source size:         58.59 KB
  Estimated output size:     ~20.51 KB
  Estimated savings:         ~38.09 KB

[2026-09-07 19:26:24] [INFO    ] [av1_migrator:engine] === Pre-flight System Checks ===
[2026-09-07 19:26:24] [INFO    ] [av1_migrator:engine] ✓ Python (3.14.3)
[2026-09-07 19:26:24] [INFO    ] [av1_migrator:engine] ✓ FFmpeg (ffmpeg.exe)
[2026-09-07 19:26:24] [INFO    ] [av1_migrator:engine] ✓ FFprobe (ffprobe.exe)
[2026-09-07 19:26:24] [INFO    ] [av1_migrator:engine] ✓ NVIDIA GPU (nvidia-smi detected)
[2026-09-07 19:26:24] [INFO    ] [av1_migrator:engine] ✓ AV1 NVENC encoder available
[2026-09-07 19:26:24] [INFO    ] [av1_migrator:engine] ✓ CUDA scaling (scale_cuda)
[2026-09-07 19:26:24] [INFO    ] [av1_migrator:engine] ✓ Media root: C:\Users\seegr\AppData\Local\Temp\pytest-of-seegr\pytest-1\test_engine_full_workflow_succ0\Movies
[2026-09-07 19:26:24] [INFO    ] [av1_migrator:engine] ✓ Storage safety (C:\Users\seegr\AppData\Local\Temp\pytest-of-seegr\pytest-1\test_engine_full_workflow_succ0\Movies): Free 51.11 GB >= Min 10.00 KB
[2026-09-07 19:26:24] [INFO    ] [av1_migrator:engine] Starting media discovery and queue preparation...
[2026-09-07 19:26:24] [INFO    ] [av1_migrator:engine] Discovered 2 candidate files across media roots
[2026-09-07 19:26:25] [INFO    ] [av1_migrator:engine] Promoted Movie Small (2021) [AV1 1080p SDR CQ28].mkv.encoding.mkv to Movie Small (2021) [AV1 1080p SDR CQ28].mkv
[2026-09-07 19:26:25] [INFO    ] [av1_migrator:engine] Safely deleted original file: C:\Users\seegr\AppData\Local\Temp\pytest-of-seegr\pytest-1\test_engine_full_workflow_succ0\Movies\Movie Small (2021).mkv
[2026-09-07 19:26:25] [INFO    ] [av1_migrator:engine] Successfully migrated Movie Small (2021).mkv -> Movie Small (2021) [AV1 1080p SDR CQ28].mkv (9.77 KB -> 17 B, saved 9.75 KB)
[2026-09-07 19:26:25] [INFO    ] [av1_migrator:engine] === Migration Summary ===
[2026-09-07 19:26:25] [INFO    ] [av1_migrator:engine] Completed: 1
[2026-09-07 19:26:25] [INFO    ] [av1_migrator:engine] Failed:    0
[2026-09-07 19:26:25] [INFO    ] [av1_migrator:engine] Skipped:   0
[2026-09-07 19:26:25] [INFO    ] [av1_migrator:engine] Source:    9.77 KB
[2026-09-07 19:26:25] [INFO    ] [av1_migrator:engine] Output:    17 B
[2026-09-07 19:26:25] [INFO    ] [av1_migrator:engine] Saved:     9.75 KB (99.8%)
[2026-09-07 19:27:13] [INFO    ] [av1_migrator:engine] === Pre-flight System Checks ===
[2026-09-07 19:27:13] [INFO    ] [av1_migrator:engine] ✓ Python (3.14.3)
[2026-09-07 19:27:13] [INFO    ] [av1_migrator:engine] ✓ FFmpeg (ffmpeg.exe)
[2026-09-07 19:27:13] [INFO    ] [av1_migrator:engine] ✓ FFprobe (ffprobe.exe)
[2026-09-07 19:27:13] [INFO    ] [av1_migrator:engine] ✓ NVIDIA GPU (nvidia-smi detected)
[2026-09-07 19:27:13] [INFO    ] [av1_migrator:engine] ✓ AV1 NVENC encoder available
[2026-09-07 19:27:14] [INFO    ] [av1_migrator:engine] ✓ CUDA scaling (scale_cuda)
[2026-09-07 19:27:14] [INFO    ] [av1_migrator:engine] ✓ Media root: Y:\srv\storage\Movies
[2026-09-07 19:27:14] [INFO    ] [av1_migrator:engine] ✓ Media root: Y:\media\TVShows
[2026-09-07 19:27:14] [INFO    ] [av1_migrator:engine] ✓ Storage safety (Y:\srv\storage\Movies): Free 2.22 TB >= Min 1.00 TB
[2026-09-07 19:27:14] [INFO    ] [av1_migrator:engine] Starting media discovery and queue preparation...
[2026-09-07 19:27:22] [INFO    ] [av1_migrator:engine] Discovered 7688 candidate files across media roots
[2026-09-07 19:28:49] [INFO    ] [av1_migrator:engine] === Pre-flight System Checks ===
[2026-09-07 19:28:49] [INFO    ] [av1_migrator:engine] ✓ Python (3.14.3)
[2026-09-07 19:28:49] [INFO    ] [av1_migrator:engine] ✓ FFmpeg (ffmpeg.exe)
[2026-09-07 19:28:49] [INFO    ] [av1_migrator:engine] ✓ FFprobe (ffprobe.exe)
[2026-09-07 19:28:49] [INFO    ] [av1_migrator:engine] ✓ NVIDIA GPU (nvidia-smi detected)
[2026-09-07 19:28:49] [INFO    ] [av1_migrator:engine] ✓ AV1 NVENC encoder available
[2026-09-07 19:28:49] [INFO    ] [av1_migrator:engine] ✓ CUDA scaling (scale_cuda)
[2026-09-07 19:28:49] [INFO    ] [av1_migrator:engine] ✓ Media root: C:\Users\seegr\AppData\Local\Temp\pytest-of-seegr\pytest-2\test_engine_dry_run0\Movies
[2026-09-07 19:28:49] [INFO    ] [av1_migrator:engine] ✓ Storage safety (C:\Users\seegr\AppData\Local\Temp\pytest-of-seegr\pytest-2\test_engine_dry_run0\Movies): Free 51.10 GB >= Min 10.00 KB
[2026-09-07 19:28:49] [INFO    ] [av1_migrator:engine] Starting media discovery and queue preparation...
[2026-09-07 19:28:49] [INFO    ] [av1_migrator:engine] Discovered 2 candidate files across media roots
[2026-09-07 19:28:49] [INFO    ] [av1_migrator:engine] === DRY RUN SUMMARY ===
[2026-09-07 19:28:49] [INFO    ] [av1_migrator:engine] 
DRY RUN SUMMARY:
  Eligible files to convert: 2
  Already AV1/Completed:     0
  Skipped (No Eng/etc):      0
  Probe Errors:              0
  Total source size:         58.59 KB
  Estimated output size:     ~20.51 KB
  Estimated savings:         ~38.09 KB

[2026-09-07 19:28:49] [INFO    ] [av1_migrator:engine] === Pre-flight System Checks ===
[2026-09-07 19:28:49] [INFO    ] [av1_migrator:engine] ✓ Python (3.14.3)
[2026-09-07 19:28:49] [INFO    ] [av1_migrator:engine] ✓ FFmpeg (ffmpeg.exe)
[2026-09-07 19:28:49] [INFO    ] [av1_migrator:engine] ✓ FFprobe (ffprobe.exe)
[2026-09-07 19:28:49] [INFO    ] [av1_migrator:engine] ✓ NVIDIA GPU (nvidia-smi detected)
[2026-09-07 19:28:49] [INFO    ] [av1_migrator:engine] ✓ AV1 NVENC encoder available
[2026-09-07 19:28:49] [INFO    ] [av1_migrator:engine] ✓ CUDA scaling (scale_cuda)
[2026-09-07 19:28:49] [INFO    ] [av1_migrator:engine] ✓ Media root: C:\Users\seegr\AppData\Local\Temp\pytest-of-seegr\pytest-2\test_engine_full_workflow_succ0\Movies
[2026-09-07 19:28:49] [INFO    ] [av1_migrator:engine] ✓ Storage safety (C:\Users\seegr\AppData\Local\Temp\pytest-of-seegr\pytest-2\test_engine_full_workflow_succ0\Movies): Free 51.10 GB >= Min 10.00 KB
[2026-09-07 19:28:49] [INFO    ] [av1_migrator:engine] Starting media discovery and queue preparation...
[2026-09-07 19:28:49] [INFO    ] [av1_migrator:engine] Discovered 2 candidate files across media roots
[2026-09-07 19:28:50] [INFO    ] [av1_migrator:engine] Promoted Movie Small (2021) [AV1 1080p SDR CQ28].mkv.encoding.mkv to Movie Small (2021) [AV1 1080p SDR CQ28].mkv
[2026-09-07 19:28:50] [INFO    ] [av1_migrator:engine] Safely deleted original file: C:\Users\seegr\AppData\Local\Temp\pytest-of-seegr\pytest-2\test_engine_full_workflow_succ0\Movies\Movie Small (2021).mkv
[2026-09-07 19:28:50] [INFO    ] [av1_migrator:engine] Successfully migrated Movie Small (2021).mkv -> Movie Small (2021) [AV1 1080p SDR CQ28].mkv (9.77 KB -> 17 B, saved 9.75 KB)
[2026-09-07 19:28:50] [INFO    ] [av1_migrator:engine] === Migration Summary ===
[2026-09-07 19:28:50] [INFO    ] [av1_migrator:engine] Completed: 1
[2026-09-07 19:28:50] [INFO    ] [av1_migrator:engine] Failed:    0
[2026-09-07 19:28:50] [INFO    ] [av1_migrator:engine] Skipped:   0
[2026-09-07 19:28:50] [INFO    ] [av1_migrator:engine] Source:    9.77 KB
[2026-09-07 19:28:50] [INFO    ] [av1_migrator:engine] Output:    17 B
[2026-09-07 19:28:50] [INFO    ] [av1_migrator:engine] Saved:     9.75 KB (99.8%)
[2026-09-07 19:28:56] [INFO    ] [av1_migrator:engine] === Pre-flight System Checks ===
[2026-09-07 19:28:56] [INFO    ] [av1_migrator:engine] ✓ Python (3.14.3)
[2026-09-07 19:28:56] [INFO    ] [av1_migrator:engine] ✓ FFmpeg (ffmpeg.exe)
[2026-09-07 19:28:56] [INFO    ] [av1_migrator:engine] ✓ FFprobe (ffprobe.exe)
[2026-09-07 19:28:56] [INFO    ] [av1_migrator:engine] ✓ NVIDIA GPU (nvidia-smi detected)
[2026-09-07 19:28:56] [INFO    ] [av1_migrator:engine] ✓ AV1 NVENC encoder available
[2026-09-07 19:28:56] [INFO    ] [av1_migrator:engine] ✓ CUDA scaling (scale_cuda)
[2026-09-07 19:28:56] [INFO    ] [av1_migrator:engine] ✓ Media root: Y:\srv\storage\Movies
[2026-09-07 19:28:56] [INFO    ] [av1_migrator:engine] ✓ Media root: Y:\media\TVShows
[2026-09-07 19:28:56] [INFO    ] [av1_migrator:engine] ✓ Storage safety (Y:\srv\storage\Movies): Free 2.21 TB >= Min 1.00 TB
[2026-09-07 19:28:56] [INFO    ] [av1_migrator:engine] Starting media discovery and queue preparation...
[2026-09-07 19:29:04] [INFO    ] [av1_migrator:engine] Discovered 7688 candidate files across media roots
[2026-09-07 19:30:15] [INFO    ] [av1_migrator:engine] === Pre-flight System Checks ===
[2026-09-07 19:30:15] [INFO    ] [av1_migrator:engine] ✓ Python (3.14.3)
[2026-09-07 19:30:15] [INFO    ] [av1_migrator:engine] ✓ FFmpeg (ffmpeg.exe)
[2026-09-07 19:30:15] [INFO    ] [av1_migrator:engine] ✓ FFprobe (ffprobe.exe)
[2026-09-07 19:30:15] [INFO    ] [av1_migrator:engine] ✓ NVIDIA GPU (nvidia-smi detected)
[2026-09-07 19:30:15] [INFO    ] [av1_migrator:engine] ✓ AV1 NVENC encoder available
[2026-09-07 19:30:15] [INFO    ] [av1_migrator:engine] ✓ CUDA scaling (scale_cuda)
[2026-09-07 19:30:15] [INFO    ] [av1_migrator:engine] ✓ Media root: Y:\srv\storage\Movies
[2026-09-07 19:30:15] [INFO    ] [av1_migrator:engine] ✓ Media root: Y:\media\TVShows
[2026-09-07 19:30:15] [INFO    ] [av1_migrator:engine] ✓ Storage safety (Y:\srv\storage\Movies): Free 2.21 TB >= Min 1.00 TB
[2026-09-07 19:30:15] [INFO    ] [av1_migrator:engine] Starting media discovery and queue preparation...
[2026-09-07 19:30:22] [INFO    ] [av1_migrator:engine] Discovered 7688 candidate files across media roots. Sorting by size...
[2026-09-07 19:31:03] [INFO    ] [av1_migrator:engine] === DRY RUN SUMMARY ===
[2026-09-07 19:31:03] [INFO    ] [av1_migrator:engine] 
DRY RUN SUMMARY:
  Eligible files to convert: 1
  Already AV1/Completed:     0
  Skipped (No Eng/etc):      12051
  Probe Errors:              0
  Total source size:         356.57 KB
  Estimated output size:     ~124.80 KB
  Estimated savings:         ~231.77 KB

[2026-09-07 19:31:10] [INFO    ] [av1_migrator:engine] === Pre-flight System Checks ===
[2026-09-07 19:31:10] [INFO    ] [av1_migrator:engine] ✓ Python (3.14.3)
[2026-09-07 19:31:10] [INFO    ] [av1_migrator:engine] ✓ FFmpeg (ffmpeg.exe)
[2026-09-07 19:31:10] [INFO    ] [av1_migrator:engine] ✓ FFprobe (ffprobe.exe)
[2026-09-07 19:31:10] [INFO    ] [av1_migrator:engine] ✓ NVIDIA GPU (nvidia-smi detected)
[2026-09-07 19:31:10] [INFO    ] [av1_migrator:engine] ✓ AV1 NVENC encoder available
[2026-09-07 19:31:10] [INFO    ] [av1_migrator:engine] ✓ CUDA scaling (scale_cuda)
[2026-09-07 19:31:10] [INFO    ] [av1_migrator:engine] ✓ Media root: C:\Users\seegr\AppData\Local\Temp\pytest-of-seegr\pytest-3\test_engine_dry_run0\Movies
[2026-09-07 19:31:10] [INFO    ] [av1_migrator:engine] ✓ Storage safety (C:\Users\seegr\AppData\Local\Temp\pytest-of-seegr\pytest-3\test_engine_dry_run0\Movies): Free 51.11 GB >= Min 10.00 KB
[2026-09-07 19:31:10] [INFO    ] [av1_migrator:engine] Starting media discovery and queue preparation...
[2026-09-07 19:31:10] [INFO    ] [av1_migrator:engine] Discovered 2 candidate files across media roots. Sorting by size...
[2026-09-07 19:31:10] [INFO    ] [av1_migrator:engine] === DRY RUN SUMMARY ===
[2026-09-07 19:31:10] [INFO    ] [av1_migrator:engine] 
DRY RUN SUMMARY:
  Eligible files to convert: 2
  Already AV1/Completed:     0
  Skipped (No Eng/etc):      0
  Probe Errors:              0
  Total source size:         58.59 KB
  Estimated output size:     ~20.51 KB
  Estimated savings:         ~38.09 KB

[2026-09-07 19:31:11] [INFO    ] [av1_migrator:engine] === Pre-flight System Checks ===
[2026-09-07 19:31:11] [INFO    ] [av1_migrator:engine] ✓ Python (3.14.3)
[2026-09-07 19:31:11] [INFO    ] [av1_migrator:engine] ✓ FFmpeg (ffmpeg.exe)
[2026-09-07 19:31:11] [INFO    ] [av1_migrator:engine] ✓ FFprobe (ffprobe.exe)
[2026-09-07 19:31:11] [INFO    ] [av1_migrator:engine] ✓ NVIDIA GPU (nvidia-smi detected)
[2026-09-07 19:31:11] [INFO    ] [av1_migrator:engine] ✓ AV1 NVENC encoder available
[2026-09-07 19:31:11] [INFO    ] [av1_migrator:engine] ✓ CUDA scaling (scale_cuda)
[2026-09-07 19:31:11] [INFO    ] [av1_migrator:engine] ✓ Media root: C:\Users\seegr\AppData\Local\Temp\pytest-of-seegr\pytest-3\test_engine_full_workflow_succ0\Movies
[2026-09-07 19:31:11] [INFO    ] [av1_migrator:engine] ✓ Storage safety (C:\Users\seegr\AppData\Local\Temp\pytest-of-seegr\pytest-3\test_engine_full_workflow_succ0\Movies): Free 51.11 GB >= Min 10.00 KB
[2026-09-07 19:31:11] [INFO    ] [av1_migrator:engine] Starting media discovery and queue preparation...
[2026-09-07 19:31:11] [INFO    ] [av1_migrator:engine] Discovered 2 candidate files across media roots. Sorting by size...
[2026-09-07 19:31:11] [INFO    ] [av1_migrator:engine] Promoted Movie Small (2021) [AV1 1080p SDR CQ28].mkv.encoding.mkv to Movie Small (2021) [AV1 1080p SDR CQ28].mkv
[2026-09-07 19:31:11] [INFO    ] [av1_migrator:engine] Safely deleted original file: C:\Users\seegr\AppData\Local\Temp\pytest-of-seegr\pytest-3\test_engine_full_workflow_succ0\Movies\Movie Small (2021).mkv
[2026-09-07 19:31:11] [INFO    ] [av1_migrator:engine] Successfully migrated Movie Small (2021).mkv -> Movie Small (2021) [AV1 1080p SDR CQ28].mkv (9.77 KB -> 17 B, saved 9.75 KB)
[2026-09-07 19:31:12] [INFO    ] [av1_migrator:engine] === Migration Summary ===
[2026-09-07 19:31:12] [INFO    ] [av1_migrator:engine] Completed: 1
[2026-09-07 19:31:12] [INFO    ] [av1_migrator:engine] Failed:    0
[2026-09-07 19:31:12] [INFO    ] [av1_migrator:engine] Skipped:   0
[2026-09-07 19:31:12] [INFO    ] [av1_migrator:engine] Source:    9.77 KB
[2026-09-07 19:31:12] [INFO    ] [av1_migrator:engine] Output:    17 B
[2026-09-07 19:31:12] [INFO    ] [av1_migrator:engine] Saved:     9.75 KB (99.8%)
[2026-09-07 19:31:27] [INFO    ] [av1_migrator:engine] === Pre-flight System Checks ===
[2026-09-07 19:31:27] [INFO    ] [av1_migrator:engine] ✓ Python (3.14.3)
[2026-09-07 19:31:27] [INFO    ] [av1_migrator:engine] ✓ FFmpeg (ffmpeg.exe)
[2026-09-07 19:31:27] [INFO    ] [av1_migrator:engine] ✓ FFprobe (ffprobe.exe)
[2026-09-07 19:31:27] [INFO    ] [av1_migrator:engine] ✓ NVIDIA GPU (nvidia-smi detected)
[2026-09-07 19:31:27] [INFO    ] [av1_migrator:engine] ✓ AV1 NVENC encoder available
[2026-09-07 19:31:27] [INFO    ] [av1_migrator:engine] ✓ CUDA scaling (scale_cuda)
[2026-09-07 19:31:27] [INFO    ] [av1_migrator:engine] ✓ Media root: C:\Users\seegr\AppData\Local\Temp\pytest-of-seegr\pytest-4\test_engine_dry_run0\Movies
[2026-09-07 19:31:27] [INFO    ] [av1_migrator:engine] ✓ Storage safety (C:\Users\seegr\AppData\Local\Temp\pytest-of-seegr\pytest-4\test_engine_dry_run0\Movies): Free 51.11 GB >= Min 10.00 KB
[2026-09-07 19:31:27] [INFO    ] [av1_migrator:engine] Starting media discovery and queue preparation...
[2026-09-07 19:31:27] [INFO    ] [av1_migrator:engine] Discovered 2 candidate files across media roots. Sorting by size...
[2026-09-07 19:31:27] [INFO    ] [av1_migrator:engine] === DRY RUN SUMMARY ===
[2026-09-07 19:31:27] [INFO    ] [av1_migrator:engine] 
DRY RUN SUMMARY:
  Eligible files to convert: 2
  Already AV1/Completed:     0
  Skipped (No Eng/etc):      0
  Probe Errors:              0
  Total source size:         58.59 KB
  Estimated output size:     ~20.51 KB
  Estimated savings:         ~38.09 KB

[2026-09-07 19:31:27] [INFO    ] [av1_migrator:engine] === Pre-flight System Checks ===
[2026-09-07 19:31:27] [INFO    ] [av1_migrator:engine] ✓ Python (3.14.3)
[2026-09-07 19:31:27] [INFO    ] [av1_migrator:engine] ✓ FFmpeg (ffmpeg.exe)
[2026-09-07 19:31:27] [INFO    ] [av1_migrator:engine] ✓ FFprobe (ffprobe.exe)
[2026-09-07 19:31:27] [INFO    ] [av1_migrator:engine] ✓ NVIDIA GPU (nvidia-smi detected)
[2026-09-07 19:31:27] [INFO    ] [av1_migrator:engine] ✓ AV1 NVENC encoder available
[2026-09-07 19:31:27] [INFO    ] [av1_migrator:engine] ✓ CUDA scaling (scale_cuda)
[2026-09-07 19:31:27] [INFO    ] [av1_migrator:engine] ✓ Media root: C:\Users\seegr\AppData\Local\Temp\pytest-of-seegr\pytest-4\test_engine_full_workflow_succ0\Movies
[2026-09-07 19:31:27] [INFO    ] [av1_migrator:engine] ✓ Storage safety (C:\Users\seegr\AppData\Local\Temp\pytest-of-seegr\pytest-4\test_engine_full_workflow_succ0\Movies): Free 51.11 GB >= Min 10.00 KB
[2026-09-07 19:31:27] [INFO    ] [av1_migrator:engine] Starting media discovery and queue preparation...
[2026-09-07 19:31:27] [INFO    ] [av1_migrator:engine] Discovered 2 candidate files across media roots. Sorting by size...
[2026-09-07 19:31:28] [INFO    ] [av1_migrator:engine] Promoted Movie Small (2021) [AV1 1080p SDR CQ28].mkv.encoding.mkv to Movie Small (2021) [AV1 1080p SDR CQ28].mkv
[2026-09-07 19:31:28] [INFO    ] [av1_migrator:engine] Safely deleted original file: C:\Users\seegr\AppData\Local\Temp\pytest-of-seegr\pytest-4\test_engine_full_workflow_succ0\Movies\Movie Small (2021).mkv
[2026-09-07 19:31:28] [INFO    ] [av1_migrator:engine] Successfully migrated Movie Small (2021).mkv -> Movie Small (2021) [AV1 1080p SDR CQ28].mkv (9.77 KB -> 17 B, saved 9.75 KB)
[2026-09-07 19:31:29] [INFO    ] [av1_migrator:engine] === Migration Summary ===
[2026-09-07 19:31:29] [INFO    ] [av1_migrator:engine] Completed: 1
[2026-09-07 19:31:29] [INFO    ] [av1_migrator:engine] Failed:    0
[2026-09-07 19:31:29] [INFO    ] [av1_migrator:engine] Skipped:   0
[2026-09-07 19:31:29] [INFO    ] [av1_migrator:engine] Source:    9.77 KB
[2026-09-07 19:31:29] [INFO    ] [av1_migrator:engine] Output:    17 B
[2026-09-07 19:31:29] [INFO    ] [av1_migrator:engine] Saved:     9.75 KB (99.8%)
[2026-09-07 19:40:18] [INFO    ] [av1_migrator:engine] === Pre-flight System Checks ===
[2026-09-07 19:40:18] [INFO    ] [av1_migrator:engine] ✓ Python (3.14.3)
[2026-09-07 19:40:18] [INFO    ] [av1_migrator:engine] ✓ FFmpeg (ffmpeg.exe)
[2026-09-07 19:40:18] [INFO    ] [av1_migrator:engine] ✓ FFprobe (ffprobe.exe)
[2026-09-07 19:40:18] [INFO    ] [av1_migrator:engine] ✓ NVIDIA GPU (nvidia-smi detected)
[2026-09-07 19:40:18] [INFO    ] [av1_migrator:engine] ✓ AV1 NVENC encoder available
[2026-09-07 19:40:18] [INFO    ] [av1_migrator:engine] ✓ CUDA scaling (scale_cuda)
[2026-09-07 19:40:18] [INFO    ] [av1_migrator:engine] ✓ Media root: Y:\srv\storage\Movies
[2026-09-07 19:40:18] [INFO    ] [av1_migrator:engine] ✓ Media root: Y:\media\TVShows
[2026-09-07 19:40:18] [INFO    ] [av1_migrator:engine] ✓ Storage safety (Y:\srv\storage\Movies): Free 2.21 TB >= Min 1.00 TB
[2026-09-07 19:40:18] [INFO    ] [av1_migrator:engine] Starting media discovery and queue preparation...
[2026-09-07 19:40:25] [INFO    ] [av1_migrator:engine] Discovered 7688 candidate files across media roots. Sorting by size...
[2026-09-07 19:51:19] [INFO    ] [av1_migrator:engine] === Pre-flight System Checks ===
[2026-09-07 19:51:19] [INFO    ] [av1_migrator:engine] ✓ Python (3.14.3)
[2026-09-07 19:51:19] [INFO    ] [av1_migrator:engine] ✓ FFmpeg (ffmpeg.exe)
[2026-09-07 19:51:19] [INFO    ] [av1_migrator:engine] ✓ FFprobe (ffprobe.exe)
[2026-09-07 19:51:19] [INFO    ] [av1_migrator:engine] ✓ NVIDIA GPU (nvidia-smi detected)
[2026-09-07 19:51:19] [INFO    ] [av1_migrator:engine] ✓ AV1 NVENC encoder available
[2026-09-07 19:51:19] [INFO    ] [av1_migrator:engine] ✓ CUDA scaling (scale_cuda)
[2026-09-07 19:51:19] [INFO    ] [av1_migrator:engine] ✓ Media root: C:\Users\seegr\AppData\Local\Temp\pytest-of-seegr\pytest-5\test_engine_dry_run0\Movies
[2026-09-07 19:51:19] [INFO    ] [av1_migrator:engine] ✓ Storage safety (C:\Users\seegr\AppData\Local\Temp\pytest-of-seegr\pytest-5\test_engine_dry_run0\Movies): Free 51.10 GB >= Min 10.00 KB
[2026-09-07 19:51:19] [INFO    ] [av1_migrator:engine] Checking database for uncompleted/interrupted migration tasks from previous runs...
[2026-09-07 19:51:19] [INFO    ] [av1_migrator:engine] Startup recovery: Database is clean, no interrupted tasks found.
[2026-09-07 19:51:19] [INFO    ] [av1_migrator:engine] Starting media discovery and queue preparation...
[2026-09-07 19:51:19] [INFO    ] [av1_migrator:engine] Discovered 2 candidate files across media roots. Sorting by size...
[2026-09-07 19:51:19] [INFO    ] [av1_migrator:engine] Probing media files: 2/2 (100.0%) - Movie Large (2020).mkv
[2026-09-07 19:51:19] [INFO    ] [av1_migrator:engine] === DRY RUN SUMMARY ===
[2026-09-07 19:51:19] [INFO    ] [av1_migrator:engine] 
DRY RUN SUMMARY:
  Eligible files to convert: 2
  Already AV1/Completed:     0
  Skipped (No Eng/etc):      0
  Probe Errors:              0
  Total source size:         58.59 KB
  Estimated output size:     ~20.51 KB
  Estimated savings:         ~38.09 KB

[2026-09-07 19:51:19] [INFO    ] [av1_migrator:engine] === Pre-flight System Checks ===
[2026-09-07 19:51:19] [INFO    ] [av1_migrator:engine] ✓ Python (3.14.3)
[2026-09-07 19:51:19] [INFO    ] [av1_migrator:engine] ✓ FFmpeg (ffmpeg.exe)
[2026-09-07 19:51:19] [INFO    ] [av1_migrator:engine] ✓ FFprobe (ffprobe.exe)
[2026-09-07 19:51:19] [INFO    ] [av1_migrator:engine] ✓ NVIDIA GPU (nvidia-smi detected)
[2026-09-07 19:51:19] [INFO    ] [av1_migrator:engine] ✓ AV1 NVENC encoder available
[2026-09-07 19:51:19] [INFO    ] [av1_migrator:engine] ✓ CUDA scaling (scale_cuda)
[2026-09-07 19:51:19] [INFO    ] [av1_migrator:engine] ✓ Media root: C:\Users\seegr\AppData\Local\Temp\pytest-of-seegr\pytest-5\test_engine_full_workflow_succ0\Movies
[2026-09-07 19:51:19] [INFO    ] [av1_migrator:engine] ✓ Storage safety (C:\Users\seegr\AppData\Local\Temp\pytest-of-seegr\pytest-5\test_engine_full_workflow_succ0\Movies): Free 51.10 GB >= Min 10.00 KB
[2026-09-07 19:51:19] [INFO    ] [av1_migrator:engine] Checking database for uncompleted/interrupted migration tasks from previous runs...
[2026-09-07 19:51:19] [INFO    ] [av1_migrator:engine] Startup recovery: Database is clean, no interrupted tasks found.
[2026-09-07 19:51:19] [INFO    ] [av1_migrator:engine] Starting media discovery and queue preparation...
[2026-09-07 19:51:19] [INFO    ] [av1_migrator:engine] Discovered 2 candidate files across media roots. Sorting by size...
[2026-09-07 19:51:19] [INFO    ] [av1_migrator:engine] Probing media files: 2/2 (100.0%) - Movie Large (2020).mkv
[2026-09-07 19:51:19] [INFO    ] [av1_migrator:engine] Promoted Movie Small (2021) [AV1 1080p SDR CQ28].mkv.encoding.mkv to Movie Small (2021) [AV1 1080p SDR CQ28].mkv
[2026-09-07 19:51:19] [INFO    ] [av1_migrator:engine] Safely deleted original file: C:\Users\seegr\AppData\Local\Temp\pytest-of-seegr\pytest-5\test_engine_full_workflow_succ0\Movies\Movie Small (2021).mkv
[2026-09-07 19:51:19] [INFO    ] [av1_migrator:engine] Successfully migrated Movie Small (2021).mkv -> Movie Small (2021) [AV1 1080p SDR CQ28].mkv (9.77 KB -> 17 B, saved 9.75 KB)
[2026-09-07 19:51:20] [INFO    ] [av1_migrator:engine] === Migration Summary ===
[2026-09-07 19:51:20] [INFO    ] [av1_migrator:engine] Completed: 1
[2026-09-07 19:51:20] [INFO    ] [av1_migrator:engine] Failed:    0
[2026-09-07 19:51:20] [INFO    ] [av1_migrator:engine] Skipped:   0
[2026-09-07 19:51:20] [INFO    ] [av1_migrator:engine] Source:    9.77 KB
[2026-09-07 19:51:20] [INFO    ] [av1_migrator:engine] Output:    17 B
[2026-09-07 19:51:20] [INFO    ] [av1_migrator:engine] Saved:     9.75 KB (99.8%)
[2026-09-07 19:51:20] [INFO    ] [av1_migrator:engine] Checking database for uncompleted/interrupted migration tasks from previous runs...
[2026-09-07 19:51:20] [WARNING ] [av1_migrator:engine] Startup recovery: Found and resolved 1 interrupted tasks.
[2026-09-07 19:51:20] [INFO    ] [av1_migrator:engine]   - C:\Users\seegr\AppData\Local\Temp\pytest-of-seegr\pytest-5\test_engine_startup_recovery0\Movies\Movie Large (2020).mkv: reset_to_pending_for_retry (previous status: encoding, temp cleaned: True)
[2026-09-07 19:51:24] [INFO    ] [av1_migrator:engine] === Pre-flight System Checks ===
[2026-09-07 19:51:24] [INFO    ] [av1_migrator:engine] ✓ Python (3.14.3)
[2026-09-07 19:51:24] [INFO    ] [av1_migrator:engine] ✓ FFmpeg (ffmpeg.exe)
[2026-09-07 19:51:24] [INFO    ] [av1_migrator:engine] ✓ FFprobe (ffprobe.exe)
[2026-09-07 19:51:24] [INFO    ] [av1_migrator:engine] ✓ NVIDIA GPU (nvidia-smi detected)
[2026-09-07 19:51:24] [INFO    ] [av1_migrator:engine] ✓ AV1 NVENC encoder available
[2026-09-07 19:51:24] [INFO    ] [av1_migrator:engine] ✓ CUDA scaling (scale_cuda)
[2026-09-07 19:51:24] [INFO    ] [av1_migrator:engine] ✓ Media root: Y:\srv\storage\Movies
[2026-09-07 19:51:24] [INFO    ] [av1_migrator:engine] ✓ Media root: Y:\media\TVShows
[2026-09-07 19:51:24] [INFO    ] [av1_migrator:engine] ✓ Storage safety (Y:\srv\storage\Movies): Free 2.21 TB >= Min 1.00 TB
[2026-09-07 19:51:24] [INFO    ] [av1_migrator:engine] Checking database for uncompleted/interrupted migration tasks from previous runs...
[2026-09-07 19:51:24] [INFO    ] [av1_migrator:engine] Startup recovery: Database is clean, no interrupted tasks found.
[2026-09-07 19:51:24] [INFO    ] [av1_migrator:engine] Starting media discovery and queue preparation...
[2026-09-07 19:51:28] [INFO    ] [av1_migrator:engine] Discovered 7688 candidate files across media roots. Sorting by size...
[2026-09-07 19:51:47] [INFO    ] [av1_migrator:engine] === DRY RUN SUMMARY ===
[2026-09-07 19:51:47] [INFO    ] [av1_migrator:engine] 
DRY RUN SUMMARY:
  Eligible files to convert: 2
  Already AV1/Completed:     0
  Skipped (No Eng/etc):      12051
  Probe Errors:              0
  Total source size:         757.54 KB
  Estimated output size:     ~265.14 KB
  Estimated savings:         ~492.40 KB

[2026-09-07 19:52:01] [WARNING ] [av1_migrator:engine] Received interrupt signal (Ctrl+C). Initiating safe stop...
[2026-09-07 19:52:01] [INFO    ] [av1_migrator:engine] Stopping migration safely: Ctrl+C interrupted
[2026-09-07 19:52:03] [INFO    ] [av1_migrator:engine] === Pre-flight System Checks ===
[2026-09-07 19:52:03] [INFO    ] [av1_migrator:engine] ✓ Python (3.14.3)
[2026-09-07 19:52:03] [INFO    ] [av1_migrator:engine] ✓ FFmpeg (ffmpeg.exe)
[2026-09-07 19:52:03] [INFO    ] [av1_migrator:engine] ✓ FFprobe (ffprobe.exe)
[2026-09-07 19:52:03] [INFO    ] [av1_migrator:engine] ✓ NVIDIA GPU (nvidia-smi detected)
[2026-09-07 19:52:03] [INFO    ] [av1_migrator:engine] ✓ AV1 NVENC encoder available
[2026-09-07 19:52:03] [INFO    ] [av1_migrator:engine] ✓ CUDA scaling (scale_cuda)
[2026-09-07 19:52:03] [INFO    ] [av1_migrator:engine] ✓ Media root: Y:\srv\storage\Movies
[2026-09-07 19:52:03] [INFO    ] [av1_migrator:engine] ✓ Media root: Y:\media\TVShows
[2026-09-07 19:52:03] [INFO    ] [av1_migrator:engine] ✓ Storage safety (Y:\srv\storage\Movies): Free 2.21 TB >= Min 1.00 TB
[2026-09-07 19:52:03] [INFO    ] [av1_migrator:engine] Checking database for uncompleted/interrupted migration tasks from previous runs...
[2026-09-07 19:52:03] [INFO    ] [av1_migrator:engine] Startup recovery: Database is clean, no interrupted tasks found.
[2026-09-07 19:52:03] [INFO    ] [av1_migrator:engine] Starting media discovery and queue preparation...
[2026-09-07 19:52:06] [INFO    ] [av1_migrator:engine] Discovered 7688 candidate files across media roots. Sorting by size...
[2026-09-07 19:52:22] [INFO    ] [av1_migrator:engine] Probing media files: 250/7688 (3.3%) - House MD Season 2 Extra 02 - It Could Be Lupus.avi
[2026-09-07 19:52:32] [INFO    ] [av1_migrator:engine] Probing media files: 500/7688 (6.5%) - Adventure Time S07E33 Normal Man.mp4
[2026-09-07 19:52:44] [INFO    ] [av1_migrator:engine] Probing media files: 750/7688 (9.8%) - ATHF S02E23 The Cloning.mp4
[2026-09-07 19:52:57] [INFO    ] [av1_migrator:engine] Probing media files: 1000/7688 (13.0%) - Bluey.S03E20.720p.WEBRip.x264-GalaxyTV.mkv
[2026-09-07 19:53:10] [INFO    ] [av1_migrator:engine] Probing media files: 1250/7688 (16.3%) - ATHF S11E08 The Last One Forever and Ever For Real This Time We Really Mean It.mp4
[2026-09-07 19:53:28] [INFO    ] [av1_migrator:engine] Probing media files: 1500/7688 (19.5%) - S09E10 Lice Deleted Scenes.mkv
[2026-09-07 19:53:41] [INFO    ] [av1_migrator:engine] Probing media files: 1750/7688 (22.8%) - The King of Queens S02E18 The Shmenkmans.mp4
[2026-09-07 19:53:53] [INFO    ] [av1_migrator:engine] Probing media files: 2000/7688 (26.0%) - S09E11 Customer Loyalty Deleted Scenes.mkv
[2026-09-07 19:54:07] [INFO    ] [av1_migrator:engine] Probing media files: 2250/7688 (29.3%) - Podcast 04.mkv
[2026-09-07 19:54:21] [INFO    ] [av1_migrator:engine] Probing media files: 2500/7688 (32.5%) - friends.s07e23.720p.bluray.x264-mrs.sujaidr.mkv
[2026-09-07 19:54:33] [INFO    ] [av1_migrator:engine] Probing media files: 2750/7688 (35.8%) - BoJack.Horseman.S01E07.Say.Anything.mkv
[2026-09-07 19:54:45] [INFO    ] [av1_migrator:engine] Probing media files: 3000/7688 (39.0%) - friends_s02e23_720p_bluray_sujaidr.mkv
[2026-09-07 19:54:57] [INFO    ] [av1_migrator:engine] Probing media files: 3250/7688 (42.3%) - Futurama - S02E04 - Fry & the Slurm Factory HDTV-1080p.mkv
[2026-09-07 19:55:06] [INFO    ] [av1_migrator:engine] Probing media files: 3500/7688 (45.5%) - Phineas and Ferb - S04E31-E32 - Return Policy & Imperfect Storm (1080p WEB-DL x265 HEVC 10bit AAC 2.0 RCVR) [UTR].mkv
[2026-09-07 19:55:13] [INFO    ] [av1_migrator:engine] Probing media files: 3750/7688 (48.8%) - King of the Hill (1997) - S09E01 - A Rover Runs Through It (480p DVD x265 r00t).mkv
[2026-09-07 19:55:22] [INFO    ] [av1_migrator:engine] Probing media files: 4000/7688 (52.0%) - Wizards of Waverly Place S01E11 Potion Commotion.mkv
[2026-09-07 19:55:27] [INFO    ] [av1_migrator:engine] Probing media files: 4250/7688 (55.3%) - Bones s02e08 The Woman in the Sand.mkv
[2026-09-07 19:55:38] [INFO    ] [av1_migrator:engine] Probing media files: 4500/7688 (58.5%) - MythBusters S14E09 Reddit Special.mp4
[2026-09-07 19:55:44] [INFO    ] [av1_migrator:engine] Probing media files: 4750/7688 (61.8%) - Beauty and the Beast - s03e06 - Beggar's Comet.avi
[2026-09-07 19:55:45] [INFO    ] [av1_migrator:engine] Probing media files: 5000/7688 (65.0%) - MythBusters S02E04 Sinking Titanic - Goldfish Memory - Trombone Explosion.avi
[2026-09-07 19:55:52] [INFO    ] [av1_migrator:engine] Probing media files: 5250/7688 (68.3%) - Season 8 Blooper Reel.mkv
[2026-09-07 19:56:04] [INFO    ] [av1_migrator:engine] Probing media files: 5500/7688 (71.5%) - Young Sheldon - S02E21 - A Broken Heart and a Crock Monster Bluray-1080p.mkv
[2026-09-07 19:56:15] [INFO    ] [av1_migrator:engine] Probing media files: 5750/7688 (74.8%) - Better Call Saul S05e10 Something Unforgivable.mkv
[2026-09-07 19:56:34] [INFO    ] [av1_migrator:engine] Probing media files: 6000/7688 (78.0%) - The Office (US) (2005) - S07E06 - Costume Contest (1080p BluRay x265 Silence).mkv
[2026-09-07 19:56:48] [INFO    ] [av1_migrator:engine] Probing media files: 6250/7688 (81.3%) - Wednesday.S01E06.Quid.Pro.Woe.1080p.10bit.BluRay.AAC5.1.HEVC-Vyndros.mkv
[2026-09-07 19:57:06] [INFO    ] [av1_migrator:engine] Probing media files: 6500/7688 (84.5%) - The Office (US) (2005) - S04E01-E02 - Fun Run (1080p BluRay x265 Silence).mkv
[2026-09-07 19:57:27] [INFO    ] [av1_migrator:engine] Probing media files: 6750/7688 (87.8%) - Big Brother (2018) Bluray-1080p.mp4
[2026-09-07 19:57:46] [INFO    ] [av1_migrator:engine] Probing media files: 7000/7688 (91.1%) - Annihilation (2018).mkv
[2026-09-07 19:58:10] [INFO    ] [av1_migrator:engine] Probing media files: 7250/7688 (94.3%) - Deadpool 2 (2018).mp4
[2026-09-07 19:58:42] [INFO    ] [av1_migrator:engine] Probing media files: 7500/7688 (97.6%) - The Rescuers (1977).mkv
[2026-09-07 19:59:15] [INFO    ] [av1_migrator:engine] Probing media files: 7688/7688 (100.0%) - Transformers - The Last Knight (2017).m2ts
[2026-09-07 19:59:16] [INFO    ] [av1_migrator:encoder] Starting FFmpeg encode for ATHF X03 Shake on Dinner Theater.mp4 (CUDA scale: True)
[2026-09-07 19:59:16] [WARNING ] [av1_migrator:encoder] CUDA scaling failed, retrying with software Lanczos scaling fallback...
[2026-09-07 19:59:16] [INFO    ] [av1_migrator:encoder] Retrying FFmpeg encode for ATHF X03 Shake on Dinner Theater.mp4 with software scale
[2026-09-07 19:59:19] [INFO    ] [av1_migrator:engine] Promoted ATHF X03 Shake on Dinner Theater [AV1 1080p SDR CQ28].mkv.encoding.mkv to ATHF X03 Shake on Dinner Theater [AV1 1080p SDR CQ28].mkv
[2026-09-07 19:59:19] [INFO    ] [av1_migrator:engine] Safely deleted original file: Y:\media\TVShows\Aqua Teen Hunger Force\ATHF Xtras\ATHF X03 Shake on Dinner Theater.mp4
[2026-09-07 19:59:19] [INFO    ] [av1_migrator:engine] Successfully migrated ATHF X03 Shake on Dinner Theater.mp4 -> ATHF X03 Shake on Dinner Theater [AV1 1080p SDR CQ28].mkv (356.57 KB -> 3.18 MB, saved -2.83 MB)
[2026-09-07 19:59:19] [INFO    ] [av1_migrator:encoder] Starting FFmpeg encode for ATHF X01 Carl on Health.mp4 (CUDA scale: True)
[2026-09-07 19:59:19] [WARNING ] [av1_migrator:encoder] CUDA scaling failed, retrying with software Lanczos scaling fallback...
[2026-09-07 19:59:19] [INFO    ] [av1_migrator:encoder] Retrying FFmpeg encode for ATHF X01 Carl on Health.mp4 with software scale
[2026-09-07 19:59:22] [INFO    ] [av1_migrator:engine] Promoted ATHF X01 Carl on Health [AV1 1080p SDR CQ28].mkv.encoding.mkv to ATHF X01 Carl on Health [AV1 1080p SDR CQ28].mkv
[2026-09-07 19:59:22] [INFO    ] [av1_migrator:engine] Safely deleted original file: Y:\media\TVShows\Aqua Teen Hunger Force\ATHF Xtras\ATHF X01 Carl on Health.mp4
[2026-09-07 19:59:22] [INFO    ] [av1_migrator:engine] Successfully migrated ATHF X01 Carl on Health.mp4 -> ATHF X01 Carl on Health [AV1 1080p SDR CQ28].mkv (400.97 KB -> 3.55 MB, saved -3.16 MB)
[2026-09-07 19:59:22] [INFO    ] [av1_migrator:encoder] Starting FFmpeg encode for ATHF X02 Carl's Drummer.mp4 (CUDA scale: True)
[2026-09-07 19:59:23] [WARNING ] [av1_migrator:encoder] CUDA scaling failed, retrying with software Lanczos scaling fallback...
[2026-09-07 19:59:23] [INFO    ] [av1_migrator:encoder] Retrying FFmpeg encode for ATHF X02 Carl's Drummer.mp4 with software scale
[2026-09-07 19:59:25] [INFO    ] [av1_migrator:engine] Promoted ATHF X02 Carl's Drummer [AV1 1080p SDR CQ28].mkv.encoding.mkv to ATHF X02 Carl's Drummer [AV1 1080p SDR CQ28].mkv
[2026-09-07 19:59:26] [INFO    ] [av1_migrator:engine] Safely deleted original file: Y:\media\TVShows\Aqua Teen Hunger Force\ATHF Xtras\ATHF X02 Carl's Drummer.mp4
[2026-09-07 19:59:26] [INFO    ] [av1_migrator:engine] Successfully migrated ATHF X02 Carl's Drummer.mp4 -> ATHF X02 Carl's Drummer [AV1 1080p SDR CQ28].mkv (458.67 KB -> 4.93 MB, saved -4.48 MB)
[2026-09-07 19:59:26] [INFO    ] [av1_migrator:encoder] Removed stale temporary file: Y:\media\TVShows\Breaking Bad (2008)\Featurettes\Season 5\Featurettes 5.1\Inside Breaking Bad\Pre-production Concept Art [AV1 1080p SDR CQ28].mkv.encoding.mkv
[2026-09-07 19:59:26] [INFO    ] [av1_migrator:encoder] Starting FFmpeg encode for Pre-production Concept Art.mkv (CUDA scale: True)
[2026-09-07 19:59:26] [WARNING ] [av1_migrator:encoder] CUDA scaling failed, retrying with software Lanczos scaling fallback...
[2026-09-07 19:59:26] [INFO    ] [av1_migrator:encoder] Retrying FFmpeg encode for Pre-production Concept Art.mkv with software scale
[2026-09-07 19:59:28] [INFO    ] [av1_migrator:engine] Promoted Pre-production Concept Art [AV1 1080p SDR CQ28].mkv.encoding.mkv to Pre-production Concept Art [AV1 1080p SDR CQ28].mkv
[2026-09-07 19:59:28] [INFO    ] [av1_migrator:engine] Safely deleted original file: Y:\media\TVShows\Breaking Bad (2008)\Featurettes\Season 5\Featurettes 5.1\Inside Breaking Bad\Pre-production Concept Art.mkv
[2026-09-07 19:59:28] [INFO    ] [av1_migrator:engine] Successfully migrated Pre-production Concept Art.mkv -> Pre-production Concept Art [AV1 1080p SDR CQ28].mkv (555.00 KB -> 1.19 MB, saved -665.34 KB)
[2026-09-07 19:59:28] [INFO    ] [av1_migrator:encoder] Starting FFmpeg encode for scenes3.mkv (CUDA scale: True)
[2026-09-07 19:59:28] [WARNING ] [av1_migrator:encoder] CUDA scaling failed, retrying with software Lanczos scaling fallback...
[2026-09-07 19:59:28] [INFO    ] [av1_migrator:encoder] Retrying FFmpeg encode for scenes3.mkv with software scale
[2026-09-07 19:59:32] [INFO    ] [av1_migrator:engine] Promoted scenes3 [AV1 1080p SDR CQ28].mkv.encoding.mkv to scenes3 [AV1 1080p SDR CQ28].mkv
[2026-09-07 19:59:32] [INFO    ] [av1_migrator:engine] Safely deleted original file: Y:\media\TVShows\Breaking Bad (2008)\Featurettes\Season 2\Deleted Scenes\scenes3.mkv
[2026-09-07 19:59:32] [INFO    ] [av1_migrator:engine] Successfully migrated scenes3.mkv -> scenes3 [AV1 1080p SDR CQ28].mkv (591.67 KB -> 1.92 MB, saved -1.34 MB)
[2026-09-07 19:59:32] [INFO    ] [av1_migrator:encoder] Starting FFmpeg encode for S02E17 'Computer Spam Sequence' by Roger Neill.mkv (CUDA scale: True)
[2026-09-07 19:59:33] [WARNING ] [av1_migrator:encoder] CUDA scaling failed, retrying with software Lanczos scaling fallback...
[2026-09-07 19:59:33] [INFO    ] [av1_migrator:encoder] Retrying FFmpeg encode for S02E17 'Computer Spam Sequence' by Roger Neill.mkv with software scale
[2026-09-07 19:59:34] [INFO    ] [av1_migrator:engine] Promoted S02E17 'Computer Spam Sequence' by Roger Neill [AV1 1080p SDR CQ28].mkv.encoding.mkv to S02E17 'Computer Spam Sequence' by Roger Neill [AV1 1080p SDR CQ28].mkv
[2026-09-07 19:59:34] [INFO    ] [av1_migrator:engine] Safely deleted original file: Y:\media\TVShows\King of the Hill (1997)\Featurettes\Season 2\Music Inspired by the Hills\Original Arrangements\S02E17 'Computer Spam Sequence' by Roger Neill.mkv
[2026-09-07 19:59:34] [INFO    ] [av1_migrator:engine] Successfully migrated S02E17 'Computer Spam Sequence' by Roger Neill.mkv -> S02E17 'Computer Spam Sequence' by Roger Neill [AV1 1080p SDR CQ28].mkv (764.73 KB -> 666.01 KB, saved 98.72 KB)
[2026-09-07 19:59:34] [INFO    ] [av1_migrator:encoder] Starting FFmpeg encode for S02E04 'Halloween Flashback' by Lance Rubin.mkv (CUDA scale: True)
[2026-09-07 19:59:34] [WARNING ] [av1_migrator:encoder] CUDA scaling failed, retrying with software Lanczos scaling fallback...
[2026-09-07 19:59:34] [INFO    ] [av1_migrator:encoder] Retrying FFmpeg encode for S02E04 'Halloween Flashback' by Lance Rubin.mkv with software scale
[2026-09-07 19:59:35] [INFO    ] [av1_migrator:engine] Promoted S02E04 'Halloween Flashback' by Lance Rubin [AV1 1080p SDR CQ28].mkv.encoding.mkv to S02E04 'Halloween Flashback' by Lance Rubin [AV1 1080p SDR CQ28].mkv
[2026-09-07 19:59:35] [INFO    ] [av1_migrator:engine] Safely deleted original file: Y:\media\TVShows\King of the Hill (1997)\Featurettes\Season 2\Music Inspired by the Hills\Original Arrangements\S02E04 'Halloween Flashback' by Lance Rubin.mkv
[2026-09-07 19:59:35] [INFO    ] [av1_migrator:engine] Successfully migrated S02E04 'Halloween Flashback' by Lance Rubin.mkv -> S02E04 'Halloween Flashback' by Lance Rubin [AV1 1080p SDR CQ28].mkv (952.34 KB -> 854.19 KB, saved 98.15 KB)
[2026-09-07 19:59:35] [INFO    ] [av1_migrator:encoder] Starting FFmpeg encode for S02E17 'KOTH End Title (Roger Neill Version)' by Roger Neill.mkv (CUDA scale: True)
[2026-09-07 19:59:35] [WARNING ] [av1_migrator:encoder] CUDA scaling failed, retrying with software Lanczos scaling fallback...
[2026-09-07 19:59:35] [INFO    ] [av1_migrator:encoder] Retrying FFmpeg encode for S02E17 'KOTH End Title (Roger Neill Version)' by Roger Neill.mkv with software scale
[2026-09-07 19:59:36] [INFO    ] [av1_migrator:engine] Promoted S02E17 'KOTH End Title (Roger Neill Version)' by Roger Neill [AV1 1080p SDR CQ28].mkv.encoding.mkv to S02E17 'KOTH End Title (Roger Neill Version)' by Roger Neill [AV1 1080p SDR CQ28].mkv
[2026-09-07 19:59:36] [INFO    ] [av1_migrator:engine] Safely deleted original file: Y:\media\TVShows\King of the Hill (1997)\Featurettes\Season 2\Music Inspired by the Hills\Original Arrangements\S02E17 'KOTH End Title (Roger Neill Version)' by Roger Neill.mkv
[2026-09-07 19:59:36] [INFO    ] [av1_migrator:engine] Successfully migrated S02E17 'KOTH End Title (Roger Neill Version)' by Roger Neill.mkv -> S02E17 'KOTH End Title (Roger Neill Version)' by Roger Neill [AV1 1080p SDR CQ28].mkv (999.58 KB -> 902.17 KB, saved 97.41 KB)
[2026-09-07 19:59:36] [INFO    ] [av1_migrator:encoder] Starting FFmpeg encode for S02E15 'Traveling to Mexico' by John O'Connor.mkv (CUDA scale: True)
[2026-09-07 19:59:36] [WARNING ] [av1_migrator:encoder] CUDA scaling failed, retrying with software Lanczos scaling fallback...
[2026-09-07 19:59:36] [INFO    ] [av1_migrator:encoder] Retrying FFmpeg encode for S02E15 'Traveling to Mexico' by John O'Connor.mkv with software scale
[2026-09-07 19:59:37] [INFO    ] [av1_migrator:engine] Promoted S02E15 'Traveling to Mexico' by John O'Connor [AV1 1080p SDR CQ28].mkv.encoding.mkv to S02E15 'Traveling to Mexico' by John O'Connor [AV1 1080p SDR CQ28].mkv
[2026-09-07 19:59:37] [INFO    ] [av1_migrator:engine] Safely deleted original file: Y:\media\TVShows\King of the Hill (1997)\Featurettes\Season 2\Music Inspired by the Hills\Original Arrangements\S02E15 'Traveling to Mexico' by John O'Connor.mkv
[2026-09-07 19:59:37] [INFO    ] [av1_migrator:engine] Successfully migrated S02E15 'Traveling to Mexico' by John O'Connor.mkv -> S02E15 'Traveling to Mexico' by John O'Connor [AV1 1080p SDR CQ28].mkv (1.05 MB -> 974.09 KB, saved 96.99 KB)
[2026-09-07 19:59:37] [INFO    ] [av1_migrator:encoder] Starting FFmpeg encode for The Brak Show X02 New Years of 2002 with Brak and Carl.mp4 (CUDA scale: True)
[2026-09-07 19:59:37] [WARNING ] [av1_migrator:encoder] CUDA scaling failed, retrying with software Lanczos scaling fallback...
[2026-09-07 19:59:37] [INFO    ] [av1_migrator:encoder] Retrying FFmpeg encode for The Brak Show X02 New Years of 2002 with Brak and Carl.mp4 with software scale
[2026-09-07 19:59:41] [INFO    ] [av1_migrator:engine] Promoted The Brak Show X02 New Years of 2002 with Brak and Carl [AV1 1080p SDR CQ28].mkv.encoding.mkv to The Brak Show X02 New Years of 2002 with Brak and Carl [AV1 1080p SDR CQ28].mkv
[2026-09-07 19:59:41] [INFO    ] [av1_migrator:engine] Safely deleted original file: Y:\media\TVShows\Aqua Teen Hunger Force\ATHF Xtras\The Brak Show X02 New Years of 2002 with Brak and Carl.mp4
[2026-09-07 19:59:41] [INFO    ] [av1_migrator:engine] Successfully migrated The Brak Show X02 New Years of 2002 with Brak and Carl.mp4 -> The Brak Show X02 New Years of 2002 with Brak and Carl [AV1 1080p SDR CQ28].mkv (1.06 MB -> 14.71 MB, saved -13.65 MB)
[2026-09-07 19:59:41] [INFO    ] [av1_migrator:encoder] Starting FFmpeg encode for S02E16 'KOTH End Title (Chuck D Version)' by Chuck D.mkv (CUDA scale: True)
[2026-09-07 19:59:41] [WARNING ] [av1_migrator:encoder] CUDA scaling failed, retrying with software Lanczos scaling fallback...
[2026-09-07 19:59:41] [INFO    ] [av1_migrator:encoder] Retrying FFmpeg encode for S02E16 'KOTH End Title (Chuck D Version)' by Chuck D.mkv with software scale
[2026-09-07 19:59:42] [INFO    ] [av1_migrator:engine] Promoted S02E16 'KOTH End Title (Chuck D Version)' by Chuck D [AV1 1080p SDR CQ28].mkv.encoding.mkv to S02E16 'KOTH End Title (Chuck D Version)' by Chuck D [AV1 1080p SDR CQ28].mkv
[2026-09-07 19:59:42] [INFO    ] [av1_migrator:engine] Safely deleted original file: Y:\media\TVShows\King of the Hill (1997)\Featurettes\Season 2\Music Inspired by the Hills\Original Arrangements\S02E16 'KOTH End Title (Chuck D Version)' by Chuck D.mkv
[2026-09-07 19:59:42] [INFO    ] [av1_migrator:engine] Successfully migrated S02E16 'KOTH End Title (Chuck D Version)' by Chuck D.mkv -> S02E16 'KOTH End Title (Chuck D Version)' by Chuck D [AV1 1080p SDR CQ28].mkv (1.25 MB -> 1.16 MB, saved 95.81 KB)
[2026-09-07 19:59:42] [INFO    ] [av1_migrator:encoder] Starting FFmpeg encode for Truck Magnet Test.mkv (CUDA scale: True)
[2026-09-07 19:59:42] [WARNING ] [av1_migrator:encoder] CUDA scaling failed, retrying with software Lanczos scaling fallback...
[2026-09-07 19:59:42] [INFO    ] [av1_migrator:encoder] Retrying FFmpeg encode for Truck Magnet Test.mkv with software scale
[2026-09-07 19:59:44] [INFO    ] [av1_migrator:engine] Promoted Truck Magnet Test [AV1 1080p SDR CQ28].mkv.encoding.mkv to Truck Magnet Test [AV1 1080p SDR CQ28].mkv
[2026-09-07 19:59:44] [INFO    ] [av1_migrator:engine] Safely deleted original file: Y:\media\TVShows\Breaking Bad (2008)\Featurettes\Season 5\Featurettes 5.1\Inside Breaking Bad\Truck Magnet Test.mkv
[2026-09-07 19:59:44] [INFO    ] [av1_migrator:engine] Successfully migrated Truck Magnet Test.mkv -> Truck Magnet Test [AV1 1080p SDR CQ28].mkv (1.30 MB -> 2.34 MB, saved -1.05 MB)
[2026-09-07 19:59:44] [INFO    ] [av1_migrator:encoder] Starting FFmpeg encode for Scenes11.mkv (CUDA scale: True)
[2026-09-07 19:59:44] [WARNING ] [av1_migrator:encoder] CUDA scaling failed, retrying with software Lanczos scaling fallback...
[2026-09-07 19:59:44] [INFO    ] [av1_migrator:encoder] Retrying FFmpeg encode for Scenes11.mkv with software scale
[2026-09-07 19:59:48] [INFO    ] [av1_migrator:engine] Promoted Scenes11 [AV1 1080p SDR CQ28].mkv.encoding.mkv to Scenes11 [AV1 1080p SDR CQ28].mkv
[2026-09-07 19:59:48] [INFO    ] [av1_migrator:engine] Safely deleted original file: Y:\media\TVShows\Breaking Bad (2008)\Featurettes\Season 4\Deleted Scenes\Scenes11.mkv
[2026-09-07 19:59:48] [INFO    ] [av1_migrator:engine] Successfully migrated Scenes11.mkv -> Scenes11 [AV1 1080p SDR CQ28].mkv (1.34 MB -> 7.39 MB, saved -6.05 MB)
[2026-09-07 19:59:48] [INFO    ] [av1_migrator:encoder] Starting FFmpeg encode for S02E01 - How to Fire a Rifle Without Really Trying.mkv (CUDA scale: True)
[2026-09-07 19:59:49] [WARNING ] [av1_migrator:encoder] CUDA scaling failed, retrying with software Lanczos scaling fallback...
[2026-09-07 19:59:49] [INFO    ] [av1_migrator:encoder] Retrying FFmpeg encode for S02E01 - How to Fire a Rifle Without Really Trying.mkv with software scale
[2026-09-07 19:59:50] [INFO    ] [av1_migrator:engine] Promoted S02E01 - How to Fire a Rifle Without Really Trying [AV1 1080p SDR CQ28].mkv.encoding.mkv to S02E01 - How to Fire a Rifle Without Really Trying [AV1 1080p SDR CQ28].mkv
[2026-09-07 19:59:50] [INFO    ] [av1_migrator:engine] Safely deleted original file: Y:\media\TVShows\King of the Hill (1997)\Featurettes\Season 2\Director Intros\S02E01 - How to Fire a Rifle Without Really Trying.mkv
[2026-09-07 19:59:50] [INFO    ] [av1_migrator:engine] Successfully migrated S02E01 - How to Fire a Rifle Without Really Trying.mkv -> S02E01 - How to Fire a Rifle Without Really Trying [AV1 1080p SDR CQ28].mkv (1.38 MB -> 4.02 MB, saved -2.64 MB)
[2026-09-07 19:59:50] [INFO    ] [av1_migrator:encoder] Starting FFmpeg encode for S02E03 - The Arrowhead.mkv (CUDA scale: True)
[2026-09-07 19:59:50] [WARNING ] [av1_migrator:encoder] CUDA scaling failed, retrying with software Lanczos scaling fallback...
[2026-09-07 19:59:50] [INFO    ] [av1_migrator:encoder] Retrying FFmpeg encode for S02E03 - The Arrowhead.mkv with software scale
[2026-09-07 19:59:52] [INFO    ] [av1_migrator:engine] Promoted S02E03 - The Arrowhead [AV1 1080p SDR CQ28].mkv.encoding.mkv to S02E03 - The Arrowhead [AV1 1080p SDR CQ28].mkv
[2026-09-07 19:59:52] [INFO    ] [av1_migrator:engine] Safely deleted original file: Y:\media\TVShows\King of the Hill (1997)\Featurettes\Season 2\Director Intros\S02E03 - The Arrowhead.mkv
[2026-09-07 19:59:52] [INFO    ] [av1_migrator:engine] Successfully migrated S02E03 - The Arrowhead.mkv -> S02E03 - The Arrowhead [AV1 1080p SDR CQ28].mkv (1.41 MB -> 4.06 MB, saved -2.65 MB)
[2026-09-07 19:59:52] [INFO    ] [av1_migrator:encoder] Starting FFmpeg encode for S02E20 - Junkie Business.mkv (CUDA scale: True)
[2026-09-07 19:59:52] [WARNING ] [av1_migrator:encoder] CUDA scaling failed, retrying with software Lanczos scaling fallback...
[2026-09-07 19:59:52] [INFO    ] [av1_migrator:encoder] Retrying FFmpeg encode for S02E20 - Junkie Business.mkv with software scale
[2026-09-07 19:59:53] [INFO    ] [av1_migrator:engine] Promoted S02E20 - Junkie Business [AV1 1080p SDR CQ28].mkv.encoding.mkv to S02E20 - Junkie Business [AV1 1080p SDR CQ28].mkv
[2026-09-07 19:59:53] [INFO    ] [av1_migrator:engine] Safely deleted original file: Y:\media\TVShows\King of the Hill (1997)\Featurettes\Season 2\Director Intros\S02E20 - Junkie Business.mkv
[2026-09-07 19:59:53] [INFO    ] [av1_migrator:engine] Successfully migrated S02E20 - Junkie Business.mkv -> S02E20 - Junkie Business [AV1 1080p SDR CQ28].mkv (1.42 MB -> 6.58 MB, saved -5.16 MB)
[2026-09-07 19:59:53] [INFO    ] [av1_migrator:encoder] Starting FFmpeg encode for Steven Universe - Fusion.mp4 (CUDA scale: True)
[2026-09-07 19:59:54] [WARNING ] [av1_migrator:encoder] CUDA scaling failed, retrying with software Lanczos scaling fallback...
[2026-09-07 19:59:54] [INFO    ] [av1_migrator:encoder] Retrying FFmpeg encode for Steven Universe - Fusion.mp4 with software scale
[2026-09-07 19:59:58] [INFO    ] [av1_migrator:engine] Promoted Steven Universe - Fusion [AV1 1080p SDR CQ28].mkv.encoding.mkv to Steven Universe - Fusion [AV1 1080p SDR CQ28].mkv
[2026-09-07 19:59:58] [INFO    ] [av1_migrator:engine] Safely deleted original file: Y:\media\TVShows\Steven Universe\Xtras\Steven Universe - Fusion.mp4
[2026-09-07 19:59:58] [INFO    ] [av1_migrator:engine] Successfully migrated Steven Universe - Fusion.mp4 -> Steven Universe - Fusion [AV1 1080p SDR CQ28].mkv (1.42 MB -> 9.13 MB, saved -7.71 MB)
[2026-09-07 19:59:58] [INFO    ] [av1_migrator:encoder] Starting FFmpeg encode for 12) Alternate Ending 3 to The Full Monty Part 2.mkv (CUDA scale: True)
[2026-09-07 19:59:58] [WARNING ] [av1_migrator:encoder] CUDA scaling failed, retrying with software Lanczos scaling fallback...
[2026-09-07 19:59:58] [INFO    ] [av1_migrator:encoder] Retrying FFmpeg encode for 12) Alternate Ending 3 to The Full Monty Part 2.mkv with software scale
[2026-09-07 19:59:59] [INFO    ] [av1_migrator:engine] Promoted 12) Alternate Ending 3 to The Full Monty Part 2 [AV1 1080p SDR CQ28].mkv.encoding.mkv to 12) Alternate Ending 3 to The Full Monty Part 2 [AV1 1080p SDR CQ28].mkv
[2026-09-07 19:59:59] [INFO    ] [av1_migrator:engine] Safely deleted original file: Y:\media\TVShows\King of the Hill (1997)\Featurettes\Season 1\Promos\12) Alternate Ending 3 to The Full Monty Part 2.mkv
[2026-09-07 19:59:59] [INFO    ] [av1_migrator:engine] Successfully migrated 12) Alternate Ending 3 to The Full Monty Part 2.mkv -> 12) Alternate Ending 3 to The Full Monty Part 2 [AV1 1080p SDR CQ28].mkv (1.44 MB -> 2.08 MB, saved -656.57 KB)
[2026-09-07 19:59:59] [INFO    ] [av1_migrator:encoder] Starting FFmpeg encode for S02E13 'Hello Mr. Hill' by Chuck Mangione.mkv (CUDA scale: True)
[2026-09-07 20:00:00] [WARNING ] [av1_migrator:encoder] CUDA scaling failed, retrying with software Lanczos scaling fallback...
[2026-09-07 20:00:00] [INFO    ] [av1_migrator:encoder] Retrying FFmpeg encode for S02E13 'Hello Mr. Hill' by Chuck Mangione.mkv with software scale
[2026-09-07 20:00:00] [INFO    ] [av1_migrator:engine] Promoted S02E13 'Hello Mr. Hill' by Chuck Mangione [AV1 1080p SDR CQ28].mkv.encoding.mkv to S02E13 'Hello Mr. Hill' by Chuck Mangione [AV1 1080p SDR CQ28].mkv
[2026-09-07 20:00:00] [INFO    ] [av1_migrator:engine] Safely deleted original file: Y:\media\TVShows\King of the Hill (1997)\Featurettes\Season 2\Music Inspired by the Hills\Original Arrangements\S02E13 'Hello Mr. Hill' by Chuck Mangione.mkv
[2026-09-07 20:00:00] [INFO    ] [av1_migrator:engine] Successfully migrated S02E13 'Hello Mr. Hill' by Chuck Mangione.mkv -> S02E13 'Hello Mr. Hill' by Chuck Mangione [AV1 1080p SDR CQ28].mkv (1.46 MB -> 1.37 MB, saved 94.63 KB)
[2026-09-07 20:00:00] [INFO    ] [av1_migrator:encoder] Starting FFmpeg encode for S02E06 - Husky Bobby.mkv (CUDA scale: True)
[2026-09-07 20:00:01] [WARNING ] [av1_migrator:encoder] CUDA scaling failed, retrying with software Lanczos scaling fallback...
[2026-09-07 20:00:01] [INFO    ] [av1_migrator:encoder] Retrying FFmpeg encode for S02E06 - Husky Bobby.mkv with software scale
[2026-09-07 20:00:02] [INFO    ] [av1_migrator:engine] Promoted S02E06 - Husky Bobby [AV1 1080p SDR CQ28].mkv.encoding.mkv to S02E06 - Husky Bobby [AV1 1080p SDR CQ28].mkv
[2026-09-07 20:00:02] [INFO    ] [av1_migrator:engine] Safely deleted original file: Y:\media\TVShows\King of the Hill (1997)\Featurettes\Season 2\Director Intros\S02E06 - Husky Bobby.mkv
[2026-09-07 20:00:02] [INFO    ] [av1_migrator:engine] Successfully migrated S02E06 - Husky Bobby.mkv -> S02E06 - Husky Bobby [AV1 1080p SDR CQ28].mkv (1.47 MB -> 4.18 MB, saved -2.71 MB)
[2026-09-07 20:00:02] [INFO    ] [av1_migrator:encoder] Starting FFmpeg encode for 10) Alternate Ending 1 to The Full Monty Part 2.mkv (CUDA scale: True)
[2026-09-07 20:00:02] [WARNING ] [av1_migrator:encoder] CUDA scaling failed, retrying with software Lanczos scaling fallback...
[2026-09-07 20:00:02] [INFO    ] [av1_migrator:encoder] Retrying FFmpeg encode for 10) Alternate Ending 1 to The Full Monty Part 2.mkv with software scale
[2026-09-07 20:00:04] [INFO    ] [av1_migrator:engine] Promoted 10) Alternate Ending 1 to The Full Monty Part 2 [AV1 1080p SDR CQ28].mkv.encoding.mkv to 10) Alternate Ending 1 to The Full Monty Part 2 [AV1 1080p SDR CQ28].mkv
[2026-09-07 20:00:04] [INFO    ] [av1_migrator:engine] Safely deleted original file: Y:\media\TVShows\King of the Hill (1997)\Featurettes\Season 1\Promos\10) Alternate Ending 1 to The Full Monty Part 2.mkv
[2026-09-07 20:00:04] [INFO    ] [av1_migrator:engine] Successfully migrated 10) Alternate Ending 1 to The Full Monty Part 2.mkv -> 10) Alternate Ending 1 to The Full Monty Part 2 [AV1 1080p SDR CQ28].mkv (1.51 MB -> 2.13 MB, saved -637.10 KB)
[2026-09-07 20:00:04] [INFO    ] [av1_migrator:encoder] Starting FFmpeg encode for S02E05 - Jumpin' Crack Bass (It's a Gas, Gas, Gas).mkv (CUDA scale: True)
[2026-09-07 20:00:04] [WARNING ] [av1_migrator:encoder] CUDA scaling failed, retrying with software Lanczos scaling fallback...
[2026-09-07 20:00:04] [INFO    ] [av1_migrator:encoder] Retrying FFmpeg encode for S02E05 - Jumpin' Crack Bass (It's a Gas, Gas, Gas).mkv with software scale
[2026-09-07 20:00:05] [INFO    ] [av1_migrator:engine] Promoted S02E05 - Jumpin' Crack Bass (It's a Gas, Gas, Gas) [AV1 1080p SDR CQ28].mkv.encoding.mkv to S02E05 - Jumpin' Crack Bass (It's a Gas, Gas, Gas) [AV1 1080p SDR CQ28].mkv
[2026-09-07 20:00:05] [INFO    ] [av1_migrator:engine] Safely deleted original file: Y:\media\TVShows\King of the Hill (1997)\Featurettes\Season 2\Director Intros\S02E05 - Jumpin' Crack Bass (It's a Gas, Gas, Gas).mkv
[2026-09-07 20:00:05] [INFO    ] [av1_migrator:engine] Successfully migrated S02E05 - Jumpin' Crack Bass (It's a Gas, Gas, Gas).mkv -> S02E05 - Jumpin' Crack Bass (It's a Gas, Gas, Gas) [AV1 1080p SDR CQ28].mkv (1.53 MB -> 5.58 MB, saved -4.06 MB)
[2026-09-07 20:00:05] [INFO    ] [av1_migrator:encoder] Starting FFmpeg encode for Steven Universe - What are Gems.mp4 (CUDA scale: True)
[2026-09-07 20:00:06] [WARNING ] [av1_migrator:encoder] CUDA scaling failed, retrying with software Lanczos scaling fallback...
[2026-09-07 20:00:06] [INFO    ] [av1_migrator:encoder] Retrying FFmpeg encode for Steven Universe - What are Gems.mp4 with software scale
[2026-09-07 20:00:14] [INFO    ] [av1_migrator:engine] Promoted Steven Universe - What are Gems [AV1 1080p SDR CQ28].mkv.encoding.mkv to Steven Universe - What are Gems [AV1 1080p SDR CQ28].mkv
[2026-09-07 20:00:14] [INFO    ] [av1_migrator:engine] Safely deleted original file: Y:\media\TVShows\Steven Universe\Xtras\Steven Universe - What are Gems.mp4
[2026-09-07 20:00:14] [INFO    ] [av1_migrator:engine] Successfully migrated Steven Universe - What are Gems.mp4 -> Steven Universe - What are Gems [AV1 1080p SDR CQ28].mkv (1.54 MB -> 6.13 MB, saved -4.60 MB)
[2026-09-07 20:00:14] [INFO    ] [av1_migrator:encoder] Starting FFmpeg encode for House, M.D. - S02Extra - Alternate Take from 'Sleeping Dogs Lie' - The Valley Girl Version 8.mkv (CUDA scale: True)
[2026-09-07 20:00:14] [WARNING ] [av1_migrator:encoder] CUDA scaling failed, retrying with software Lanczos scaling fallback...
[2026-09-07 20:00:14] [INFO    ] [av1_migrator:encoder] Retrying FFmpeg encode for House, M.D. - S02Extra - Alternate Take from 'Sleeping Dogs Lie' - The Valley Girl Version 8.mkv with software scale
[2026-09-07 20:00:22] [INFO    ] [av1_migrator:engine] Promoted House, M.D. - S02Extra - Alternate Take from 'Sleeping Dogs Lie' - The Valley Girl Version 8 [AV1 1080p SDR CQ28].mkv.encoding.mkv to House, M.D. - S02Extra - Alternate Take from 'Sleeping Dogs Lie' - The Valley Girl Version 8 [AV1 1080p SDR CQ28].mkv
[2026-09-07 20:00:22] [INFO    ] [av1_migrator:engine] Safely deleted original file: Y:\media\TVShows\House MD\Season 2\Extras - Season 2\House, M.D. - S02Extra - Alternate Take from 'Sleeping Dogs Lie' - The Valley Girl Version 8.mkv
[2026-09-07 20:00:22] [INFO    ] [av1_migrator:engine] Successfully migrated House, M.D. - S02Extra - Alternate Take from 'Sleeping Dogs Lie' - The Valley Girl Version 8.mkv -> House, M.D. - S02Extra - Alternate Take from 'Sleeping Dogs Lie' - The Valley Girl Version 8 [AV1 1080p SDR CQ28].mkv (1.56 MB -> 9.60 MB, saved -8.05 MB)
[2026-09-07 20:00:22] [INFO    ] [av1_migrator:encoder] Starting FFmpeg encode for Steven Universe - How Are Gems Made.mp4 (CUDA scale: True)
[2026-09-07 20:00:22] [WARNING ] [av1_migrator:encoder] CUDA scaling failed, retrying with software Lanczos scaling fallback...
[2026-09-07 20:00:22] [INFO    ] [av1_migrator:encoder] Retrying FFmpeg encode for Steven Universe - How Are Gems Made.mp4 with software scale
[2026-09-07 20:00:29] [INFO    ] [av1_migrator:engine] Promoted Steven Universe - How Are Gems Made [AV1 1080p SDR CQ28].mkv.encoding.mkv to Steven Universe - How Are Gems Made [AV1 1080p SDR CQ28].mkv
[2026-09-07 20:00:29] [INFO    ] [av1_migrator:engine] Safely deleted original file: Y:\media\TVShows\Steven Universe\Xtras\Steven Universe - How Are Gems Made.mp4
[2026-09-07 20:00:29] [INFO    ] [av1_migrator:engine] Successfully migrated Steven Universe - How Are Gems Made.mp4 -> Steven Universe - How Are Gems Made [AV1 1080p SDR CQ28].mkv (1.62 MB -> 6.56 MB, saved -4.95 MB)
[2026-09-07 20:00:29] [INFO    ] [av1_migrator:encoder] Starting FFmpeg encode for Glee S02X01 Rocky Horror Glee Show.mp4 (CUDA scale: True)
[2026-09-07 20:00:29] [WARNING ] [av1_migrator:encoder] CUDA scaling failed, retrying with software Lanczos scaling fallback...
[2026-09-07 20:00:29] [INFO    ] [av1_migrator:encoder] Retrying FFmpeg encode for Glee S02X01 Rocky Horror Glee Show.mp4 with software scale
[2026-09-07 20:00:34] [INFO    ] [av1_migrator:engine] Promoted Glee S02X01 Rocky Horror Glee Show [AV1 1080p SDR CQ28].mkv.encoding.mkv to Glee S02X01 Rocky Horror Glee Show [AV1 1080p SDR CQ28].mkv
[2026-09-07 20:00:34] [INFO    ] [av1_migrator:engine] Safely deleted original file: Y:\media\TVShows\Glee\S02\Glee S02X01 Rocky Horror Glee Show.mp4
[2026-09-07 20:00:34] [INFO    ] [av1_migrator:engine] Successfully migrated Glee S02X01 Rocky Horror Glee Show.mp4 -> Glee S02X01 Rocky Horror Glee Show [AV1 1080p SDR CQ28].mkv (1.63 MB -> 8.12 MB, saved -6.49 MB)
[2026-09-07 20:00:34] [INFO    ] [av1_migrator:encoder] Starting FFmpeg encode for 11) Alternate Ending 2 to The Full Monty Part 2.mkv (CUDA scale: True)
[2026-09-07 20:00:34] [WARNING ] [av1_migrator:encoder] CUDA scaling failed, retrying with software Lanczos scaling fallback...
[2026-09-07 20:00:34] [INFO    ] [av1_migrator:encoder] Retrying FFmpeg encode for 11) Alternate Ending 2 to The Full Monty Part 2.mkv with software scale
[2026-09-07 20:00:35] [INFO    ] [av1_migrator:engine] Promoted 11) Alternate Ending 2 to The Full Monty Part 2 [AV1 1080p SDR CQ28].mkv.encoding.mkv to 11) Alternate Ending 2 to The Full Monty Part 2 [AV1 1080p SDR CQ28].mkv
[2026-09-07 20:00:35] [INFO    ] [av1_migrator:engine] Safely deleted original file: Y:\media\TVShows\King of the Hill (1997)\Featurettes\Season 1\Promos\11) Alternate Ending 2 to The Full Monty Part 2.mkv
[2026-09-07 20:00:35] [INFO    ] [av1_migrator:engine] Successfully migrated 11) Alternate Ending 2 to The Full Monty Part 2.mkv -> 11) Alternate Ending 2 to The Full Monty Part 2 [AV1 1080p SDR CQ28].mkv (1.73 MB -> 2.49 MB, saved -782.16 KB)
[2026-09-07 20:00:35] [INFO    ] [av1_migrator:encoder] Starting FFmpeg encode for S02E01 'Contest Montage' by John O'Connor.mkv (CUDA scale: True)
[2026-09-07 20:00:36] [WARNING ] [av1_migrator:encoder] CUDA scaling failed, retrying with software Lanczos scaling fallback...
[2026-09-07 20:00:36] [INFO    ] [av1_migrator:encoder] Retrying FFmpeg encode for S02E01 'Contest Montage' by John O'Connor.mkv with software scale
[2026-09-07 20:00:37] [INFO    ] [av1_migrator:engine] Promoted S02E01 'Contest Montage' by John O'Connor [AV1 1080p SDR CQ28].mkv.encoding.mkv to S02E01 'Contest Montage' by John O'Connor [AV1 1080p SDR CQ28].mkv
[2026-09-07 20:00:37] [INFO    ] [av1_migrator:engine] Safely deleted original file: Y:\media\TVShows\King of the Hill (1997)\Featurettes\Season 2\Music Inspired by the Hills\Original Arrangements\S02E01 'Contest Montage' by John O'Connor.mkv
[2026-09-07 20:00:37] [INFO    ] [av1_migrator:engine] Successfully migrated S02E01 'Contest Montage' by John O'Connor.mkv -> S02E01 'Contest Montage' by John O'Connor [AV1 1080p SDR CQ28].mkv (1.76 MB -> 1.67 MB, saved 93.38 KB)
[2026-09-07 20:00:37] [INFO    ] [av1_migrator:encoder] Starting FFmpeg encode for S02E04 - Hilloween.mkv (CUDA scale: True)
[2026-09-07 20:00:37] [WARNING ] [av1_migrator:encoder] CUDA scaling failed, retrying with software Lanczos scaling fallback...
[2026-09-07 20:00:37] [INFO    ] [av1_migrator:encoder] Retrying FFmpeg encode for S02E04 - Hilloween.mkv with software scale
[2026-09-07 20:00:39] [INFO    ] [av1_migrator:engine] Promoted S02E04 - Hilloween [AV1 1080p SDR CQ28].mkv.encoding.mkv to S02E04 - Hilloween [AV1 1080p SDR CQ28].mkv
[2026-09-07 20:00:39] [INFO    ] [av1_migrator:engine] Safely deleted original file: Y:\media\TVShows\King of the Hill (1997)\Featurettes\Season 2\Director Intros\S02E04 - Hilloween.mkv
[2026-09-07 20:00:39] [INFO    ] [av1_migrator:engine] Successfully migrated S02E04 - Hilloween.mkv -> S02E04 - Hilloween [AV1 1080p SDR CQ28].mkv (1.78 MB -> 9.23 MB, saved -7.45 MB)
[2026-09-07 20:00:39] [INFO    ] [av1_migrator:encoder] Starting FFmpeg encode for Scenes03.mkv (CUDA scale: True)
[2026-09-07 20:00:39] [WARNING ] [av1_migrator:encoder] CUDA scaling failed, retrying with software Lanczos scaling fallback...
[2026-09-07 20:00:39] [INFO    ] [av1_migrator:encoder] Retrying FFmpeg encode for Scenes03.mkv with software scale
[2026-09-07 20:00:47] [INFO    ] [av1_migrator:engine] Promoted Scenes03 [AV1 1080p SDR CQ28].mkv.encoding.mkv to Scenes03 [AV1 1080p SDR CQ28].mkv
[2026-09-07 20:00:47] [INFO    ] [av1_migrator:engine] Safely deleted original file: Y:\media\TVShows\Breaking Bad (2008)\Featurettes\Season 4\Deleted Scenes\Scenes03.mkv
[2026-09-07 20:00:47] [INFO    ] [av1_migrator:engine] Successfully migrated Scenes03.mkv -> Scenes03 [AV1 1080p SDR CQ28].mkv (1.78 MB -> 8.03 MB, saved -6.25 MB)
[2026-09-07 20:00:47] [INFO    ] [av1_migrator:encoder] Starting FFmpeg encode for S02E11 - The Unbearable Blindess of Laying.mkv (CUDA scale: True)
[2026-09-07 20:00:48] [WARNING ] [av1_migrator:encoder] CUDA scaling failed, retrying with software Lanczos scaling fallback...
[2026-09-07 20:00:48] [INFO    ] [av1_migrator:encoder] Retrying FFmpeg encode for S02E11 - The Unbearable Blindess of Laying.mkv with software scale
[2026-09-07 20:00:50] [INFO    ] [av1_migrator:engine] Promoted S02E11 - The Unbearable Blindess of Laying [AV1 1080p SDR CQ28].mkv.encoding.mkv to S02E11 - The Unbearable Blindess of Laying [AV1 1080p SDR CQ28].mkv
[2026-09-07 20:00:50] [INFO    ] [av1_migrator:engine] Safely deleted original file: Y:\media\TVShows\King of the Hill (1997)\Featurettes\Season 2\Director Intros\S02E11 - The Unbearable Blindess of Laying.mkv
[2026-09-07 20:00:50] [INFO    ] [av1_migrator:engine] Successfully migrated S02E11 - The Unbearable Blindess of Laying.mkv -> S02E11 - The Unbearable Blindess of Laying [AV1 1080p SDR CQ28].mkv (1.78 MB -> 8.19 MB, saved -6.41 MB)
[2026-09-07 20:00:50] [INFO    ] [av1_migrator:encoder] Starting FFmpeg encode for S02E21 - Life in the Fast Lane, Bobby's Saga.mkv (CUDA scale: True)
[2026-09-07 20:00:50] [WARNING ] [av1_migrator:encoder] CUDA scaling failed, retrying with software Lanczos scaling fallback...
[2026-09-07 20:00:50] [INFO    ] [av1_migrator:encoder] Retrying FFmpeg encode for S02E21 - Life in the Fast Lane, Bobby's Saga.mkv with software scale
[2026-09-07 20:00:52] [INFO    ] [av1_migrator:engine] Promoted S02E21 - Life in the Fast Lane, Bobby's Saga [AV1 1080p SDR CQ28].mkv.encoding.mkv to S02E21 - Life in the Fast Lane, Bobby's Saga [AV1 1080p SDR CQ28].mkv
[2026-09-07 20:00:52] [INFO    ] [av1_migrator:engine] Safely deleted original file: Y:\media\TVShows\King of the Hill (1997)\Featurettes\Season 2\Director Intros\S02E21 - Life in the Fast Lane, Bobby's Saga.mkv
[2026-09-07 20:00:52] [INFO    ] [av1_migrator:engine] Successfully migrated S02E21 - Life in the Fast Lane, Bobby's Saga.mkv -> S02E21 - Life in the Fast Lane, Bobby's Saga [AV1 1080p SDR CQ28].mkv (1.78 MB -> 6.51 MB, saved -4.73 MB)
[2026-09-07 20:00:52] [INFO    ] [av1_migrator:encoder] Starting FFmpeg encode for S02E07 'War Games 2' by Roger Neill.mkv (CUDA scale: True)
[2026-09-07 20:00:52] [WARNING ] [av1_migrator:encoder] CUDA scaling failed, retrying with software Lanczos scaling fallback...
[2026-09-07 20:00:52] [INFO    ] [av1_migrator:encoder] Retrying FFmpeg encode for S02E07 'War Games 2' by Roger Neill.mkv with software scale
[2026-09-07 20:00:53] [INFO    ] [av1_migrator:engine] Promoted S02E07 'War Games 2' by Roger Neill [AV1 1080p SDR CQ28].mkv.encoding.mkv to S02E07 'War Games 2' by Roger Neill [AV1 1080p SDR CQ28].mkv
[2026-09-07 20:00:53] [INFO    ] [av1_migrator:engine] Safely deleted original file: Y:\media\TVShows\King of the Hill (1997)\Featurettes\Season 2\Music Inspired by the Hills\Original Arrangements\S02E07 'War Games 2' by Roger Neill.mkv
[2026-09-07 20:00:53] [INFO    ] [av1_migrator:engine] Successfully migrated S02E07 'War Games 2' by Roger Neill.mkv -> S02E07 'War Games 2' by Roger Neill [AV1 1080p SDR CQ28].mkv (1.83 MB -> 1.73 MB, saved 92.98 KB)
[2026-09-07 20:00:53] [INFO    ] [av1_migrator:encoder] Starting FFmpeg encode for Rabies - The More You Know.mkv (CUDA scale: True)
[2026-09-07 20:00:53] [WARNING ] [av1_migrator:encoder] CUDA scaling failed, retrying with software Lanczos scaling fallback...
[2026-09-07 20:00:53] [INFO    ] [av1_migrator:encoder] Retrying FFmpeg encode for Rabies - The More You Know.mkv with software scale
[2026-09-07 20:00:56] [INFO    ] [av1_migrator:engine] Promoted Rabies - The More You Know [AV1 1080p SDR CQ28].mkv.encoding.mkv to Rabies - The More You Know [AV1 1080p SDR CQ28].mkv
[2026-09-07 20:00:56] [INFO    ] [av1_migrator:engine] Safely deleted original file: Y:\media\TVShows\The Office (US) (2005)\Featurettes\Featurettes\Season 4\Rabies - The More You Know.mkv
[2026-09-07 20:00:56] [INFO    ] [av1_migrator:engine] Successfully migrated Rabies - The More You Know.mkv -> Rabies - The More You Know [AV1 1080p SDR CQ28].mkv (1.84 MB -> 2.29 MB, saved -461.82 KB)
[2026-09-07 20:00:56] [INFO    ] [av1_migrator:encoder] Starting FFmpeg encode for S02E17 - Hank's Dirty Laundry.mkv (CUDA scale: True)
[2026-09-07 20:00:56] [WARNING ] [av1_migrator:encoder] CUDA scaling failed, retrying with software Lanczos scaling fallback...
[2026-09-07 20:00:56] [INFO    ] [av1_migrator:encoder] Retrying FFmpeg encode for S02E17 - Hank's Dirty Laundry.mkv with software scale
[2026-09-07 20:00:58] [INFO    ] [av1_migrator:engine] Promoted S02E17 - Hank's Dirty Laundry [AV1 1080p SDR CQ28].mkv.encoding.mkv to S02E17 - Hank's Dirty Laundry [AV1 1080p SDR CQ28].mkv
[2026-09-07 20:00:58] [INFO    ] [av1_migrator:engine] Safely deleted original file: Y:\media\TVShows\King of the Hill (1997)\Featurettes\Season 2\Director Intros\S02E17 - Hank's Dirty Laundry.mkv
[2026-09-07 20:00:58] [INFO    ] [av1_migrator:engine] Successfully migrated S02E17 - Hank's Dirty Laundry.mkv -> S02E17 - Hank's Dirty Laundry [AV1 1080p SDR CQ28].mkv (1.85 MB -> 5.73 MB, saved -3.88 MB)
[2026-09-07 20:00:58] [INFO    ] [av1_migrator:encoder] Starting FFmpeg encode for S02E14 - I Remember Mono.mkv (CUDA scale: True)
[2026-09-07 20:00:58] [WARNING ] [av1_migrator:encoder] CUDA scaling failed, retrying with software Lanczos scaling fallback...
[2026-09-07 20:00:58] [INFO    ] [av1_migrator:encoder] Retrying FFmpeg encode for S02E14 - I Remember Mono.mkv with software scale
[2026-09-07 20:01:00] [INFO    ] [av1_migrator:engine] Promoted S02E14 - I Remember Mono [AV1 1080p SDR CQ28].mkv.encoding.mkv to S02E14 - I Remember Mono [AV1 1080p SDR CQ28].mkv
[2026-09-07 20:01:00] [INFO    ] [av1_migrator:engine] Safely deleted original file: Y:\media\TVShows\King of the Hill (1997)\Featurettes\Season 2\Director Intros\S02E14 - I Remember Mono.mkv
[2026-09-07 20:01:00] [INFO    ] [av1_migrator:engine] Successfully migrated S02E14 - I Remember Mono.mkv -> S02E14 - I Remember Mono [AV1 1080p SDR CQ28].mkv (1.85 MB -> 12.79 MB, saved -10.94 MB)
[2026-09-07 20:01:00] [INFO    ] [av1_migrator:encoder] Starting FFmpeg encode for House, M.D. - S02Extra - Alternate Take from 'Daddy's Boy' - The Valley Girl Version 7.mkv (CUDA scale: True)
[2026-09-07 20:01:00] [WARNING ] [av1_migrator:encoder] CUDA scaling failed, retrying with software Lanczos scaling fallback...
[2026-09-07 20:01:00] [INFO    ] [av1_migrator:encoder] Retrying FFmpeg encode for House, M.D. - S02Extra - Alternate Take from 'Daddy's Boy' - The Valley Girl Version 7.mkv with software scale
[2026-09-07 20:01:06] [INFO    ] [av1_migrator:engine] Promoted House, M.D. - S02Extra - Alternate Take from 'Daddy's Boy' - The Valley Girl Version 7 [AV1 1080p SDR CQ28].mkv.encoding.mkv to House, M.D. - S02Extra - Alternate Take from 'Daddy's Boy' - The Valley Girl Version 7 [AV1 1080p SDR CQ28].mkv
[2026-09-07 20:01:06] [INFO    ] [av1_migrator:engine] Safely deleted original file: Y:\media\TVShows\House MD\Season 2\Extras - Season 2\House, M.D. - S02Extra - Alternate Take from 'Daddy's Boy' - The Valley Girl Version 7.mkv
[2026-09-07 20:01:06] [INFO    ] [av1_migrator:engine] Successfully migrated House, M.D. - S02Extra - Alternate Take from 'Daddy's Boy' - The Valley Girl Version 7.mkv -> House, M.D. - S02Extra - Alternate Take from 'Daddy's Boy' - The Valley Girl Version 7 [AV1 1080p SDR CQ28].mkv (1.85 MB -> 16.87 MB, saved -15.01 MB)
[2026-09-07 20:01:06] [INFO    ] [av1_migrator:encoder] Starting FFmpeg encode for Scenes04.mkv (CUDA scale: True)
[2026-09-07 20:01:07] [WARNING ] [av1_migrator:encoder] CUDA scaling failed, retrying with software Lanczos scaling fallback...
[2026-09-07 20:01:07] [INFO    ] [av1_migrator:encoder] Retrying FFmpeg encode for Scenes04.mkv with software scale
[2026-09-07 20:01:15] [INFO    ] [av1_migrator:engine] Promoted Scenes04 [AV1 1080p SDR CQ28].mkv.encoding.mkv to Scenes04 [AV1 1080p SDR CQ28].mkv
[2026-09-07 20:01:15] [INFO    ] [av1_migrator:engine] Safely deleted original file: Y:\media\TVShows\Breaking Bad (2008)\Featurettes\Season 4\Deleted Scenes\Scenes04.mkv
[2026-09-07 20:01:15] [INFO    ] [av1_migrator:engine] Successfully migrated Scenes04.mkv -> Scenes04 [AV1 1080p SDR CQ28].mkv (1.95 MB -> 9.07 MB, saved -7.12 MB)
[2026-09-07 20:01:15] [INFO    ] [av1_migrator:encoder] Starting FFmpeg encode for House, M.D. - S01Extra - Casting Session with Hugh Laurie 1.mkv (CUDA scale: True)
[2026-09-07 20:01:15] [WARNING ] [av1_migrator:encoder] CUDA scaling failed, retrying with software Lanczos scaling fallback...
[2026-09-07 20:01:15] [INFO    ] [av1_migrator:encoder] Retrying FFmpeg encode for House, M.D. - S01Extra - Casting Session with Hugh Laurie 1.mkv with software scale
[2026-09-07 20:01:23] [INFO    ] [av1_migrator:engine] Promoted House, M.D. - S01Extra - Casting Session with Hugh Laurie 1 [AV1 1080p SDR CQ28].mkv.encoding.mkv to House, M.D. - S01Extra - Casting Session with Hugh Laurie 1 [AV1 1080p SDR CQ28].mkv
[2026-09-07 20:01:23] [INFO    ] [av1_migrator:engine] Safely deleted original file: Y:\media\TVShows\House MD\Season 2\Extras - Season 1\House, M.D. - S01Extra - Casting Session with Hugh Laurie 1.mkv
[2026-09-07 20:01:23] [INFO    ] [av1_migrator:engine] Successfully migrated House, M.D. - S01Extra - Casting Session with Hugh Laurie 1.mkv -> House, M.D. - S01Extra - Casting Session with Hugh Laurie 1 [AV1 1080p SDR CQ28].mkv (1.98 MB -> 12.28 MB, saved -10.29 MB)
[2026-09-07 20:01:23] [INFO    ] [av1_migrator:encoder] Starting FFmpeg encode for S02E15 - Three Days of the Kahndo.mkv (CUDA scale: True)
[2026-09-07 20:01:23] [WARNING ] [av1_migrator:encoder] CUDA scaling failed, retrying with software Lanczos scaling fallback...
[2026-09-07 20:01:23] [INFO    ] [av1_migrator:encoder] Retrying FFmpeg encode for S02E15 - Three Days of the Kahndo.mkv with software scale
[2026-09-07 20:01:26] [INFO    ] [av1_migrator:engine] Promoted S02E15 - Three Days of the Kahndo [AV1 1080p SDR CQ28].mkv.encoding.mkv to S02E15 - Three Days of the Kahndo [AV1 1080p SDR CQ28].mkv
[2026-09-07 20:01:26] [INFO    ] [av1_migrator:engine] Safely deleted original file: Y:\media\TVShows\King of the Hill (1997)\Featurettes\Season 2\Director Intros\S02E15 - Three Days of the Kahndo.mkv
[2026-09-07 20:01:26] [INFO    ] [av1_migrator:engine] Successfully migrated S02E15 - Three Days of the Kahndo.mkv -> S02E15 - Three Days of the Kahndo [AV1 1080p SDR CQ28].mkv (1.99 MB -> 15.57 MB, saved -13.59 MB)
[2026-09-07 20:01:26] [INFO    ] [av1_migrator:encoder] Starting FFmpeg encode for scenes2.mkv (CUDA scale: True)
[2026-09-07 20:01:26] [WARNING ] [av1_migrator:encoder] CUDA scaling failed, retrying with software Lanczos scaling fallback...
[2026-09-07 20:01:26] [INFO    ] [av1_migrator:encoder] Retrying FFmpeg encode for scenes2.mkv with software scale
[2026-09-07 20:01:34] [INFO    ] [av1_migrator:engine] Promoted scenes2 [AV1 1080p SDR CQ28].mkv.encoding.mkv to scenes2 [AV1 1080p SDR CQ28].mkv
[2026-09-07 20:01:34] [INFO    ] [av1_migrator:engine] Safely deleted original file: Y:\media\TVShows\Breaking Bad (2008)\Featurettes\Season 2\Deleted Scenes\scenes2.mkv
[2026-09-07 20:01:34] [INFO    ] [av1_migrator:engine] Successfully migrated scenes2.mkv -> scenes2 [AV1 1080p SDR CQ28].mkv (2.06 MB -> 7.77 MB, saved -5.71 MB)
[2026-09-07 20:01:35] [INFO    ] [av1_migrator:encoder] Starting FFmpeg encode for Steven Universe - Lion Loves to Fit in a Box.mp4 (CUDA scale: True)
[2026-09-07 20:01:35] [WARNING ] [av1_migrator:encoder] CUDA scaling failed, retrying with software Lanczos scaling fallback...
[2026-09-07 20:01:35] [INFO    ] [av1_migrator:encoder] Retrying FFmpeg encode for Steven Universe - Lion Loves to Fit in a Box.mp4 with software scale
[2026-09-07 20:01:39] [INFO    ] [av1_migrator:engine] Promoted Steven Universe - Lion Loves to Fit in a Box [AV1 1080p SDR CQ28].mkv.encoding.mkv to Steven Universe - Lion Loves to Fit in a Box [AV1 1080p SDR CQ28].mkv
[2026-09-07 20:01:39] [INFO    ] [av1_migrator:engine] Safely deleted original file: Y:\media\TVShows\Steven Universe\Xtras\Steven Universe - Lion Loves to Fit in a Box.mp4
[2026-09-07 20:01:39] [INFO    ] [av1_migrator:engine] Successfully migrated Steven Universe - Lion Loves to Fit in a Box.mp4 -> Steven Universe - Lion Loves to Fit in a Box [AV1 1080p SDR CQ28].mkv (2.06 MB -> 18.86 MB, saved -16.80 MB)
[2026-09-07 20:01:39] [INFO    ] [av1_migrator:encoder] Starting FFmpeg encode for Scenes01.mkv (CUDA scale: True)
[2026-09-07 20:01:39] [WARNING ] [av1_migrator:encoder] CUDA scaling failed, retrying with software Lanczos scaling fallback...
[2026-09-07 20:01:39] [INFO    ] [av1_migrator:encoder] Retrying FFmpeg encode for Scenes01.mkv with software scale
[2026-09-07 20:01:45] [INFO    ] [av1_migrator:engine] Promoted Scenes01 [AV1 1080p SDR CQ28].mkv.encoding.mkv to Scenes01 [AV1 1080p SDR CQ28].mkv
[2026-09-07 20:01:45] [INFO    ] [av1_migrator:engine] Safely deleted original file: Y:\media\TVShows\Breaking Bad (2008)\Featurettes\Season 4\Deleted Scenes\Scenes01.mkv
[2026-09-07 20:01:45] [INFO    ] [av1_migrator:engine] Successfully migrated Scenes01.mkv -> Scenes01 [AV1 1080p SDR CQ28].mkv (2.08 MB -> 11.95 MB, saved -9.87 MB)
[2026-09-07 20:01:45] [INFO    ] [av1_migrator:encoder] Starting FFmpeg encode for Trailer.mkv (CUDA scale: True)
[2026-09-07 20:01:45] [WARNING ] [av1_migrator:encoder] CUDA scaling failed, retrying with software Lanczos scaling fallback...
[2026-09-07 20:01:45] [INFO    ] [av1_migrator:encoder] Retrying FFmpeg encode for Trailer.mkv with software scale
[2026-09-07 20:01:48] [INFO    ] [av1_migrator:engine] Promoted Trailer [AV1 1080p SDR CQ28].mkv.encoding.mkv to Trailer [AV1 1080p SDR CQ28].mkv
[2026-09-07 20:01:48] [INFO    ] [av1_migrator:engine] Safely deleted original file: Y:\media\TVShows\The Office (US) (2005)\Featurettes\Webisodes\7. The 3rd Floor\Extras\Trailer.mkv
[2026-09-07 20:01:48] [INFO    ] [av1_migrator:engine] Successfully migrated Trailer.mkv -> Trailer [AV1 1080p SDR CQ28].mkv (2.19 MB -> 9.10 MB, saved -6.91 MB)
[2026-09-07 20:01:48] [INFO    ] [av1_migrator:encoder] Starting FFmpeg encode for Steven Universe - Steven's Song Time.mp4 (CUDA scale: True)
[2026-09-07 20:01:48] [WARNING ] [av1_migrator:encoder] CUDA scaling failed, retrying with software Lanczos scaling fallback...
[2026-09-07 20:01:49] [INFO    ] [av1_migrator:encoder] Retrying FFmpeg encode for Steven Universe - Steven's Song Time.mp4 with software scale
[2026-09-07 20:01:56] [INFO    ] [av1_migrator:engine] Promoted Steven Universe - Steven's Song Time [AV1 1080p SDR CQ28].mkv.encoding.mkv to Steven Universe - Steven's Song Time [AV1 1080p SDR CQ28].mkv
[2026-09-07 20:01:56] [INFO    ] [av1_migrator:engine] Safely deleted original file: Y:\media\TVShows\Steven Universe\Xtras\Steven Universe - Steven's Song Time.mp4
[2026-09-07 20:01:56] [INFO    ] [av1_migrator:engine] Successfully migrated Steven Universe - Steven's Song Time.mp4 -> Steven Universe - Steven's Song Time [AV1 1080p SDR CQ28].mkv (2.22 MB -> 11.00 MB, saved -8.78 MB)
[2026-09-07 20:01:56] [INFO    ] [av1_migrator:encoder] Starting FFmpeg encode for House, M.D. - S02Extra - It Could be Lupus 11.mkv (CUDA scale: True)
[2026-09-07 20:01:56] [WARNING ] [av1_migrator:encoder] CUDA scaling failed, retrying with software Lanczos scaling fallback...
[2026-09-07 20:01:56] [INFO    ] [av1_migrator:encoder] Retrying FFmpeg encode for House, M.D. - S02Extra - It Could be Lupus 11.mkv with software scale
[2026-09-07 20:02:04] [INFO    ] [av1_migrator:engine] Promoted House, M.D. - S02Extra - It Could be Lupus 11 [AV1 1080p SDR CQ28].mkv.encoding.mkv to House, M.D. - S02Extra - It Could be Lupus 11 [AV1 1080p SDR CQ28].mkv
[2026-09-07 20:02:04] [INFO    ] [av1_migrator:engine] Safely deleted original file: Y:\media\TVShows\House MD\Season 2\Extras - Season 2\House, M.D. - S02Extra - It Could be Lupus 11.mkv
[2026-09-07 20:02:04] [INFO    ] [av1_migrator:engine] Successfully migrated House, M.D. - S02Extra - It Could be Lupus 11.mkv -> House, M.D. - S02Extra - It Could be Lupus 11 [AV1 1080p SDR CQ28].mkv (2.22 MB -> 18.03 MB, saved -15.80 MB)
[2026-09-07 20:02:04] [INFO    ] [av1_migrator:encoder] Starting FFmpeg encode for S02E12 - Meet the Manger Babies.mkv (CUDA scale: True)
[2026-09-07 20:02:04] [WARNING ] [av1_migrator:encoder] CUDA scaling failed, retrying with software Lanczos scaling fallback...
[2026-09-07 20:02:04] [INFO    ] [av1_migrator:encoder] Retrying FFmpeg encode for S02E12 - Meet the Manger Babies.mkv with software scale
[2026-09-07 20:02:06] [INFO    ] [av1_migrator:engine] Promoted S02E12 - Meet the Manger Babies [AV1 1080p SDR CQ28].mkv.encoding.mkv to S02E12 - Meet the Manger Babies [AV1 1080p SDR CQ28].mkv
[2026-09-07 20:02:06] [INFO    ] [av1_migrator:engine] Safely deleted original file: Y:\media\TVShows\King of the Hill (1997)\Featurettes\Season 2\Director Intros\S02E12 - Meet the Manger Babies.mkv
[2026-09-07 20:02:06] [INFO    ] [av1_migrator:engine] Successfully migrated S02E12 - Meet the Manger Babies.mkv -> S02E12 - Meet the Manger Babies [AV1 1080p SDR CQ28].mkv (2.24 MB -> 8.18 MB, saved -5.94 MB)
[2026-09-07 20:02:06] [INFO    ] [av1_migrator:encoder] Starting FFmpeg encode for scenes4.mkv (CUDA scale: True)
[2026-09-07 20:02:06] [WARNING ] [av1_migrator:encoder] CUDA scaling failed, retrying with software Lanczos scaling fallback...
[2026-09-07 20:02:06] [INFO    ] [av1_migrator:encoder] Retrying FFmpeg encode for scenes4.mkv with software scale
[2026-09-07 20:02:13] [INFO    ] [av1_migrator:engine] Promoted scenes4 [AV1 1080p SDR CQ28].mkv.encoding.mkv to scenes4 [AV1 1080p SDR CQ28].mkv
[2026-09-07 20:02:13] [INFO    ] [av1_migrator:engine] Safely deleted original file: Y:\media\TVShows\Breaking Bad (2008)\Featurettes\Season 2\Deleted Scenes\scenes4.mkv
[2026-09-07 20:02:13] [INFO    ] [av1_migrator:engine] Successfully migrated scenes4.mkv -> scenes4 [AV1 1080p SDR CQ28].mkv (2.28 MB -> 9.59 MB, saved -7.30 MB)
[2026-09-07 20:02:13] [INFO    ] [av1_migrator:encoder] Starting FFmpeg encode for S01E08 - Shins of the Father.mkv (CUDA scale: True)
[2026-09-07 20:02:13] [WARNING ] [av1_migrator:encoder] CUDA scaling failed, retrying with software Lanczos scaling fallback...
[2026-09-07 20:02:13] [INFO    ] [av1_migrator:encoder] Retrying FFmpeg encode for S01E08 - Shins of the Father.mkv with software scale
[2026-09-07 20:02:14] [INFO    ] [av1_migrator:engine] Promoted S01E08 - Shins of the Father [AV1 1080p SDR CQ28].mkv.encoding.mkv to S01E08 - Shins of the Father [AV1 1080p SDR CQ28].mkv
[2026-09-07 20:02:14] [INFO    ] [av1_migrator:engine] Safely deleted original file: Y:\media\TVShows\King of the Hill (1997)\Featurettes\Season 1\Deleted and Extended Scenes\S01E08 - Shins of the Father.mkv
[2026-09-07 20:02:14] [INFO    ] [av1_migrator:engine] Successfully migrated S01E08 - Shins of the Father.mkv -> S01E08 - Shins of the Father [AV1 1080p SDR CQ28].mkv (2.30 MB -> 7.00 MB, saved -4.69 MB)
[2026-09-07 20:02:14] [INFO    ] [av1_migrator:encoder] Starting FFmpeg encode for Bob Dole.mkv (CUDA scale: True)
[2026-09-07 20:02:15] [WARNING ] [av1_migrator:encoder] CUDA scaling failed, retrying with software Lanczos scaling fallback...
[2026-09-07 20:02:15] [INFO    ] [av1_migrator:encoder] Retrying FFmpeg encode for Bob Dole.mkv with software scale
[2026-09-07 20:02:16] [INFO    ] [av1_migrator:engine] Promoted Bob Dole [AV1 1080p SDR CQ28].mkv.encoding.mkv to Bob Dole [AV1 1080p SDR CQ28].mkv
[2026-09-07 20:02:16] [INFO    ] [av1_migrator:engine] Safely deleted original file: Y:\media\TVShows\King of the Hill (1997)\Featurettes\Season 1\Dale's Favorite Conspiracies\Bob Dole.mkv
[2026-09-07 20:02:16] [INFO    ] [av1_migrator:engine] Successfully migrated Bob Dole.mkv -> Bob Dole [AV1 1080p SDR CQ28].mkv (2.30 MB -> 5.57 MB, saved -3.26 MB)
[2026-09-07 20:02:16] [INFO    ] [av1_migrator:encoder] Starting FFmpeg encode for scenes6.mkv (CUDA scale: True)
[2026-09-07 20:02:16] [WARNING ] [av1_migrator:encoder] CUDA scaling failed, retrying with software Lanczos scaling fallback...
[2026-09-07 20:02:16] [INFO    ] [av1_migrator:encoder] Retrying FFmpeg encode for scenes6.mkv with software scale
[2026-09-07 20:02:23] [INFO    ] [av1_migrator:engine] Promoted scenes6 [AV1 1080p SDR CQ28].mkv.encoding.mkv to scenes6 [AV1 1080p SDR CQ28].mkv
[2026-09-07 20:02:23] [INFO    ] [av1_migrator:engine] Safely deleted original file: Y:\media\TVShows\Breaking Bad (2008)\Featurettes\Season 2\Deleted Scenes\scenes6.mkv
[2026-09-07 20:02:23] [INFO    ] [av1_migrator:engine] Successfully migrated scenes6.mkv -> scenes6 [AV1 1080p SDR CQ28].mkv (2.41 MB -> 10.67 MB, saved -8.26 MB)
[2026-09-07 20:02:23] [INFO    ] [av1_migrator:encoder] Starting FFmpeg encode for Creed's Anti-China Rant.mkv (CUDA scale: True)
[2026-09-07 20:02:23] [WARNING ] [av1_migrator:encoder] CUDA scaling failed, retrying with software Lanczos scaling fallback...
[2026-09-07 20:02:23] [INFO    ] [av1_migrator:encoder] Retrying FFmpeg encode for Creed's Anti-China Rant.mkv with software scale
[2026-09-07 20:02:25] [INFO    ] [av1_migrator:engine] Promoted Creed's Anti-China Rant [AV1 1080p SDR CQ28].mkv.encoding.mkv to Creed's Anti-China Rant [AV1 1080p SDR CQ28].mkv
[2026-09-07 20:02:25] [INFO    ] [av1_migrator:engine] Safely deleted original file: Y:\media\TVShows\The Office (US) (2005)\Featurettes\Webisodes\4. Blackmail\Extras\Creed's Anti-China Rant.mkv
[2026-09-07 20:02:25] [INFO    ] [av1_migrator:engine] Successfully migrated Creed's Anti-China Rant.mkv -> Creed's Anti-China Rant [AV1 1080p SDR CQ28].mkv (2.52 MB -> 12.61 MB, saved -10.09 MB)
[2026-09-07 20:02:26] [INFO    ] [av1_migrator:encoder] Starting FFmpeg encode for S02E07 - The Man Who Shot Cane Skretteburg.mkv (CUDA scale: True)
[2026-09-07 20:02:26] [WARNING ] [av1_migrator:encoder] CUDA scaling failed, retrying with software Lanczos scaling fallback...
[2026-09-07 20:02:26] [INFO    ] [av1_migrator:encoder] Retrying FFmpeg encode for S02E07 - The Man Who Shot Cane Skretteburg.mkv with software scale
[2026-09-07 20:02:28] [INFO    ] [av1_migrator:engine] Promoted S02E07 - The Man Who Shot Cane Skretteburg [AV1 1080p SDR CQ28].mkv.encoding.mkv to S02E07 - The Man Who Shot Cane Skretteburg [AV1 1080p SDR CQ28].mkv
[2026-09-07 20:02:28] [INFO    ] [av1_migrator:engine] Safely deleted original file: Y:\media\TVShows\King of the Hill (1997)\Featurettes\Season 2\Director Intros\S02E07 - The Man Who Shot Cane Skretteburg.mkv
[2026-09-07 20:02:28] [INFO    ] [av1_migrator:engine] Successfully migrated S02E07 - The Man Who Shot Cane Skretteburg.mkv -> S02E07 - The Man Who Shot Cane Skretteburg [AV1 1080p SDR CQ28].mkv (2.59 MB -> 8.27 MB, saved -5.67 MB)
[2026-09-07 20:02:28] [INFO    ] [av1_migrator:encoder] Starting FFmpeg encode for Stonehenge.mkv (CUDA scale: True)
[2026-09-07 20:02:28] [WARNING ] [av1_migrator:encoder] CUDA scaling failed, retrying with software Lanczos scaling fallback...
[2026-09-07 20:02:28] [INFO    ] [av1_migrator:encoder] Retrying FFmpeg encode for Stonehenge.mkv with software scale
[2026-09-07 20:02:30] [INFO    ] [av1_migrator:engine] Promoted Stonehenge [AV1 1080p SDR CQ28].mkv.encoding.mkv to Stonehenge [AV1 1080p SDR CQ28].mkv
[2026-09-07 20:02:30] [INFO    ] [av1_migrator:engine] Safely deleted original file: Y:\media\TVShows\King of the Hill (1997)\Featurettes\Season 1\Dale's Favorite Conspiracies\Stonehenge.mkv
[2026-09-07 20:02:30] [INFO    ] [av1_migrator:engine] Successfully migrated Stonehenge.mkv -> Stonehenge [AV1 1080p SDR CQ28].mkv (2.66 MB -> 7.20 MB, saved -4.54 MB)
[2026-09-07 20:02:30] [INFO    ] [av1_migrator:encoder] Starting FFmpeg encode for Steven Universe - Cooking With Lion.mp4 (CUDA scale: True)
[2026-09-07 20:02:30] [WARNING ] [av1_migrator:encoder] CUDA scaling failed, retrying with software Lanczos scaling fallback...
[2026-09-07 20:02:30] [INFO    ] [av1_migrator:encoder] Retrying FFmpeg encode for Steven Universe - Cooking With Lion.mp4 with software scale
[2026-09-07 20:02:39] [INFO    ] [av1_migrator:engine] Promoted Steven Universe - Cooking With Lion [AV1 1080p SDR CQ28].mkv.encoding.mkv to Steven Universe - Cooking With Lion [AV1 1080p SDR CQ28].mkv
[2026-09-07 20:02:39] [INFO    ] [av1_migrator:engine] Safely deleted original file: Y:\media\TVShows\Steven Universe\Xtras\Steven Universe - Cooking With Lion.mp4
[2026-09-07 20:02:39] [INFO    ] [av1_migrator:engine] Successfully migrated Steven Universe - Cooking With Lion.mp4 -> Steven Universe - Cooking With Lion [AV1 1080p SDR CQ28].mkv (2.75 MB -> 14.73 MB, saved -11.99 MB)
[2026-09-07 20:02:39] [INFO    ] [av1_migrator:encoder] Starting FFmpeg encode for S02E16 - Traffic Jam.mkv (CUDA scale: True)
[2026-09-07 20:02:39] [WARNING ] [av1_migrator:encoder] CUDA scaling failed, retrying with software Lanczos scaling fallback...
[2026-09-07 20:02:39] [INFO    ] [av1_migrator:encoder] Retrying FFmpeg encode for S02E16 - Traffic Jam.mkv with software scale
[2026-09-07 20:02:41] [INFO    ] [av1_migrator:engine] Promoted S02E16 - Traffic Jam [AV1 1080p SDR CQ28].mkv.encoding.mkv to S02E16 - Traffic Jam [AV1 1080p SDR CQ28].mkv
[2026-09-07 20:02:42] [INFO    ] [av1_migrator:engine] Safely deleted original file: Y:\media\TVShows\King of the Hill (1997)\Featurettes\Season 2\Director Intros\S02E16 - Traffic Jam.mkv
[2026-09-07 20:02:42] [INFO    ] [av1_migrator:engine] Successfully migrated S02E16 - Traffic Jam.mkv -> S02E16 - Traffic Jam [AV1 1080p SDR CQ28].mkv (2.78 MB -> 12.13 MB, saved -9.35 MB)
[2026-09-07 20:02:42] [INFO    ] [av1_migrator:encoder] Starting FFmpeg encode for Sex Ed.mkv (CUDA scale: True)
[2026-09-07 20:02:42] [WARNING ] [av1_migrator:encoder] CUDA scaling failed, retrying with software Lanczos scaling fallback...
[2026-09-07 20:02:42] [INFO    ] [av1_migrator:encoder] Retrying FFmpeg encode for Sex Ed.mkv with software scale
[2026-09-07 20:02:44] [INFO    ] [av1_migrator:engine] Promoted Sex Ed [AV1 1080p SDR CQ28].mkv.encoding.mkv to Sex Ed [AV1 1080p SDR CQ28].mkv
[2026-09-07 20:02:44] [INFO    ] [av1_migrator:engine] Safely deleted original file: Y:\media\TVShows\King of the Hill (1997)\Featurettes\Season 1\Dale's Favorite Conspiracies\Sex Ed.mkv
[2026-09-07 20:02:44] [INFO    ] [av1_migrator:engine] Successfully migrated Sex Ed.mkv -> Sex Ed [AV1 1080p SDR CQ28].mkv (2.78 MB -> 7.63 MB, saved -4.85 MB)
[2026-09-07 20:02:44] [INFO    ] [av1_migrator:encoder] Starting FFmpeg encode for Steven Universe - Video Chat.mp4 (CUDA scale: True)
[2026-09-07 20:02:44] [WARNING ] [av1_migrator:encoder] CUDA scaling failed, retrying with software Lanczos scaling fallback...
[2026-09-07 20:02:44] [INFO    ] [av1_migrator:encoder] Retrying FFmpeg encode for Steven Universe - Video Chat.mp4 with software scale
[2026-09-07 20:02:53] [INFO    ] [av1_migrator:engine] Promoted Steven Universe - Video Chat [AV1 1080p SDR CQ28].mkv.encoding.mkv to Steven Universe - Video Chat [AV1 1080p SDR CQ28].mkv
[2026-09-07 20:02:53] [INFO    ] [av1_migrator:engine] Safely deleted original file: Y:\media\TVShows\Steven Universe\Xtras\Steven Universe - Video Chat.mp4
[2026-09-07 20:02:53] [INFO    ] [av1_migrator:engine] Successfully migrated Steven Universe - Video Chat.mp4 -> Steven Universe - Video Chat [AV1 1080p SDR CQ28].mkv (2.90 MB -> 17.76 MB, saved -14.86 MB)
[2026-09-07 20:02:53] [INFO    ] [av1_migrator:encoder] Starting FFmpeg encode for 5) In a Hurry.mkv (CUDA scale: True)
[2026-09-07 20:02:53] [WARNING ] [av1_migrator:encoder] CUDA scaling failed, retrying with software Lanczos scaling fallback...
[2026-09-07 20:02:53] [INFO    ] [av1_migrator:encoder] Retrying FFmpeg encode for 5) In a Hurry.mkv with software scale
[2026-09-07 20:02:55] [INFO    ] [av1_migrator:engine] Promoted 5) In a Hurry [AV1 1080p SDR CQ28].mkv.encoding.mkv to 5) In a Hurry [AV1 1080p SDR CQ28].mkv
[2026-09-07 20:02:55] [INFO    ] [av1_migrator:engine] Safely deleted original file: Y:\media\TVShows\King of the Hill (1997)\Featurettes\Season 1\Promos\5) In a Hurry.mkv
[2026-09-07 20:02:55] [INFO    ] [av1_migrator:engine] Successfully migrated 5) In a Hurry.mkv -> 5) In a Hurry [AV1 1080p SDR CQ28].mkv (3.07 MB -> 10.07 MB, saved -7.00 MB)
[2026-09-07 20:02:55] [INFO    ] [av1_migrator:encoder] Starting FFmpeg encode for S02E23 - Propane Boom Part 1.mkv (CUDA scale: True)
[2026-09-07 20:02:55] [WARNING ] [av1_migrator:encoder] CUDA scaling failed, retrying with software Lanczos scaling fallback...
[2026-09-07 20:02:55] [INFO    ] [av1_migrator:encoder] Retrying FFmpeg encode for S02E23 - Propane Boom Part 1.mkv with software scale
[2026-09-07 20:02:58] [INFO    ] [av1_migrator:engine] Promoted S02E23 - Propane Boom Part 1 [AV1 1080p SDR CQ28].mkv.encoding.mkv to S02E23 - Propane Boom Part 1 [AV1 1080p SDR CQ28].mkv
[2026-09-07 20:02:58] [INFO    ] [av1_migrator:engine] Safely deleted original file: Y:\media\TVShows\King of the Hill (1997)\Featurettes\Season 2\Director Intros\S02E23 - Propane Boom Part 1.mkv
[2026-09-07 20:02:58] [INFO    ] [av1_migrator:engine] Successfully migrated S02E23 - Propane Boom Part 1.mkv -> S02E23 - Propane Boom Part 1 [AV1 1080p SDR CQ28].mkv (3.09 MB -> 6.48 MB, saved -3.39 MB)
[2026-09-07 20:02:58] [INFO    ] [av1_migrator:encoder] Starting FFmpeg encode for Hooli-Con.mkv (CUDA scale: True)
[2026-09-07 20:02:58] [WARNING ] [av1_migrator:encoder] CUDA scaling failed, retrying with software Lanczos scaling fallback...
[2026-09-07 20:02:58] [INFO    ] [av1_migrator:encoder] Retrying FFmpeg encode for Hooli-Con.mkv with software scale
[2026-09-07 20:03:00] [INFO    ] [av1_migrator:engine] Promoted Hooli-Con [AV1 1080p SDR CQ28].mkv.encoding.mkv to Hooli-Con [AV1 1080p SDR CQ28].mkv
[2026-09-07 20:03:00] [INFO    ] [av1_migrator:engine] Safely deleted original file: Y:\media\TVShows\Silicon Valley (2014)\Featurettes\Season 4\Hooli-Con.mkv
[2026-09-07 20:03:00] [INFO    ] [av1_migrator:engine] Successfully migrated Hooli-Con.mkv -> Hooli-Con [AV1 1080p SDR CQ28].mkv (3.10 MB -> 4.64 MB, saved -1.54 MB)
[2026-09-07 20:03:00] [INFO    ] [av1_migrator:encoder] Starting FFmpeg encode for Stealth Helicopters.mkv (CUDA scale: True)
[2026-09-07 20:03:01] [WARNING ] [av1_migrator:encoder] CUDA scaling failed, retrying with software Lanczos scaling fallback...
[2026-09-07 20:03:01] [INFO    ] [av1_migrator:encoder] Retrying FFmpeg encode for Stealth Helicopters.mkv with software scale
[2026-09-07 20:03:03] [INFO    ] [av1_migrator:engine] Promoted Stealth Helicopters [AV1 1080p SDR CQ28].mkv.encoding.mkv to Stealth Helicopters [AV1 1080p SDR CQ28].mkv
[2026-09-07 20:03:03] [INFO    ] [av1_migrator:engine] Safely deleted original file: Y:\media\TVShows\King of the Hill (1997)\Featurettes\Season 1\Dale's Favorite Conspiracies\Stealth Helicopters.mkv
[2026-09-07 20:03:03] [INFO    ] [av1_migrator:engine] Successfully migrated Stealth Helicopters.mkv -> Stealth Helicopters [AV1 1080p SDR CQ28].mkv (3.11 MB -> 9.47 MB, saved -6.36 MB)
[2026-09-07 20:03:03] [INFO    ] [av1_migrator:encoder] Starting FFmpeg encode for Aqueduct.mkv (CUDA scale: True)
[2026-09-07 20:03:03] [WARNING ] [av1_migrator:encoder] CUDA scaling failed, retrying with software Lanczos scaling fallback...
[2026-09-07 20:03:03] [INFO    ] [av1_migrator:encoder] Retrying FFmpeg encode for Aqueduct.mkv with software scale
[2026-09-07 20:03:05] [INFO    ] [av1_migrator:engine] Promoted Aqueduct [AV1 1080p SDR CQ28].mkv.encoding.mkv to Aqueduct [AV1 1080p SDR CQ28].mkv
[2026-09-07 20:03:05] [INFO    ] [av1_migrator:engine] Safely deleted original file: Y:\media\TVShows\The Office (US) (2005)\Featurettes\Featurettes\Season 6\The Office Promos - Canada Games\Aqueduct.mkv
[2026-09-07 20:03:05] [INFO    ] [av1_migrator:engine] Successfully migrated Aqueduct.mkv -> Aqueduct [AV1 1080p SDR CQ28].mkv (3.15 MB -> 4.55 MB, saved -1.40 MB)
[2026-09-07 20:03:05] [INFO    ] [av1_migrator:encoder] Starting FFmpeg encode for 8) The Full Monty Part 1.mkv (CUDA scale: True)
[2026-09-07 20:03:06] [WARNING ] [av1_migrator:encoder] CUDA scaling failed, retrying with software Lanczos scaling fallback...
[2026-09-07 20:03:06] [INFO    ] [av1_migrator:encoder] Retrying FFmpeg encode for 8) The Full Monty Part 1.mkv with software scale
[2026-09-07 20:03:08] [INFO    ] [av1_migrator:engine] Promoted 8) The Full Monty Part 1 [AV1 1080p SDR CQ28].mkv.encoding.mkv to 8) The Full Monty Part 1 [AV1 1080p SDR CQ28].mkv
[2026-09-07 20:03:08] [INFO    ] [av1_migrator:engine] Safely deleted original file: Y:\media\TVShows\King of the Hill (1997)\Featurettes\Season 1\Promos\8) The Full Monty Part 1.mkv
[2026-09-07 20:03:08] [INFO    ] [av1_migrator:engine] Successfully migrated 8) The Full Monty Part 1.mkv -> 8) The Full Monty Part 1 [AV1 1080p SDR CQ28].mkv (3.17 MB -> 4.84 MB, saved -1.67 MB)
[2026-09-07 20:03:08] [INFO    ] [av1_migrator:encoder] Starting FFmpeg encode for 3) List #1.mkv (CUDA scale: True)
[2026-09-07 20:03:08] [WARNING ] [av1_migrator:encoder] CUDA scaling failed, retrying with software Lanczos scaling fallback...
[2026-09-07 20:03:08] [INFO    ] [av1_migrator:encoder] Retrying FFmpeg encode for 3) List #1.mkv with software scale
[2026-09-07 20:03:10] [INFO    ] [av1_migrator:engine] Promoted 3) List #1 [AV1 1080p SDR CQ28].mkv.encoding.mkv to 3) List #1 [AV1 1080p SDR CQ28].mkv
[2026-09-07 20:03:10] [INFO    ] [av1_migrator:engine] Safely deleted original file: Y:\media\TVShows\King of the Hill (1997)\Featurettes\Season 1\Promos\3) List #1.mkv
[2026-09-07 20:03:10] [INFO    ] [av1_migrator:engine] Successfully migrated 3) List #1.mkv -> 3) List #1 [AV1 1080p SDR CQ28].mkv (3.18 MB -> 7.63 MB, saved -4.45 MB)
[2026-09-07 20:03:10] [INFO    ] [av1_migrator:encoder] Starting FFmpeg encode for 9) The Full Monty Part 2.mkv (CUDA scale: True)
[2026-09-07 20:03:10] [WARNING ] [av1_migrator:encoder] CUDA scaling failed, retrying with software Lanczos scaling fallback...
[2026-09-07 20:03:10] [INFO    ] [av1_migrator:encoder] Retrying FFmpeg encode for 9) The Full Monty Part 2.mkv with software scale
[2026-09-07 20:03:12] [INFO    ] [av1_migrator:engine] Promoted 9) The Full Monty Part 2 [AV1 1080p SDR CQ28].mkv.encoding.mkv to 9) The Full Monty Part 2 [AV1 1080p SDR CQ28].mkv
[2026-09-07 20:03:12] [INFO    ] [av1_migrator:engine] Safely deleted original file: Y:\media\TVShows\King of the Hill (1997)\Featurettes\Season 1\Promos\9) The Full Monty Part 2.mkv
[2026-09-07 20:03:12] [INFO    ] [av1_migrator:engine] Successfully migrated 9) The Full Monty Part 2.mkv -> 9) The Full Monty Part 2 [AV1 1080p SDR CQ28].mkv (3.23 MB -> 5.41 MB, saved -2.18 MB)
[2026-09-07 20:03:12] [INFO    ] [av1_migrator:encoder] Starting FFmpeg encode for scenes10.mkv (CUDA scale: True)
[2026-09-07 20:03:12] [WARNING ] [av1_migrator:encoder] CUDA scaling failed, retrying with software Lanczos scaling fallback...
[2026-09-07 20:03:12] [INFO    ] [av1_migrator:encoder] Retrying FFmpeg encode for scenes10.mkv with software scale
[2026-09-07 20:03:21] [INFO    ] [av1_migrator:engine] Promoted scenes10 [AV1 1080p SDR CQ28].mkv.encoding.mkv to scenes10 [AV1 1080p SDR CQ28].mkv
[2026-09-07 20:03:21] [INFO    ] [av1_migrator:engine] Safely deleted original file: Y:\media\TVShows\Breaking Bad (2008)\Featurettes\Season 2\Deleted Scenes\scenes10.mkv
[2026-09-07 20:03:21] [INFO    ] [av1_migrator:engine] Successfully migrated scenes10.mkv -> scenes10 [AV1 1080p SDR CQ28].mkv (3.24 MB -> 13.61 MB, saved -10.37 MB)
[2026-09-07 20:03:21] [INFO    ] [av1_migrator:encoder] Starting FFmpeg encode for scenes1.mkv (CUDA scale: True)
[2026-09-07 20:03:21] [WARNING ] [av1_migrator:encoder] CUDA scaling failed, retrying with software Lanczos scaling fallback...
[2026-09-07 20:03:21] [INFO    ] [av1_migrator:encoder] Retrying FFmpeg encode for scenes1.mkv with software scale
[2026-09-07 20:03:29] [INFO    ] [av1_migrator:engine] Promoted scenes1 [AV1 1080p SDR CQ28].mkv.encoding.mkv to scenes1 [AV1 1080p SDR CQ28].mkv
[2026-09-07 20:03:29] [INFO    ] [av1_migrator:engine] Safely deleted original file: Y:\media\TVShows\Breaking Bad (2008)\Featurettes\Season 2\Deleted Scenes\scenes1.mkv
[2026-09-07 20:03:29] [INFO    ] [av1_migrator:engine] Successfully migrated scenes1.mkv -> scenes1 [AV1 1080p SDR CQ28].mkv (3.31 MB -> 15.29 MB, saved -11.98 MB)
[2026-09-07 20:03:29] [INFO    ] [av1_migrator:encoder] Starting FFmpeg encode for S02E10 - Bobby Slam.mkv (CUDA scale: True)
[2026-09-07 20:03:29] [WARNING ] [av1_migrator:encoder] CUDA scaling failed, retrying with software Lanczos scaling fallback...
[2026-09-07 20:03:29] [INFO    ] [av1_migrator:encoder] Retrying FFmpeg encode for S02E10 - Bobby Slam.mkv with software scale
[2026-09-07 20:03:31] [INFO    ] [av1_migrator:engine] Promoted S02E10 - Bobby Slam [AV1 1080p SDR CQ28].mkv.encoding.mkv to S02E10 - Bobby Slam [AV1 1080p SDR CQ28].mkv
[2026-09-07 20:03:31] [INFO    ] [av1_migrator:engine] Safely deleted original file: Y:\media\TVShows\King of the Hill (1997)\Featurettes\Season 2\Director Intros\S02E10 - Bobby Slam.mkv
[2026-09-07 20:03:31] [INFO    ] [av1_migrator:engine] Successfully migrated S02E10 - Bobby Slam.mkv -> S02E10 - Bobby Slam [AV1 1080p SDR CQ28].mkv (3.33 MB -> 13.36 MB, saved -10.03 MB)
[2026-09-07 20:03:31] [INFO    ] [av1_migrator:encoder] Starting FFmpeg encode for Steven Universe - Steven Reacts.mp4 (CUDA scale: True)
[2026-09-07 20:03:32] [WARNING ] [av1_migrator:encoder] CUDA scaling failed, retrying with software Lanczos scaling fallback...
[2026-09-07 20:03:32] [INFO    ] [av1_migrator:encoder] Retrying FFmpeg encode for Steven Universe - Steven Reacts.mp4 with software scale
[2026-09-07 20:03:40] [INFO    ] [av1_migrator:engine] Promoted Steven Universe - Steven Reacts [AV1 1080p SDR CQ28].mkv.encoding.mkv to Steven Universe - Steven Reacts [AV1 1080p SDR CQ28].mkv
[2026-09-07 20:03:40] [INFO    ] [av1_migrator:engine] Safely deleted original file: Y:\media\TVShows\Steven Universe\Xtras\Steven Universe - Steven Reacts.mp4
[2026-09-07 20:03:40] [INFO    ] [av1_migrator:engine] Successfully migrated Steven Universe - Steven Reacts.mp4 -> Steven Universe - Steven Reacts [AV1 1080p SDR CQ28].mkv (3.46 MB -> 18.53 MB, saved -15.07 MB)
[2026-09-07 20:03:40] [INFO    ] [av1_migrator:encoder] Starting FFmpeg encode for Things Just Disappear.mkv (CUDA scale: True)
[2026-09-07 20:03:40] [WARNING ] [av1_migrator:encoder] CUDA scaling failed, retrying with software Lanczos scaling fallback...
[2026-09-07 20:03:40] [INFO    ] [av1_migrator:encoder] Retrying FFmpeg encode for Things Just Disappear.mkv with software scale
[2026-09-07 20:03:42] [INFO    ] [av1_migrator:engine] Promoted Things Just Disappear [AV1 1080p SDR CQ28].mkv.encoding.mkv to Things Just Disappear [AV1 1080p SDR CQ28].mkv
[2026-09-07 20:03:42] [INFO    ] [av1_migrator:engine] Safely deleted original file: Y:\media\TVShows\King of the Hill (1997)\Featurettes\Season 1\Dale's Favorite Conspiracies\Things Just Disappear.mkv
[2026-09-07 20:03:42] [INFO    ] [av1_migrator:engine] Successfully migrated Things Just Disappear.mkv -> Things Just Disappear [AV1 1080p SDR CQ28].mkv (3.64 MB -> 7.66 MB, saved -4.01 MB)
[2026-09-07 20:03:42] [INFO    ] [av1_migrator:encoder] Starting FFmpeg encode for 6.mkv (CUDA scale: True)
[2026-09-07 20:03:43] [WARNING ] [av1_migrator:encoder] CUDA scaling failed, retrying with software Lanczos scaling fallback...
[2026-09-07 20:03:43] [INFO    ] [av1_migrator:encoder] Retrying FFmpeg encode for 6.mkv with software scale
[2026-09-07 20:03:46] [INFO    ] [av1_migrator:engine] Promoted 6 [AV1 1080p SDR CQ28].mkv.encoding.mkv to 6 [AV1 1080p SDR CQ28].mkv
[2026-09-07 20:03:46] [INFO    ] [av1_migrator:engine] Safely deleted original file: Y:\media\TVShows\Breaking Bad (2008)\Featurettes\Season 5\Featurettes 5.1\Deleted Scenes\6.mkv
[2026-09-07 20:03:46] [INFO    ] [av1_migrator:engine] Successfully migrated 6.mkv -> 6 [AV1 1080p SDR CQ28].mkv (3.65 MB -> 5.81 MB, saved -2.16 MB)
[2026-09-07 20:03:46] [INFO    ] [av1_migrator:encoder] Starting FFmpeg encode for scenes5.mkv (CUDA scale: True)
[2026-09-07 20:03:47] [WARNING ] [av1_migrator:encoder] CUDA scaling failed, retrying with software Lanczos scaling fallback...
[2026-09-07 20:03:47] [INFO    ] [av1_migrator:encoder] Retrying FFmpeg encode for scenes5.mkv with software scale
[2026-09-07 20:03:56] [INFO    ] [av1_migrator:engine] Promoted scenes5 [AV1 1080p SDR CQ28].mkv.encoding.mkv to scenes5 [AV1 1080p SDR CQ28].mkv
[2026-09-07 20:03:56] [INFO    ] [av1_migrator:engine] Safely deleted original file: Y:\media\TVShows\Breaking Bad (2008)\Featurettes\Season 2\Deleted Scenes\scenes5.mkv
[2026-09-07 20:03:56] [INFO    ] [av1_migrator:engine] Successfully migrated scenes5.mkv -> scenes5 [AV1 1080p SDR CQ28].mkv (3.73 MB -> 17.34 MB, saved -13.61 MB)
[2026-09-07 20:03:56] [INFO    ] [av1_migrator:encoder] Starting FFmpeg encode for scenes11.mkv (CUDA scale: True)
[2026-09-07 20:03:56] [WARNING ] [av1_migrator:encoder] CUDA scaling failed, retrying with software Lanczos scaling fallback...
[2026-09-07 20:03:56] [INFO    ] [av1_migrator:encoder] Retrying FFmpeg encode for scenes11.mkv with software scale
[2026-09-07 20:04:03] [INFO    ] [av1_migrator:engine] Promoted scenes11 [AV1 1080p SDR CQ28].mkv.encoding.mkv to scenes11 [AV1 1080p SDR CQ28].mkv
[2026-09-07 20:04:03] [INFO    ] [av1_migrator:engine] Safely deleted original file: Y:\media\TVShows\Breaking Bad (2008)\Featurettes\Season 2\Deleted Scenes\scenes11.mkv
[2026-09-07 20:04:03] [INFO    ] [av1_migrator:engine] Successfully migrated scenes11.mkv -> scenes11 [AV1 1080p SDR CQ28].mkv (3.74 MB -> 18.50 MB, saved -14.76 MB)
[2026-09-07 20:04:03] [INFO    ] [av1_migrator:encoder] Starting FFmpeg encode for Laptop Magnet Test.mkv (CUDA scale: True)
[2026-09-07 20:04:03] [WARNING ] [av1_migrator:encoder] CUDA scaling failed, retrying with software Lanczos scaling fallback...
[2026-09-07 20:04:03] [INFO    ] [av1_migrator:encoder] Retrying FFmpeg encode for Laptop Magnet Test.mkv with software scale
[2026-09-07 20:04:06] [INFO    ] [av1_migrator:engine] Promoted Laptop Magnet Test [AV1 1080p SDR CQ28].mkv.encoding.mkv to Laptop Magnet Test [AV1 1080p SDR CQ28].mkv
[2026-09-07 20:04:06] [INFO    ] [av1_migrator:engine] Safely deleted original file: Y:\media\TVShows\Breaking Bad (2008)\Featurettes\Season 5\Featurettes 5.1\Inside Breaking Bad\Laptop Magnet Test.mkv
[2026-09-07 20:04:06] [INFO    ] [av1_migrator:engine] Successfully migrated Laptop Magnet Test.mkv -> Laptop Magnet Test [AV1 1080p SDR CQ28].mkv (3.82 MB -> 6.82 MB, saved -2.99 MB)
[2026-09-07 20:04:06] [INFO    ] [av1_migrator:encoder] Starting FFmpeg encode for Smoking.mkv (CUDA scale: True)
[2026-09-07 20:04:06] [WARNING ] [av1_migrator:encoder] CUDA scaling failed, retrying with software Lanczos scaling fallback...
[2026-09-07 20:04:06] [INFO    ] [av1_migrator:encoder] Retrying FFmpeg encode for Smoking.mkv with software scale
[2026-09-07 20:04:08] [INFO    ] [av1_migrator:engine] Promoted Smoking [AV1 1080p SDR CQ28].mkv.encoding.mkv to Smoking [AV1 1080p SDR CQ28].mkv
[2026-09-07 20:04:08] [INFO    ] [av1_migrator:engine] Safely deleted original file: Y:\media\TVShows\King of the Hill (1997)\Featurettes\Season 1\Dale's Favorite Conspiracies\Smoking.mkv
[2026-09-07 20:04:08] [INFO    ] [av1_migrator:engine] Successfully migrated Smoking.mkv -> Smoking [AV1 1080p SDR CQ28].mkv (3.92 MB -> 11.91 MB, saved -7.98 MB)
[2026-09-07 20:04:08] [INFO    ] [av1_migrator:encoder] Starting FFmpeg encode for Post-Game.mkv (CUDA scale: True)
[2026-09-07 20:04:09] [WARNING ] [av1_migrator:encoder] CUDA scaling failed, retrying with software Lanczos scaling fallback...
[2026-09-07 20:04:09] [INFO    ] [av1_migrator:encoder] Retrying FFmpeg encode for Post-Game.mkv with software scale
[2026-09-07 20:04:12] [INFO    ] [av1_migrator:engine] Promoted Post-Game [AV1 1080p SDR CQ28].mkv.encoding.mkv to Post-Game [AV1 1080p SDR CQ28].mkv
[2026-09-07 20:04:12] [INFO    ] [av1_migrator:engine] Safely deleted original file: Y:\media\TVShows\The Office (US) (2005)\Featurettes\Featurettes\Season 8\The Office Promos - XLVI Football Championship\Post-Game.mkv
[2026-09-07 20:04:12] [INFO    ] [av1_migrator:engine] Successfully migrated Post-Game.mkv -> Post-Game [AV1 1080p SDR CQ28].mkv (3.93 MB -> 5.64 MB, saved -1.72 MB)
[2026-09-07 20:04:12] [INFO    ] [av1_migrator:encoder] Starting FFmpeg encode for 2.mkv (CUDA scale: True)
[2026-09-07 20:04:12] [WARNING ] [av1_migrator:encoder] CUDA scaling failed, retrying with software Lanczos scaling fallback...
[2026-09-07 20:04:12] [INFO    ] [av1_migrator:encoder] Retrying FFmpeg encode for 2.mkv with software scale
[2026-09-07 20:04:17] [INFO    ] [av1_migrator:engine] Promoted 2 [AV1 1080p SDR CQ28].mkv.encoding.mkv to 2 [AV1 1080p SDR CQ28].mkv
[2026-09-07 20:04:17] [INFO    ] [av1_migrator:engine] Safely deleted original file: Y:\media\TVShows\Breaking Bad (2008)\Featurettes\Season 5\Featurettes 5.1\Deleted Scenes\2.mkv
[2026-09-07 20:04:17] [INFO    ] [av1_migrator:engine] Successfully migrated 2.mkv -> 2 [AV1 1080p SDR CQ28].mkv (4.01 MB -> 6.63 MB, saved -2.62 MB)
[2026-09-07 20:04:17] [INFO    ] [av1_migrator:encoder] Starting FFmpeg encode for scenes7.mkv (CUDA scale: True)
[2026-09-07 20:04:17] [WARNING ] [av1_migrator:encoder] CUDA scaling failed, retrying with software Lanczos scaling fallback...
[2026-09-07 20:04:17] [INFO    ] [av1_migrator:encoder] Retrying FFmpeg encode for scenes7.mkv with software scale
[2026-09-07 20:04:24] [INFO    ] [av1_migrator:engine] Promoted scenes7 [AV1 1080p SDR CQ28].mkv.encoding.mkv to scenes7 [AV1 1080p SDR CQ28].mkv
[2026-09-07 20:04:24] [INFO    ] [av1_migrator:engine] Safely deleted original file: Y:\media\TVShows\Breaking Bad (2008)\Featurettes\Season 2\Deleted Scenes\scenes7.mkv
[2026-09-07 20:04:24] [INFO    ] [av1_migrator:engine] Successfully migrated scenes7.mkv -> scenes7 [AV1 1080p SDR CQ28].mkv (4.24 MB -> 19.58 MB, saved -15.34 MB)
[2026-09-07 20:04:24] [INFO    ] [av1_migrator:encoder] Starting FFmpeg encode for S02E22 - Peggy's Turtle Song.mkv (CUDA scale: True)
[2026-09-07 20:04:24] [WARNING ] [av1_migrator:encoder] CUDA scaling failed, retrying with software Lanczos scaling fallback...
[2026-09-07 20:04:25] [INFO    ] [av1_migrator:encoder] Retrying FFmpeg encode for S02E22 - Peggy's Turtle Song.mkv with software scale
[2026-09-07 20:04:27] [INFO    ] [av1_migrator:engine] Promoted S02E22 - Peggy's Turtle Song [AV1 1080p SDR CQ28].mkv.encoding.mkv to S02E22 - Peggy's Turtle Song [AV1 1080p SDR CQ28].mkv
[2026-09-07 20:04:27] [INFO    ] [av1_migrator:engine] Safely deleted original file: Y:\media\TVShows\King of the Hill (1997)\Featurettes\Season 2\Director Intros\S02E22 - Peggy's Turtle Song.mkv
[2026-09-07 20:04:27] [INFO    ] [av1_migrator:engine] Successfully migrated S02E22 - Peggy's Turtle Song.mkv -> S02E22 - Peggy's Turtle Song [AV1 1080p SDR CQ28].mkv (4.30 MB -> 15.63 MB, saved -11.33 MB)
[2026-09-07 20:04:27] [INFO    ] [av1_migrator:encoder] Starting FFmpeg encode for scenes13.mkv (CUDA scale: True)
[2026-09-07 20:04:28] [WARNING ] [av1_migrator:encoder] CUDA scaling failed, retrying with software Lanczos scaling fallback...
[2026-09-07 20:04:28] [INFO    ] [av1_migrator:encoder] Retrying FFmpeg encode for scenes13.mkv with software scale
[2026-09-07 20:04:35] [INFO    ] [av1_migrator:engine] Promoted scenes13 [AV1 1080p SDR CQ28].mkv.encoding.mkv to scenes13 [AV1 1080p SDR CQ28].mkv
[2026-09-07 20:04:35] [INFO    ] [av1_migrator:engine] Safely deleted original file: Y:\media\TVShows\Breaking Bad (2008)\Featurettes\Season 2\Deleted Scenes\scenes13.mkv
[2026-09-07 20:04:35] [INFO    ] [av1_migrator:engine] Successfully migrated scenes13.mkv -> scenes13 [AV1 1080p SDR CQ28].mkv (4.42 MB -> 22.18 MB, saved -17.76 MB)
[2026-09-07 20:04:35] [INFO    ] [av1_migrator:encoder] Starting FFmpeg encode for Cast Talk Favorite Podcasts and Blogs.mkv (CUDA scale: True)
[2026-09-07 20:04:36] [WARNING ] [av1_migrator:encoder] CUDA scaling failed, retrying with software Lanczos scaling fallback...
[2026-09-07 20:04:36] [INFO    ] [av1_migrator:encoder] Retrying FFmpeg encode for Cast Talk Favorite Podcasts and Blogs.mkv with software scale
[2026-09-07 20:04:43] [INFO    ] [av1_migrator:engine] Promoted Cast Talk Favorite Podcasts and Blogs [AV1 1080p SDR CQ28].mkv.encoding.mkv to Cast Talk Favorite Podcasts and Blogs [AV1 1080p SDR CQ28].mkv
[2026-09-07 20:04:43] [INFO    ] [av1_migrator:engine] Safely deleted original file: Y:\media\TVShows\The Office (US) (2005)\Featurettes\Webisodes\8. The Podcast\Extras\Cast Talk Favorite Podcasts and Blogs.mkv
[2026-09-07 20:04:43] [INFO    ] [av1_migrator:engine] Successfully migrated Cast Talk Favorite Podcasts and Blogs.mkv -> Cast Talk Favorite Podcasts and Blogs [AV1 1080p SDR CQ28].mkv (4.42 MB -> 19.80 MB, saved -15.38 MB)
[2026-09-07 20:04:43] [INFO    ] [av1_migrator:encoder] Starting FFmpeg encode for 2) Intellectuals.mkv (CUDA scale: True)
[2026-09-07 20:04:43] [WARNING ] [av1_migrator:encoder] CUDA scaling failed, retrying with software Lanczos scaling fallback...
[2026-09-07 20:04:43] [INFO    ] [av1_migrator:encoder] Retrying FFmpeg encode for 2) Intellectuals.mkv with software scale
[2026-09-07 20:04:46] [INFO    ] [av1_migrator:engine] Promoted 2) Intellectuals [AV1 1080p SDR CQ28].mkv.encoding.mkv to 2) Intellectuals [AV1 1080p SDR CQ28].mkv
[2026-09-07 20:04:46] [INFO    ] [av1_migrator:engine] Safely deleted original file: Y:\media\TVShows\King of the Hill (1997)\Featurettes\Season 1\Promos\2) Intellectuals.mkv
[2026-09-07 20:04:46] [INFO    ] [av1_migrator:engine] Successfully migrated 2) Intellectuals.mkv -> 2) Intellectuals [AV1 1080p SDR CQ28].mkv (4.46 MB -> 17.83 MB, saved -13.37 MB)
[2026-09-07 20:04:46] [INFO    ] [av1_migrator:encoder] Starting FFmpeg encode for 4) Values.mkv (CUDA scale: True)
[2026-09-07 20:04:46] [WARNING ] [av1_migrator:encoder] CUDA scaling failed, retrying with software Lanczos scaling fallback...
[2026-09-07 20:04:46] [INFO    ] [av1_migrator:encoder] Retrying FFmpeg encode for 4) Values.mkv with software scale
[2026-09-07 20:04:49] [INFO    ] [av1_migrator:engine] Promoted 4) Values [AV1 1080p SDR CQ28].mkv.encoding.mkv to 4) Values [AV1 1080p SDR CQ28].mkv
[2026-09-07 20:04:49] [INFO    ] [av1_migrator:engine] Safely deleted original file: Y:\media\TVShows\King of the Hill (1997)\Featurettes\Season 1\Promos\4) Values.mkv
[2026-09-07 20:04:49] [INFO    ] [av1_migrator:engine] Successfully migrated 4) Values.mkv -> 4) Values [AV1 1080p SDR CQ28].mkv (4.49 MB -> 20.23 MB, saved -15.75 MB)
[2026-09-07 20:04:49] [INFO    ] [av1_migrator:encoder] Starting FFmpeg encode for 1) I'm Offended.mkv (CUDA scale: True)
[2026-09-07 20:04:49] [WARNING ] [av1_migrator:encoder] CUDA scaling failed, retrying with software Lanczos scaling fallback...
[2026-09-07 20:04:49] [INFO    ] [av1_migrator:encoder] Retrying FFmpeg encode for 1) I'm Offended.mkv with software scale
[2026-09-07 20:04:52] [INFO    ] [av1_migrator:engine] Promoted 1) I'm Offended [AV1 1080p SDR CQ28].mkv.encoding.mkv to 1) I'm Offended [AV1 1080p SDR CQ28].mkv
[2026-09-07 20:04:52] [INFO    ] [av1_migrator:engine] Safely deleted original file: Y:\media\TVShows\King of the Hill (1997)\Featurettes\Season 1\Promos\1) I'm Offended.mkv
[2026-09-07 20:04:52] [INFO    ] [av1_migrator:engine] Successfully migrated 1) I'm Offended.mkv -> 1) I'm Offended [AV1 1080p SDR CQ28].mkv (4.52 MB -> 14.40 MB, saved -9.87 MB)
[2026-09-07 20:04:52] [INFO    ] [av1_migrator:encoder] Starting FFmpeg encode for 6) Yep.mkv (CUDA scale: True)
[2026-09-07 20:04:52] [WARNING ] [av1_migrator:encoder] CUDA scaling failed, retrying with software Lanczos scaling fallback...
[2026-09-07 20:04:52] [INFO    ] [av1_migrator:encoder] Retrying FFmpeg encode for 6) Yep.mkv with software scale
[2026-09-07 20:04:54] [INFO    ] [av1_migrator:engine] Promoted 6) Yep [AV1 1080p SDR CQ28].mkv.encoding.mkv to 6) Yep [AV1 1080p SDR CQ28].mkv
[2026-09-07 20:04:54] [INFO    ] [av1_migrator:engine] Safely deleted original file: Y:\media\TVShows\King of the Hill (1997)\Featurettes\Season 1\Promos\6) Yep.mkv
[2026-09-07 20:04:54] [INFO    ] [av1_migrator:engine] Successfully migrated 6) Yep.mkv -> 6) Yep [AV1 1080p SDR CQ28].mkv (4.53 MB -> 14.54 MB, saved -10.01 MB)
[2026-09-07 20:04:54] [INFO    ] [av1_migrator:encoder] Starting FFmpeg encode for Steven Universe - Unboxing.mp4 (CUDA scale: True)
[2026-09-07 20:04:55] [WARNING ] [av1_migrator:encoder] CUDA scaling failed, retrying with software Lanczos scaling fallback...
[2026-09-07 20:04:55] [INFO    ] [av1_migrator:encoder] Retrying FFmpeg encode for Steven Universe - Unboxing.mp4 with software scale
[2026-09-07 20:05:05] [INFO    ] [av1_migrator:engine] Promoted Steven Universe - Unboxing [AV1 1080p SDR CQ28].mkv.encoding.mkv to Steven Universe - Unboxing [AV1 1080p SDR CQ28].mkv
[2026-09-07 20:05:05] [INFO    ] [av1_migrator:engine] Safely deleted original file: Y:\media\TVShows\Steven Universe\Xtras\Steven Universe - Unboxing.mp4
[2026-09-07 20:05:05] [INFO    ] [av1_migrator:engine] Successfully migrated Steven Universe - Unboxing.mp4 -> Steven Universe - Unboxing [AV1 1080p SDR CQ28].mkv (4.76 MB -> 49.02 MB, saved -44.26 MB)
[2026-09-07 20:05:05] [INFO    ] [av1_migrator:encoder] Starting FFmpeg encode for Fans.mkv (CUDA scale: True)
[2026-09-07 20:05:05] [WARNING ] [av1_migrator:encoder] CUDA scaling failed, retrying with software Lanczos scaling fallback...
[2026-09-07 20:05:05] [INFO    ] [av1_migrator:encoder] Retrying FFmpeg encode for Fans.mkv with software scale
[2026-09-07 20:05:08] [INFO    ] [av1_migrator:engine] Promoted Fans [AV1 1080p SDR CQ28].mkv.encoding.mkv to Fans [AV1 1080p SDR CQ28].mkv
[2026-09-07 20:05:08] [INFO    ] [av1_migrator:engine] Safely deleted original file: Y:\media\TVShows\The Office (US) (2005)\Featurettes\Featurettes\Season 8\The Office Promos - XLVI Football Championship\Fans.mkv
[2026-09-07 20:05:08] [INFO    ] [av1_migrator:engine] Successfully migrated Fans.mkv -> Fans [AV1 1080p SDR CQ28].mkv (4.78 MB -> 6.09 MB, saved -1.31 MB)
[2026-09-07 20:05:08] [INFO    ] [av1_migrator:encoder] Starting FFmpeg encode for Steven Universe - Gem Karaoke.mp4 (CUDA scale: True)
[2026-09-07 20:05:09] [WARNING ] [av1_migrator:encoder] CUDA scaling failed, retrying with software Lanczos scaling fallback...
[2026-09-07 20:05:09] [INFO    ] [av1_migrator:encoder] Retrying FFmpeg encode for Steven Universe - Gem Karaoke.mp4 with software scale
[2026-09-07 20:05:17] [INFO    ] [av1_migrator:engine] Promoted Steven Universe - Gem Karaoke [AV1 1080p SDR CQ28].mkv.encoding.mkv to Steven Universe - Gem Karaoke [AV1 1080p SDR CQ28].mkv
[2026-09-07 20:05:17] [INFO    ] [av1_migrator:engine] Safely deleted original file: Y:\media\TVShows\Steven Universe\Xtras\Steven Universe - Gem Karaoke.mp4
[2026-09-07 20:05:17] [INFO    ] [av1_migrator:engine] Successfully migrated Steven Universe - Gem Karaoke.mp4 -> Steven Universe - Gem Karaoke [AV1 1080p SDR CQ28].mkv (5.22 MB -> 61.06 MB, saved -55.83 MB)
[2026-09-07 20:05:17] [INFO    ] [av1_migrator:encoder] Starting FFmpeg encode for Bigger Fan.mkv (CUDA scale: True)
[2026-09-07 20:05:17] [WARNING ] [av1_migrator:encoder] CUDA scaling failed, retrying with software Lanczos scaling fallback...
[2026-09-07 20:05:17] [INFO    ] [av1_migrator:encoder] Retrying FFmpeg encode for Bigger Fan.mkv with software scale
[2026-09-07 20:05:20] [INFO    ] [av1_migrator:engine] Promoted Bigger Fan [AV1 1080p SDR CQ28].mkv.encoding.mkv to Bigger Fan [AV1 1080p SDR CQ28].mkv
[2026-09-07 20:05:20] [INFO    ] [av1_migrator:engine] Safely deleted original file: Y:\media\TVShows\The Office (US) (2005)\Featurettes\Featurettes\Season 8\The Office Promos - XLVI Football Championship\Bigger Fan.mkv
[2026-09-07 20:05:20] [INFO    ] [av1_migrator:engine] Successfully migrated Bigger Fan.mkv -> Bigger Fan [AV1 1080p SDR CQ28].mkv (5.57 MB -> 6.70 MB, saved -1.12 MB)
[2026-09-07 20:05:20] [INFO    ] [av1_migrator:encoder] Starting FFmpeg encode for scenes8.mkv (CUDA scale: True)
[2026-09-07 20:05:21] [WARNING ] [av1_migrator:encoder] CUDA scaling failed, retrying with software Lanczos scaling fallback...
[2026-09-07 20:05:21] [INFO    ] [av1_migrator:encoder] Retrying FFmpeg encode for scenes8.mkv with software scale
[2026-09-07 20:05:21] [WARNING ] [av1_migrator:engine] Received interrupt signal (Ctrl+C). Initiating safe stop...
[2026-09-07 20:05:21] [INFO    ] [av1_migrator:engine] Stopping migration safely: Ctrl+C interrupted
[2026-09-07 20:05:21] [WARNING ] [av1_migrator:encoder] Aborting FFmpeg encode: Ctrl+C interrupted
[2026-09-07 20:05:21] [INFO    ] [av1_migrator:engine] Removed temporary file: Y:\media\TVShows\Breaking Bad (2008)\Featurettes\Season 2\Deleted Scenes\scenes8 [AV1 1080p SDR CQ28].mkv.encoding.mkv
[2026-09-07 20:05:21] [INFO    ] [av1_migrator:engine] Stop requested by user. Aborting pipeline.
[2026-09-07 20:05:22] [INFO    ] [av1_migrator:engine] === Migration Summary ===
[2026-09-07 20:05:22] [INFO    ] [av1_migrator:engine] Completed: 90
[2026-09-07 20:05:22] [INFO    ] [av1_migrator:engine] Failed:    1
[2026-09-07 20:05:22] [INFO    ] [av1_migrator:engine] Skipped:   1694
[2026-09-07 20:05:22] [INFO    ] [av1_migrator:engine] Source:    224.03 MB
[2026-09-07 20:05:22] [INFO    ] [av1_migrator:engine] Output:    884.95 MB
[2026-09-07 20:05:22] [INFO    ] [av1_migrator:engine] Saved:     0 B (0.0%)
[2026-09-07 20:05:22] [WARNING ] [av1_migrator:engine] === FAILED FILES (2) ===
[2026-09-07 20:05:22] [WARNING ] [av1_migrator:engine]   - Y:\media\TVShows\Worst Roommate Ever\S02\Worst Roommate Ever S02E02.mkv: FFprobe error: ffprobe returned code 1: [matroska,webm @ 000001f1c0707d00] 0x00 at pos 0 (0x0) invalid as first byte of an EBML number
[matroska,webm @ 000001f1c0707d00] EBML header parsing failed
Y:\media\TVShows\Worst Roommate Ever\S02\Worst Roommate Ever S02E02.mkv: Invalid data found when processing input
[2026-09-07 20:05:22] [WARNING ] [av1_migrator:engine]   - Y:\media\TVShows\Breaking Bad (2008)\Season 1\Breaking Bad (2008) - S01E06 - Crazy Handful of Nothin' (1080p BluRay x265 Silence).mkv: FFprobe error: ffprobe returned code 3221225786: 
[2026-09-07 20:10:32] [INFO    ] [av1_migrator:engine] === Pre-flight System Checks ===
[2026-09-07 20:10:32] [INFO    ] [av1_migrator:engine] ✓ Python (3.14.3)
[2026-09-07 20:10:32] [INFO    ] [av1_migrator:engine] ✓ FFmpeg (C:\bin\ffmpeg.exe)
[2026-09-07 20:10:32] [INFO    ] [av1_migrator:engine] ✓ FFprobe (C:\bin\ffprobe.exe)
[2026-09-07 20:10:32] [INFO    ] [av1_migrator:engine] ✓ NVIDIA GPU (nvidia-smi detected)
[2026-09-07 20:10:32] [INFO    ] [av1_migrator:engine] ✓ AV1 NVENC encoder available
[2026-09-07 20:10:32] [INFO    ] [av1_migrator:engine] ✓ CUDA scaling (scale_cuda)
[2026-09-07 20:10:32] [INFO    ] [av1_migrator:engine] ✓ Media root: C:\Users\seegr\AppData\Local\Temp\pytest-of-seegr\pytest-6\test_engine_dry_run0\Movies
[2026-09-07 20:10:32] [INFO    ] [av1_migrator:engine] ✓ Storage safety (C:\Users\seegr\AppData\Local\Temp\pytest-of-seegr\pytest-6\test_engine_dry_run0\Movies): Free 51.08 GB >= Min 10.00 KB
[2026-09-07 20:10:32] [INFO    ] [av1_migrator:engine] Checking database for uncompleted/interrupted migration tasks from previous runs...
[2026-09-07 20:10:32] [INFO    ] [av1_migrator:engine] Startup recovery: Database is clean, no interrupted tasks found.
[2026-09-07 20:10:32] [INFO    ] [av1_migrator:engine] Starting media discovery and queue preparation...
[2026-09-07 20:10:32] [INFO    ] [av1_migrator:engine] Discovered 2 candidate files across media roots. Sorting by size...
[2026-09-07 20:10:32] [INFO    ] [av1_migrator:engine] Probing media files: 2/2 (100.0%) - Movie Large (2020).mkv
[2026-09-07 20:10:32] [INFO    ] [av1_migrator:engine] === DRY RUN SUMMARY ===
[2026-09-07 20:10:32] [INFO    ] [av1_migrator:engine] 
DRY RUN SUMMARY:
  Eligible files to convert: 2
  Already AV1/Completed:     0
  Skipped (No Eng/etc):      0
  Probe Errors:              0
  Total source size:         58.59 KB
  Estimated output size:     ~20.51 KB
  Estimated savings:         ~38.09 KB

[2026-09-07 20:10:32] [INFO    ] [av1_migrator:engine] === Pre-flight System Checks ===
[2026-09-07 20:10:32] [INFO    ] [av1_migrator:engine] ✓ Python (3.14.3)
[2026-09-07 20:10:32] [INFO    ] [av1_migrator:engine] ✓ FFmpeg (C:\bin\ffmpeg.exe)
[2026-09-07 20:10:32] [INFO    ] [av1_migrator:engine] ✓ FFprobe (C:\bin\ffprobe.exe)
[2026-09-07 20:10:32] [INFO    ] [av1_migrator:engine] ✓ NVIDIA GPU (nvidia-smi detected)
[2026-09-07 20:10:32] [INFO    ] [av1_migrator:engine] ✓ AV1 NVENC encoder available
[2026-09-07 20:10:32] [INFO    ] [av1_migrator:engine] ✓ CUDA scaling (scale_cuda)
[2026-09-07 20:10:32] [INFO    ] [av1_migrator:engine] ✓ Media root: C:\Users\seegr\AppData\Local\Temp\pytest-of-seegr\pytest-6\test_engine_full_workflow_succ0\Movies
[2026-09-07 20:10:32] [INFO    ] [av1_migrator:engine] ✓ Storage safety (C:\Users\seegr\AppData\Local\Temp\pytest-of-seegr\pytest-6\test_engine_full_workflow_succ0\Movies): Free 51.08 GB >= Min 10.00 KB
[2026-09-07 20:10:32] [INFO    ] [av1_migrator:engine] Checking database for uncompleted/interrupted migration tasks from previous runs...
[2026-09-07 20:10:32] [INFO    ] [av1_migrator:engine] Startup recovery: Database is clean, no interrupted tasks found.
[2026-09-07 20:10:32] [INFO    ] [av1_migrator:engine] Starting media discovery and queue preparation...
[2026-09-07 20:10:32] [INFO    ] [av1_migrator:engine] Discovered 2 candidate files across media roots. Sorting by size...
[2026-09-07 20:10:32] [INFO    ] [av1_migrator:engine] Probing media files: 2/2 (100.0%) - Movie Large (2020).mkv
[2026-09-07 20:10:33] [INFO    ] [av1_migrator:engine] Promoted Movie Small (2021) [AV1 1080p SDR CQ28].mkv.encoding.mkv to Movie Small (2021) [AV1 1080p SDR CQ28].mkv
[2026-09-07 20:10:33] [INFO    ] [av1_migrator:engine] Safely deleted original file: C:\Users\seegr\AppData\Local\Temp\pytest-of-seegr\pytest-6\test_engine_full_workflow_succ0\Movies\Movie Small (2021).mkv
[2026-09-07 20:10:33] [INFO    ] [av1_migrator:engine] Successfully migrated Movie Small (2021).mkv -> Movie Small (2021) [AV1 1080p SDR CQ28].mkv (9.77 KB -> 17 B, saved 9.75 KB)
[2026-09-07 20:10:33] [INFO    ] [av1_migrator:engine] === Migration Summary ===
[2026-09-07 20:10:33] [INFO    ] [av1_migrator:engine] Completed: 1
[2026-09-07 20:10:33] [INFO    ] [av1_migrator:engine] Failed:    0
[2026-09-07 20:10:33] [INFO    ] [av1_migrator:engine] Skipped:   0
[2026-09-07 20:10:33] [INFO    ] [av1_migrator:engine] Source:    9.77 KB
[2026-09-07 20:10:33] [INFO    ] [av1_migrator:engine] Output:    17 B
[2026-09-07 20:10:33] [INFO    ] [av1_migrator:engine] Saved:     9.75 KB (99.8%)
[2026-09-07 20:10:33] [INFO    ] [av1_migrator:engine] Checking database for uncompleted/interrupted migration tasks from previous runs...
[2026-09-07 20:10:33] [WARNING ] [av1_migrator:engine] Startup recovery: Found and resolved 1 interrupted tasks.
[2026-09-07 20:10:33] [INFO    ] [av1_migrator:engine]   - C:\Users\seegr\AppData\Local\Temp\pytest-of-seegr\pytest-6\test_engine_startup_recovery0\Movies\Movie Large (2020).mkv: reset_to_pending_for_retry (previous status: encoding, temp cleaned: True)
[2026-09-07 20:10:38] [INFO    ] [av1_migrator:engine] === Pre-flight System Checks ===
[2026-09-07 20:10:38] [INFO    ] [av1_migrator:engine] ✓ Python (3.14.3)
[2026-09-07 20:10:38] [INFO    ] [av1_migrator:engine] ✓ FFmpeg (C:\bin\ffmpeg.exe)
[2026-09-07 20:10:38] [INFO    ] [av1_migrator:engine] ✓ FFprobe (C:\bin\ffprobe.exe)
[2026-09-07 20:10:38] [INFO    ] [av1_migrator:engine] ✓ NVIDIA GPU (nvidia-smi detected)
[2026-09-07 20:10:38] [INFO    ] [av1_migrator:engine] ✓ AV1 NVENC encoder available
[2026-09-07 20:10:38] [INFO    ] [av1_migrator:engine] ✓ CUDA scaling (scale_cuda)
[2026-09-07 20:10:38] [INFO    ] [av1_migrator:engine] ✓ Media root: Y:\srv\storage\Movies
[2026-09-07 20:10:38] [INFO    ] [av1_migrator:engine] ✓ Media root: Y:\media\TVShows
[2026-09-07 20:10:38] [INFO    ] [av1_migrator:engine] ✓ Storage safety (Y:\srv\storage\Movies): Free 2.21 TB >= Min 1.00 TB
[2026-09-07 20:10:38] [INFO    ] [av1_migrator:engine] Checking database for uncompleted/interrupted migration tasks from previous runs...
[2026-09-07 20:10:38] [INFO    ] [av1_migrator:engine] Startup recovery: Database is clean, no interrupted tasks found.
[2026-09-07 20:10:38] [INFO    ] [av1_migrator:engine] Starting media discovery and queue preparation...
[2026-09-07 20:10:42] [INFO    ] [av1_migrator:engine] Discovered 7688 candidate files across media roots. Sorting by size...
[2026-09-07 20:10:56] [INFO    ] [av1_migrator:engine] === DRY RUN SUMMARY ===
[2026-09-07 20:10:56] [INFO    ] [av1_migrator:engine] 
DRY RUN SUMMARY:
  Eligible files to convert: 2
  Already AV1/Completed:     29
  Skipped (No Eng/etc):      12127
  Probe Errors:              0
  Total source size:         11.44 MB
  Estimated output size:     ~4.00 MB
  Estimated savings:         ~7.43 MB

[2026-09-07 20:11:20] [INFO    ] [av1_migrator:engine] === Pre-flight System Checks ===
[2026-09-07 20:11:20] [INFO    ] [av1_migrator:engine] ✓ Python (3.14.3)
[2026-09-07 20:11:20] [INFO    ] [av1_migrator:engine] ✓ FFmpeg (C:\bin\ffmpeg.exe)
[2026-09-07 20:11:20] [INFO    ] [av1_migrator:engine] ✓ FFprobe (C:\bin\ffprobe.exe)
[2026-09-07 20:11:20] [INFO    ] [av1_migrator:engine] ✓ NVIDIA GPU (nvidia-smi detected)
[2026-09-07 20:11:20] [INFO    ] [av1_migrator:engine] ✓ AV1 NVENC encoder available
[2026-09-07 20:11:20] [INFO    ] [av1_migrator:engine] ✓ CUDA scaling (scale_cuda)
[2026-09-07 20:11:20] [INFO    ] [av1_migrator:engine] ✓ Media root: Y:\srv\storage\Movies
[2026-09-07 20:11:20] [INFO    ] [av1_migrator:engine] ✓ Media root: Y:\media\TVShows
[2026-09-07 20:11:20] [INFO    ] [av1_migrator:engine] ✓ Storage safety (Y:\srv\storage\Movies): Free 2.21 TB >= Min 1.00 TB
[2026-09-07 20:11:20] [INFO    ] [av1_migrator:engine] Checking database for uncompleted/interrupted migration tasks from previous runs...
[2026-09-07 20:11:20] [INFO    ] [av1_migrator:engine] Startup recovery: Database is clean, no interrupted tasks found.
[2026-09-07 20:11:20] [INFO    ] [av1_migrator:engine] Starting media discovery and queue preparation...
[2026-09-07 20:11:22] [WARNING ] [av1_migrator:engine] Received interrupt signal (Ctrl+C). Initiating safe stop...
[2026-09-07 20:11:22] [INFO    ] [av1_migrator:engine] Stopping migration safely: Ctrl+C interrupted
[2026-09-07 20:15:43] [INFO    ] [av1_migrator:engine] === Pre-flight System Checks ===
[2026-09-07 20:15:43] [INFO    ] [av1_migrator:engine] ✓ Python (3.14.3)
[2026-09-07 20:15:43] [INFO    ] [av1_migrator:engine] ✓ FFmpeg (C:\bin\ffmpeg.exe)
[2026-09-07 20:15:43] [INFO    ] [av1_migrator:engine] ✓ FFprobe (C:\bin\ffprobe.exe)
[2026-09-07 20:15:43] [INFO    ] [av1_migrator:engine] ✓ NVIDIA GPU (nvidia-smi detected)
[2026-09-07 20:15:43] [INFO    ] [av1_migrator:engine] ✓ AV1 NVENC encoder available
[2026-09-07 20:15:43] [INFO    ] [av1_migrator:engine] ✓ CUDA scaling (scale_cuda)
[2026-09-07 20:15:43] [INFO    ] [av1_migrator:engine] ✓ Media root: C:\Users\seegr\AppData\Local\Temp\pytest-of-seegr\pytest-7\test_engine_dry_run0\Movies
[2026-09-07 20:15:43] [INFO    ] [av1_migrator:engine] ✓ Storage safety (C:\Users\seegr\AppData\Local\Temp\pytest-of-seegr\pytest-7\test_engine_dry_run0\Movies): Free 51.06 GB >= Min 10.00 KB
[2026-09-07 20:15:43] [INFO    ] [av1_migrator:engine] Checking database for uncompleted/interrupted migration tasks from previous runs...
[2026-09-07 20:15:43] [INFO    ] [av1_migrator:engine] Startup recovery: Database is clean, no interrupted tasks found.
[2026-09-07 20:15:43] [INFO    ] [av1_migrator:engine] Starting media discovery and queue preparation...
[2026-09-07 20:15:43] [INFO    ] [av1_migrator:engine] Discovered 2 candidate files across media roots. Sorting by size...
[2026-09-07 20:15:43] [INFO    ] [av1_migrator:engine] Probing media files: 2/2 (100.0%) - Movie Large (2020).mkv
[2026-09-07 20:15:43] [INFO    ] [av1_migrator:engine] === DRY RUN SUMMARY ===
[2026-09-07 20:15:43] [INFO    ] [av1_migrator:engine] 
DRY RUN SUMMARY:
  Eligible files to convert: 2
  Already AV1/Completed:     0
  Skipped (No Eng/etc):      0
  Probe Errors:              0
  Total source size:         58.59 KB
  Estimated output size:     ~20.51 KB
  Estimated savings:         ~38.09 KB

[2026-09-07 20:15:43] [INFO    ] [av1_migrator:engine] === Pre-flight System Checks ===
[2026-09-07 20:15:43] [INFO    ] [av1_migrator:engine] ✓ Python (3.14.3)
[2026-09-07 20:15:43] [INFO    ] [av1_migrator:engine] ✓ FFmpeg (C:\bin\ffmpeg.exe)
[2026-09-07 20:15:43] [INFO    ] [av1_migrator:engine] ✓ FFprobe (C:\bin\ffprobe.exe)
[2026-09-07 20:15:43] [INFO    ] [av1_migrator:engine] ✓ NVIDIA GPU (nvidia-smi detected)
[2026-09-07 20:15:43] [INFO    ] [av1_migrator:engine] ✓ AV1 NVENC encoder available
[2026-09-07 20:15:43] [INFO    ] [av1_migrator:engine] ✓ CUDA scaling (scale_cuda)
[2026-09-07 20:15:43] [INFO    ] [av1_migrator:engine] ✓ Media root: C:\Users\seegr\AppData\Local\Temp\pytest-of-seegr\pytest-7\test_engine_full_workflow_succ0\Movies
[2026-09-07 20:15:43] [INFO    ] [av1_migrator:engine] ✓ Storage safety (C:\Users\seegr\AppData\Local\Temp\pytest-of-seegr\pytest-7\test_engine_full_workflow_succ0\Movies): Free 51.06 GB >= Min 10.00 KB
[2026-09-07 20:15:43] [INFO    ] [av1_migrator:engine] Checking database for uncompleted/interrupted migration tasks from previous runs...
[2026-09-07 20:15:43] [INFO    ] [av1_migrator:engine] Startup recovery: Database is clean, no interrupted tasks found.
[2026-09-07 20:15:43] [INFO    ] [av1_migrator:engine] Starting media discovery and queue preparation...
[2026-09-07 20:15:43] [INFO    ] [av1_migrator:engine] Discovered 2 candidate files across media roots. Sorting by size...
[2026-09-07 20:15:43] [INFO    ] [av1_migrator:engine] Probing media files: 2/2 (100.0%) - Movie Large (2020).mkv
[2026-09-07 20:15:44] [INFO    ] [av1_migrator:engine] Promoted Movie Small (2021) [AV1 1080p SDR CQ28].mkv.encoding.mkv to Movie Small (2021) [AV1 1080p SDR CQ28].mkv
[2026-09-07 20:15:44] [INFO    ] [av1_migrator:engine] Safely deleted original file: C:\Users\seegr\AppData\Local\Temp\pytest-of-seegr\pytest-7\test_engine_full_workflow_succ0\Movies\Movie Small (2021).mkv
[2026-09-07 20:15:44] [INFO    ] [av1_migrator:engine] Successfully migrated Movie Small (2021).mkv -> Movie Small (2021) [AV1 1080p SDR CQ28].mkv (9.77 KB -> 17 B, saved 9.75 KB)
[2026-09-07 20:15:44] [INFO    ] [av1_migrator:engine] === Migration Summary ===
[2026-09-07 20:15:44] [INFO    ] [av1_migrator:engine] Completed: 1
[2026-09-07 20:15:44] [INFO    ] [av1_migrator:engine] Failed:    0
[2026-09-07 20:15:44] [INFO    ] [av1_migrator:engine] Skipped:   0
[2026-09-07 20:15:44] [INFO    ] [av1_migrator:engine] Source:    9.77 KB
[2026-09-07 20:15:44] [INFO    ] [av1_migrator:engine] Output:    17 B
[2026-09-07 20:15:44] [INFO    ] [av1_migrator:engine] Saved:     9.75 KB (99.8%)
[2026-09-07 20:15:44] [INFO    ] [av1_migrator:engine] Checking database for uncompleted/interrupted migration tasks from previous runs...
[2026-09-07 20:15:44] [WARNING ] [av1_migrator:engine] Startup recovery: Found and resolved 1 interrupted tasks.
[2026-09-07 20:15:44] [INFO    ] [av1_migrator:engine]   - C:\Users\seegr\AppData\Local\Temp\pytest-of-seegr\pytest-7\test_engine_startup_recovery0\Movies\Movie Large (2020).mkv: reset_to_pending_for_retry (previous status: encoding, temp cleaned: True)
[2026-09-07 20:15:49] [INFO    ] [av1_migrator:engine] === Pre-flight System Checks ===
[2026-09-07 20:15:49] [INFO    ] [av1_migrator:engine] ✓ Python (3.14.3)
[2026-09-07 20:15:49] [INFO    ] [av1_migrator:engine] ✓ FFmpeg (C:\bin\ffmpeg.exe)
[2026-09-07 20:15:49] [INFO    ] [av1_migrator:engine] ✓ FFprobe (C:\bin\ffprobe.exe)
[2026-09-07 20:15:49] [INFO    ] [av1_migrator:engine] ✓ NVIDIA GPU (nvidia-smi detected)
[2026-09-07 20:15:49] [INFO    ] [av1_migrator:engine] ✓ AV1 NVENC encoder available
[2026-09-07 20:15:49] [INFO    ] [av1_migrator:engine] ✓ CUDA scaling (scale_cuda)
[2026-09-07 20:15:49] [INFO    ] [av1_migrator:engine] ✓ Media root: Y:\srv\storage\Movies
[2026-09-07 20:15:49] [INFO    ] [av1_migrator:engine] ✓ Media root: Y:\media\TVShows
[2026-09-07 20:15:49] [INFO    ] [av1_migrator:engine] ✓ Storage safety (Y:\srv\storage\Movies): Free 2.21 TB >= Min 1.00 TB
[2026-09-07 20:15:49] [INFO    ] [av1_migrator:engine] Checking database for uncompleted/interrupted migration tasks from previous runs...
[2026-09-07 20:15:49] [INFO    ] [av1_migrator:engine] Startup recovery: Database is clean, no interrupted tasks found.
[2026-09-07 20:15:49] [INFO    ] [av1_migrator:engine] Starting media discovery and queue preparation...
[2026-09-07 20:15:53] [INFO    ] [av1_migrator:engine] Discovered 7688 candidate files across media roots. Sorting by size...
[2026-09-07 20:16:06] [INFO    ] [av1_migrator:engine] === DRY RUN SUMMARY ===
[2026-09-07 20:16:06] [INFO    ] [av1_migrator:engine] 
DRY RUN SUMMARY:
  Eligible files to convert: 2
  Already AV1/Completed:     29
  Skipped (No Eng/etc):      12127
  Probe Errors:              0
  Total source size:         11.44 MB
  Estimated output size:     ~4.00 MB
  Estimated savings:         ~7.43 MB

[2026-09-07 20:16:28] [INFO    ] [av1_migrator:engine] === Pre-flight System Checks ===
[2026-09-07 20:16:28] [INFO    ] [av1_migrator:engine] ✓ Python (3.14.3)
[2026-09-07 20:16:28] [INFO    ] [av1_migrator:engine] ✓ FFmpeg (C:\bin\ffmpeg.exe)
[2026-09-07 20:16:28] [INFO    ] [av1_migrator:engine] ✓ FFprobe (C:\bin\ffprobe.exe)
[2026-09-07 20:16:28] [INFO    ] [av1_migrator:engine] ✓ NVIDIA GPU (nvidia-smi detected)
[2026-09-07 20:16:28] [INFO    ] [av1_migrator:engine] ✓ AV1 NVENC encoder available
[2026-09-07 20:16:28] [INFO    ] [av1_migrator:engine] ✓ CUDA scaling (scale_cuda)
[2026-09-07 20:16:28] [INFO    ] [av1_migrator:engine] ✓ Media root: Y:\srv\storage\Movies
[2026-09-07 20:16:28] [INFO    ] [av1_migrator:engine] ✓ Media root: Y:\media\TVShows
[2026-09-07 20:16:28] [INFO    ] [av1_migrator:engine] ✓ Storage safety (Y:\srv\storage\Movies): Free 2.21 TB >= Min 1.00 TB
[2026-09-07 20:16:28] [INFO    ] [av1_migrator:engine] Checking database for uncompleted/interrupted migration tasks from previous runs...
[2026-09-07 20:16:28] [INFO    ] [av1_migrator:engine] Startup recovery: Database is clean, no interrupted tasks found.
[2026-09-07 20:16:28] [INFO    ] [av1_migrator:engine] Starting media discovery and queue preparation...
[2026-09-07 20:16:31] [INFO    ] [av1_migrator:engine] Discovered 7688 candidate files across media roots. Sorting by size...
[2026-09-07 20:16:50] [INFO    ] [av1_migrator:engine] Probing media files: 250/7688 (3.3%) - Car Filming Time Lapse.mkv
[2026-09-07 20:17:03] [INFO    ] [av1_migrator:engine] Probing media files: 500/7688 (6.5%) - ATHF S01E17 Mail Order Bride.mp4
[2026-09-07 20:17:18] [INFO    ] [av1_migrator:engine] Probing media files: 750/7688 (9.8%) - Adventure Time S06E15 Nemesis.mp4
[2026-09-07 20:17:32] [INFO    ] [av1_migrator:engine] Probing media files: 1000/7688 (13.0%) - Bluey.S03E12.720p.WEBRip.x264-GalaxyTV.mkv
[2026-09-07 20:17:47] [INFO    ] [av1_migrator:engine] Probing media files: 1250/7688 (16.3%) - The King of Queens S04E08 Life Sentence.mp4
[2026-09-07 20:18:05] [INFO    ] [av1_migrator:engine] Probing media files: 1500/7688 (19.5%) - The King of Queens S09E09 Mild Bunch.mp4
[2026-09-07 20:18:19] [INFO    ] [av1_migrator:engine] Probing media files: 1750/7688 (22.8%) - The King of Queens S02E18 The Shmenkmans.mp4
[2026-09-07 20:18:32] [INFO    ] [av1_migrator:engine] Probing media files: 2000/7688 (26.0%) - S09E11 Customer Loyalty Deleted Scenes.mkv
[2026-09-07 20:18:47] [INFO    ] [av1_migrator:engine] Probing media files: 2250/7688 (29.3%) - Podcast 04.mkv
[2026-09-07 20:19:04] [INFO    ] [av1_migrator:engine] Probing media files: 2500/7688 (32.5%) - friends.s07e23.720p.bluray.x264-mrs.sujaidr.mkv
[2026-09-07 20:19:16] [INFO    ] [av1_migrator:engine] Probing media files: 2750/7688 (35.8%) - BoJack.Horseman.S01E07.Say.Anything.mkv
[2026-09-07 20:19:30] [INFO    ] [av1_migrator:engine] Probing media files: 3000/7688 (39.0%) - friends_s02e23_720p_bluray_sujaidr.mkv
[2026-09-07 20:19:43] [INFO    ] [av1_migrator:engine] Probing media files: 3250/7688 (42.3%) - Futurama - S02E04 - Fry & the Slurm Factory HDTV-1080p.mkv
[2026-09-07 20:19:53] [INFO    ] [av1_migrator:engine] Probing media files: 3500/7688 (45.5%) - Phineas and Ferb - S04E31-E32 - Return Policy & Imperfect Storm (1080p WEB-DL x265 HEVC 10bit AAC 2.0 RCVR) [UTR].mkv
[2026-09-07 20:20:01] [INFO    ] [av1_migrator:engine] Probing media files: 3750/7688 (48.8%) - King of the Hill (1997) - S09E01 - A Rover Runs Through It (480p DVD x265 r00t).mkv
[2026-09-07 20:20:11] [INFO    ] [av1_migrator:engine] Probing media files: 4000/7688 (52.0%) - Wizards of Waverly Place S01E11 Potion Commotion.mkv
[2026-09-07 20:20:17] [INFO    ] [av1_migrator:engine] Probing media files: 4250/7688 (55.3%) - Bones s02e08 The Woman in the Sand.mkv
[2026-09-07 20:20:29] [INFO    ] [av1_migrator:engine] Probing media files: 4500/7688 (58.5%) - MythBusters S14E09 Reddit Special.mp4
[2026-09-07 20:20:36] [INFO    ] [av1_migrator:engine] Probing media files: 4750/7688 (61.8%) - Beauty and the Beast - s03e06 - Beggar's Comet.avi
[2026-09-07 20:20:36] [INFO    ] [av1_migrator:engine] Probing media files: 5000/7688 (65.0%) - MythBusters S02E04 Sinking Titanic - Goldfish Memory - Trombone Explosion.avi
[2026-09-07 20:20:44] [INFO    ] [av1_migrator:engine] Probing media files: 5250/7688 (68.3%) - Season 8 Blooper Reel.mkv
[2026-09-07 20:20:57] [INFO    ] [av1_migrator:engine] Probing media files: 5500/7688 (71.5%) - Young Sheldon - S02E21 - A Broken Heart and a Crock Monster Bluray-1080p.mkv
[2026-09-07 20:21:12] [INFO    ] [av1_migrator:engine] Probing media files: 5750/7688 (74.8%) - Better Call Saul S05e10 Something Unforgivable.mkv
[2026-09-07 20:21:34] [INFO    ] [av1_migrator:engine] Probing media files: 6000/7688 (78.0%) - The Office (US) (2005) - S07E06 - Costume Contest (1080p BluRay x265 Silence).mkv
[2026-09-07 20:21:50] [INFO    ] [av1_migrator:engine] Probing media files: 6250/7688 (81.3%) - Wednesday.S01E06.Quid.Pro.Woe.1080p.10bit.BluRay.AAC5.1.HEVC-Vyndros.mkv
[2026-09-07 20:22:11] [INFO    ] [av1_migrator:engine] Probing media files: 6500/7688 (84.5%) - The Office (US) (2005) - S04E01-E02 - Fun Run (1080p BluRay x265 Silence).mkv
[2026-09-07 20:22:38] [INFO    ] [av1_migrator:engine] Probing media files: 6750/7688 (87.8%) - Big Brother (2018) Bluray-1080p.mp4
[2026-09-07 20:22:58] [INFO    ] [av1_migrator:engine] Probing media files: 7000/7688 (91.1%) - Annihilation (2018).mkv
[2026-09-07 20:23:20] [INFO    ] [av1_migrator:engine] Probing media files: 7250/7688 (94.3%) - Deadpool 2 (2018).mp4
[2026-09-07 20:23:37] [INFO    ] [av1_migrator:engine] Probing media files: 7500/7688 (97.6%) - The Rescuers (1977).mkv
[2026-09-07 20:24:03] [INFO    ] [av1_migrator:engine] Probing media files: 7688/7688 (100.0%) - Transformers - The Last Knight (2017).m2ts
[2026-09-07 20:24:04] [INFO    ] [av1_migrator:engine] === Pre-flight System Checks ===
[2026-09-07 20:24:04] [INFO    ] [av1_migrator:engine] ✓ Python (3.14.3)
[2026-09-07 20:24:04] [INFO    ] [av1_migrator:engine] ✓ FFmpeg (C:\bin\ffmpeg.exe)
[2026-09-07 20:24:04] [INFO    ] [av1_migrator:engine] ✓ FFprobe (C:\bin\ffprobe.exe)
[2026-09-07 20:24:04] [INFO    ] [av1_migrator:engine] ✓ NVIDIA GPU (nvidia-smi detected)
[2026-09-07 20:24:04] [INFO    ] [av1_migrator:engine] ✓ AV1 NVENC encoder available
[2026-09-07 20:24:04] [INFO    ] [av1_migrator:engine] ✓ CUDA scaling (scale_cuda)
[2026-09-07 20:24:04] [INFO    ] [av1_migrator:engine] ✓ Media root: C:\Users\seegr\AppData\Local\Temp\pytest-of-seegr\pytest-8\test_engine_dry_run0\Movies
[2026-09-07 20:24:04] [INFO    ] [av1_migrator:engine] ✓ Storage safety (C:\Users\seegr\AppData\Local\Temp\pytest-of-seegr\pytest-8\test_engine_dry_run0\Movies): Free 51.02 GB >= Min 10.00 KB
[2026-09-07 20:24:04] [INFO    ] [av1_migrator:engine] Checking database for uncompleted/interrupted migration tasks from previous runs...
[2026-09-07 20:24:04] [INFO    ] [av1_migrator:engine] Startup recovery: Database is clean, no interrupted tasks found.
[2026-09-07 20:24:04] [INFO    ] [av1_migrator:engine] Starting media discovery and queue preparation...
[2026-09-07 20:24:04] [INFO    ] [av1_migrator:engine] Discovered 2 candidate files across media roots. Sorting by size...
[2026-09-07 20:24:04] [INFO    ] [av1_migrator:engine] Probing media files: 2/2 (100.0%) - Movie Large (2020).mkv
[2026-09-07 20:24:04] [INFO    ] [av1_migrator:engine] === DRY RUN SUMMARY ===
[2026-09-07 20:24:04] [INFO    ] [av1_migrator:engine] 
DRY RUN SUMMARY:
  Eligible files to convert: 2
  Already AV1/Completed:     0
  Skipped (No Eng/etc):      0
  Probe Errors:              0
  Total source size:         58.59 KB
  Estimated output size:     ~20.51 KB
  Estimated savings:         ~38.09 KB

[2026-09-07 20:24:04] [INFO    ] [av1_migrator:encoder] Starting FFmpeg encode for scenes8.mkv (CUDA scale: True)
[2026-09-07 20:24:04] [INFO    ] [av1_migrator:engine] === Pre-flight System Checks ===
[2026-09-07 20:24:04] [INFO    ] [av1_migrator:engine] ✓ Python (3.14.3)
[2026-09-07 20:24:04] [INFO    ] [av1_migrator:engine] ✓ FFmpeg (C:\bin\ffmpeg.exe)
[2026-09-07 20:24:04] [INFO    ] [av1_migrator:engine] ✓ FFprobe (C:\bin\ffprobe.exe)
[2026-09-07 20:24:04] [INFO    ] [av1_migrator:engine] ✓ NVIDIA GPU (nvidia-smi detected)
[2026-09-07 20:24:04] [INFO    ] [av1_migrator:engine] ✓ AV1 NVENC encoder available
[2026-09-07 20:24:04] [INFO    ] [av1_migrator:engine] ✓ CUDA scaling (scale_cuda)
[2026-09-07 20:24:04] [INFO    ] [av1_migrator:engine] ✓ Media root: C:\Users\seegr\AppData\Local\Temp\pytest-of-seegr\pytest-8\test_engine_full_workflow_succ0\Movies
[2026-09-07 20:24:04] [INFO    ] [av1_migrator:engine] ✓ Storage safety (C:\Users\seegr\AppData\Local\Temp\pytest-of-seegr\pytest-8\test_engine_full_workflow_succ0\Movies): Free 51.02 GB >= Min 10.00 KB
[2026-09-07 20:24:04] [INFO    ] [av1_migrator:engine] Checking database for uncompleted/interrupted migration tasks from previous runs...
[2026-09-07 20:24:04] [INFO    ] [av1_migrator:engine] Startup recovery: Database is clean, no interrupted tasks found.
[2026-09-07 20:24:04] [INFO    ] [av1_migrator:engine] Starting media discovery and queue preparation...
[2026-09-07 20:24:04] [INFO    ] [av1_migrator:engine] Discovered 2 candidate files across media roots. Sorting by size...
[2026-09-07 20:24:04] [INFO    ] [av1_migrator:engine] Probing media files: 2/2 (100.0%) - Movie Large (2020).mkv
[2026-09-07 20:24:04] [WARNING ] [av1_migrator:encoder] CUDA scaling failed, retrying with software Lanczos scaling fallback...
[2026-09-07 20:24:04] [INFO    ] [av1_migrator:encoder] Retrying FFmpeg encode for scenes8.mkv with software scale
[2026-09-07 20:24:04] [INFO    ] [av1_migrator:engine] Promoted Movie Small (2021) [AV1 1080p SDR CQ28].mkv.encoding.mkv to Movie Small (2021) [AV1 1080p SDR CQ28].mkv
[2026-09-07 20:24:04] [INFO    ] [av1_migrator:engine] Safely deleted original file: C:\Users\seegr\AppData\Local\Temp\pytest-of-seegr\pytest-8\test_engine_full_workflow_succ0\Movies\Movie Small (2021).mkv
[2026-09-07 20:24:04] [INFO    ] [av1_migrator:engine] Successfully migrated Movie Small (2021).mkv -> Movie Small (2021) [AV1 1080p SDR CQ28].mkv (9.77 KB -> 17 B, saved 9.75 KB)
[2026-09-07 20:24:05] [INFO    ] [av1_migrator:engine] === Migration Summary ===
[2026-09-07 20:24:05] [INFO    ] [av1_migrator:engine] Completed: 1
[2026-09-07 20:24:05] [INFO    ] [av1_migrator:engine] Failed:    0
[2026-09-07 20:24:05] [INFO    ] [av1_migrator:engine] Skipped:   0
[2026-09-07 20:24:05] [INFO    ] [av1_migrator:engine] Source:    9.77 KB
[2026-09-07 20:24:05] [INFO    ] [av1_migrator:engine] Output:    17 B
[2026-09-07 20:24:05] [INFO    ] [av1_migrator:engine] Saved:     9.75 KB (99.8%)
[2026-09-07 20:24:05] [INFO    ] [av1_migrator:engine] Checking database for uncompleted/interrupted migration tasks from previous runs...
[2026-09-07 20:24:05] [WARNING ] [av1_migrator:engine] Startup recovery: Found and resolved 1 interrupted tasks.
[2026-09-07 20:24:05] [INFO    ] [av1_migrator:engine]   - C:\Users\seegr\AppData\Local\Temp\pytest-of-seegr\pytest-8\test_engine_startup_recovery0\Movies\Movie Large (2020).mkv: reset_to_pending_for_retry (previous status: encoding, temp cleaned: True)
[2026-09-07 20:24:09] [INFO    ] [av1_migrator:engine] === Pre-flight System Checks ===
[2026-09-07 20:24:09] [INFO    ] [av1_migrator:engine] ✓ Python (3.14.3)
[2026-09-07 20:24:09] [INFO    ] [av1_migrator:engine] ✓ FFmpeg (C:\bin\ffmpeg.exe)
[2026-09-07 20:24:09] [INFO    ] [av1_migrator:engine] ✓ FFprobe (C:\bin\ffprobe.exe)
[2026-09-07 20:24:09] [INFO    ] [av1_migrator:engine] ✓ NVIDIA GPU (nvidia-smi detected)
[2026-09-07 20:24:09] [INFO    ] [av1_migrator:engine] ✓ AV1 NVENC encoder available
[2026-09-07 20:24:09] [INFO    ] [av1_migrator:engine] ✓ CUDA scaling (scale_cuda)
[2026-09-07 20:24:09] [INFO    ] [av1_migrator:engine] ✓ Media root: Y:\srv\storage\Movies
[2026-09-07 20:24:09] [INFO    ] [av1_migrator:engine] ✓ Media root: Y:\media\TVShows
[2026-09-07 20:24:09] [INFO    ] [av1_migrator:engine] ✓ Storage safety (Y:\srv\storage\Movies): Free 2.21 TB >= Min 1.00 TB
[2026-09-07 20:24:09] [INFO    ] [av1_migrator:engine] Checking database for uncompleted/interrupted migration tasks from previous runs...
[2026-09-07 20:24:10] [WARNING ] [av1_migrator:engine] Startup recovery: Found and resolved 1 interrupted tasks.
[2026-09-07 20:24:10] [INFO    ] [av1_migrator:engine]   - Y:\media\TVShows\Breaking Bad (2008)\Featurettes\Season 2\Deleted Scenes\scenes8.mkv: reset_to_pending_for_retry (previous status: encoding, temp cleaned: False)
[2026-09-07 20:24:10] [INFO    ] [av1_migrator:engine] Starting media discovery and queue preparation...
[2026-09-07 20:24:19] [INFO    ] [av1_migrator:engine] Discovered 7688 candidate files across media roots. Sorting by size...
[2026-09-07 20:24:32] [INFO    ] [av1_migrator:engine] Promoted scenes8 [AV1 1080p SDR CQ28].mkv.encoding.mkv to scenes8 [AV1 1080p SDR CQ28].mkv
[2026-09-07 20:24:32] [INFO    ] [av1_migrator:engine] Safely deleted original file: Y:\media\TVShows\Breaking Bad (2008)\Featurettes\Season 2\Deleted Scenes\scenes8.mkv
[2026-09-07 20:24:32] [INFO    ] [av1_migrator:engine] Successfully migrated scenes8.mkv -> scenes8 [AV1 1080p SDR CQ28].mkv (5.63 MB -> 23.36 MB, saved -17.74 MB)
[2026-09-07 20:24:32] [INFO    ] [av1_migrator:encoder] Starting FFmpeg encode for Global Warming.mkv (CUDA scale: True)
[2026-09-07 20:24:32] [WARNING ] [av1_migrator:encoder] CUDA scaling failed, retrying with software Lanczos scaling fallback...
[2026-09-07 20:24:32] [INFO    ] [av1_migrator:encoder] Retrying FFmpeg encode for Global Warming.mkv with software scale
[2026-09-07 20:24:35] [INFO    ] [av1_migrator:engine] Promoted Global Warming [AV1 1080p SDR CQ28].mkv.encoding.mkv to Global Warming [AV1 1080p SDR CQ28].mkv
[2026-09-07 20:24:35] [INFO    ] [av1_migrator:engine] Safely deleted original file: Y:\media\TVShows\King of the Hill (1997)\Featurettes\Season 1\Dale's Favorite Conspiracies\Global Warming.mkv
[2026-09-07 20:24:35] [INFO    ] [av1_migrator:engine] Successfully migrated Global Warming.mkv -> Global Warming [AV1 1080p SDR CQ28].mkv (5.81 MB -> 13.73 MB, saved -7.92 MB)
[2026-09-07 20:24:35] [INFO    ] [av1_migrator:encoder] Starting FFmpeg encode for Introduction by John Lasseter.mkv (CUDA scale: True)
[2026-09-07 20:24:35] [WARNING ] [av1_migrator:encoder] CUDA scaling failed, retrying with software Lanczos scaling fallback...
[2026-09-07 20:24:35] [INFO    ] [av1_migrator:encoder] Retrying FFmpeg encode for Introduction by John Lasseter.mkv with software scale
[2026-09-07 20:24:36] [WARNING ] [av1_migrator:engine] Could not stat Y:\media\TVShows\King of the Hill (1997)\Featurettes\Season 1\Dale's Favorite Conspiracies\Global Warming.mkv: [WinError 2] The system cannot find the file specified: "Y:\\media\\TVShows\\King of the Hill (1997)\\Featurettes\\Season 1\\Dale's Favorite Conspiracies\\Global Warming.mkv"
[2026-09-07 20:24:41] [WARNING ] [av1_migrator:engine] Could not stat Y:\media\TVShows\Breaking Bad (2008)\Featurettes\Season 2\Deleted Scenes\scenes8.mkv: [WinError 2] The system cannot find the file specified: 'Y:\\media\\TVShows\\Breaking Bad (2008)\\Featurettes\\Season 2\\Deleted Scenes\\scenes8.mkv'
[2026-09-07 20:24:41] [INFO    ] [av1_migrator:engine] Promoted Introduction by John Lasseter [AV1 1080p SDR CQ28].mkv.encoding.mkv to Introduction by John Lasseter [AV1 1080p SDR CQ28].mkv
[2026-09-07 20:24:41] [INFO    ] [av1_migrator:engine] Safely deleted original file: Y:\srv\storage\Movies\Spirited Away (2001)\Featurettes\Introduction by John Lasseter.mkv
[2026-09-07 20:24:41] [INFO    ] [av1_migrator:engine] Successfully migrated Introduction by John Lasseter.mkv -> Introduction by John Lasseter [AV1 1080p SDR CQ28].mkv (5.91 MB -> 32.17 MB, saved -26.25 MB)
[2026-09-07 20:24:41] [INFO    ] [av1_migrator:encoder] Starting FFmpeg encode for Museums.mkv (CUDA scale: True)
[2026-09-07 20:24:42] [WARNING ] [av1_migrator:encoder] CUDA scaling failed, retrying with software Lanczos scaling fallback...
[2026-09-07 20:24:42] [INFO    ] [av1_migrator:encoder] Retrying FFmpeg encode for Museums.mkv with software scale
[2026-09-07 20:24:45] [INFO    ] [av1_migrator:engine] Promoted Museums [AV1 1080p SDR CQ28].mkv.encoding.mkv to Museums [AV1 1080p SDR CQ28].mkv
[2026-09-07 20:24:46] [INFO    ] [av1_migrator:engine] Safely deleted original file: Y:\media\TVShows\The Office (US) (2005)\Featurettes\Featurettes\Season 8\The Office Promos - XLVI Football Championship\Museums.mkv
[2026-09-07 20:24:46] [INFO    ] [av1_migrator:engine] Successfully migrated Museums.mkv -> Museums [AV1 1080p SDR CQ28].mkv (6.04 MB -> 8.12 MB, saved -2.08 MB)
[2026-09-07 20:24:46] [INFO    ] [av1_migrator:encoder] Starting FFmpeg encode for Electric Arc Test.mkv (CUDA scale: True)
[2026-09-07 20:24:46] [WARNING ] [av1_migrator:encoder] CUDA scaling failed, retrying with software Lanczos scaling fallback...
[2026-09-07 20:24:46] [INFO    ] [av1_migrator:encoder] Retrying FFmpeg encode for Electric Arc Test.mkv with software scale
[2026-09-07 20:24:47] [INFO    ] [av1_migrator:engine] === DRY RUN SUMMARY ===
[2026-09-07 20:24:47] [INFO    ] [av1_migrator:engine] 
DRY RUN SUMMARY:
  Eligible files to convert: 2
  Already AV1/Completed:     34
  Skipped (No Eng/etc):      12130
  Probe Errors:              0
  Total source size:         12.71 MB
  Estimated output size:     ~4.45 MB
  Estimated savings:         ~8.26 MB

[2026-09-07 20:24:50] [INFO    ] [av1_migrator:engine] Promoted Electric Arc Test [AV1 1080p SDR CQ28].mkv.encoding.mkv to Electric Arc Test [AV1 1080p SDR CQ28].mkv
[2026-09-07 20:24:50] [INFO    ] [av1_migrator:engine] Safely deleted original file: Y:\media\TVShows\Breaking Bad (2008)\Featurettes\Season 5\Featurettes 5.1\Inside Breaking Bad\Electric Arc Test.mkv
[2026-09-07 20:24:50] [INFO    ] [av1_migrator:engine] Successfully migrated Electric Arc Test.mkv -> Electric Arc Test [AV1 1080p SDR CQ28].mkv (6.35 MB -> 11.35 MB, saved -5.01 MB)
[2026-09-07 20:24:50] [INFO    ] [av1_migrator:encoder] Starting FFmpeg encode for Glee S03X02 Extended Scene First Time.mp4 (CUDA scale: True)
[2026-09-07 20:24:50] [WARNING ] [av1_migrator:encoder] CUDA scaling failed, retrying with software Lanczos scaling fallback...
[2026-09-07 20:24:50] [INFO    ] [av1_migrator:encoder] Retrying FFmpeg encode for Glee S03X02 Extended Scene First Time.mp4 with software scale
[2026-09-07 20:25:00] [INFO    ] [av1_migrator:engine] Promoted Glee S03X02 Extended Scene First Time [AV1 1080p SDR CQ28].mkv.encoding.mkv to Glee S03X02 Extended Scene First Time [AV1 1080p SDR CQ28].mkv
[2026-09-07 20:25:00] [INFO    ] [av1_migrator:engine] Safely deleted original file: Y:\media\TVShows\Glee\S03\Glee S03X02 Extended Scene First Time.mp4
[2026-09-07 20:25:00] [INFO    ] [av1_migrator:engine] Successfully migrated Glee S03X02 Extended Scene First Time.mp4 -> Glee S03X02 Extended Scene First Time [AV1 1080p SDR CQ28].mkv (6.36 MB -> 37.13 MB, saved -30.77 MB)
[2026-09-07 20:25:00] [INFO    ] [av1_migrator:encoder] Starting FFmpeg encode for S01E05 - Hank's got the Willies.mkv (CUDA scale: True)
[2026-09-07 20:25:01] [WARNING ] [av1_migrator:encoder] CUDA scaling failed, retrying with software Lanczos scaling fallback...
[2026-09-07 20:25:01] [INFO    ] [av1_migrator:encoder] Retrying FFmpeg encode for S01E05 - Hank's got the Willies.mkv with software scale
[2026-09-07 20:25:03] [INFO    ] [av1_migrator:engine] Promoted S01E05 - Hank's got the Willies [AV1 1080p SDR CQ28].mkv.encoding.mkv to S01E05 - Hank's got the Willies [AV1 1080p SDR CQ28].mkv
[2026-09-07 20:25:04] [INFO    ] [av1_migrator:engine] Safely deleted original file: Y:\media\TVShows\King of the Hill (1997)\Featurettes\Season 1\Deleted and Extended Scenes\S01E05 - Hank's got the Willies.mkv
[2026-09-07 20:25:04] [INFO    ] [av1_migrator:engine] Successfully migrated S01E05 - Hank's got the Willies.mkv -> S01E05 - Hank's got the Willies [AV1 1080p SDR CQ28].mkv (6.71 MB -> 17.52 MB, saved -10.81 MB)
[2026-09-07 20:25:04] [INFO    ] [av1_migrator:encoder] Starting FFmpeg encode for Locked in a Trunk.mkv (CUDA scale: True)
[2026-09-07 20:25:04] [WARNING ] [av1_migrator:encoder] CUDA scaling failed, retrying with software Lanczos scaling fallback...
[2026-09-07 20:25:04] [INFO    ] [av1_migrator:encoder] Retrying FFmpeg encode for Locked in a Trunk.mkv with software scale
[2026-09-07 20:25:09] [WARNING ] [av1_migrator:engine] Received interrupt signal (Ctrl+C). Initiating safe stop...
[2026-09-07 20:25:09] [INFO    ] [av1_migrator:engine] Stopping migration safely: Ctrl+C interrupted
[2026-09-07 20:25:09] [WARNING ] [av1_migrator:encoder] Aborting FFmpeg encode: Ctrl+C interrupted
[2026-09-07 20:25:09] [INFO    ] [av1_migrator:engine] Removed temporary file: Y:\media\TVShows\Breaking Bad (2008)\Featurettes\Season 2\Behind The Scenes\Locked in a Trunk [AV1 1080p SDR CQ28].mkv.encoding.mkv
[2026-09-07 20:25:09] [INFO    ] [av1_migrator:engine] Stop requested by user. Aborting pipeline.
[2026-09-07 20:25:10] [INFO    ] [av1_migrator:engine] === Migration Summary ===
[2026-09-07 20:25:10] [INFO    ] [av1_migrator:engine] Completed: 97
[2026-09-07 20:25:10] [INFO    ] [av1_migrator:engine] Failed:    1
[2026-09-07 20:25:10] [INFO    ] [av1_migrator:engine] Skipped:   1694
[2026-09-07 20:25:10] [INFO    ] [av1_migrator:engine] Source:    132.38 MB
[2026-09-07 20:25:10] [INFO    ] [av1_migrator:engine] Output:    232.96 MB
[2026-09-07 20:25:10] [INFO    ] [av1_migrator:engine] Saved:     0 B (0.0%)
[2026-09-07 20:25:10] [WARNING ] [av1_migrator:engine] === FAILED FILES (2) ===
[2026-09-07 20:25:10] [WARNING ] [av1_migrator:engine]   - Y:\media\TVShows\Worst Roommate Ever\S02\Worst Roommate Ever S02E02.mkv: FFprobe error: ffprobe returned code 1: [matroska,webm @ 00000204c5607d00] 0x00 at pos 0 (0x0) invalid as first byte of an EBML number
[matroska,webm @ 00000204c5607d00] EBML header parsing failed
Y:\media\TVShows\Worst Roommate Ever\S02\Worst Roommate Ever S02E02.mkv: Invalid data found when processing input
[2026-09-07 20:25:10] [WARNING ] [av1_migrator:engine]   - Y:\media\TVShows\Breaking Bad (2008)\Season 1\Breaking Bad (2008) - S01E06 - Crazy Handful of Nothin' (1080p BluRay x265 Silence).mkv: FFprobe error: ffprobe returned code 3221225786: 
[2026-09-07 20:25:11] [INFO    ] [av1_migrator:engine] === Pre-flight System Checks ===
[2026-09-07 20:25:11] [INFO    ] [av1_migrator:engine] ✓ Python (3.14.3)
[2026-09-07 20:25:11] [INFO    ] [av1_migrator:engine] ✓ FFmpeg (C:\bin\ffmpeg.exe)
[2026-09-07 20:25:11] [INFO    ] [av1_migrator:engine] ✓ FFprobe (C:\bin\ffprobe.exe)
[2026-09-07 20:25:11] [INFO    ] [av1_migrator:engine] ✓ NVIDIA GPU (nvidia-smi detected)
[2026-09-07 20:25:11] [INFO    ] [av1_migrator:engine] ✓ AV1 NVENC encoder available
[2026-09-07 20:25:11] [INFO    ] [av1_migrator:engine] ✓ CUDA scaling (scale_cuda)
[2026-09-07 20:25:11] [INFO    ] [av1_migrator:engine] ✓ Media root: Y:\srv\storage\Movies
[2026-09-07 20:25:11] [INFO    ] [av1_migrator:engine] ✓ Media root: Y:\media\TVShows
[2026-09-07 20:25:11] [INFO    ] [av1_migrator:engine] ✓ Storage safety (Y:\srv\storage\Movies): Free 2.21 TB >= Min 1.00 TB
[2026-09-07 20:25:11] [INFO    ] [av1_migrator:engine] Checking database for uncompleted/interrupted migration tasks from previous runs...
[2026-09-07 20:25:11] [INFO    ] [av1_migrator:engine] Startup recovery: Database is clean, no interrupted tasks found.
[2026-09-07 20:25:11] [INFO    ] [av1_migrator:engine] Starting media discovery and queue preparation...
[2026-09-07 20:25:14] [INFO    ] [av1_migrator:engine] Discovered 7688 candidate files across media roots. Sorting by size...
[2026-09-07 20:25:32] [INFO    ] [av1_migrator:engine] Probing media files: 250/7688 (3.3%) - The Tortoise Scene.mkv
[2026-09-07 20:25:43] [INFO    ] [av1_migrator:engine] Probing media files: 500/7688 (6.5%) - Steven Universe S05E22 Made of Honor.mp4
[2026-09-07 20:25:58] [INFO    ] [av1_migrator:engine] Probing media files: 750/7688 (9.8%) - Adventure Time S05E02 Jake the Dog.mp4
[2026-09-07 20:26:11] [INFO    ] [av1_migrator:engine] Probing media files: 1000/7688 (13.0%) - Cast Talks About New Webisodes.mkv
[2026-09-07 20:26:25] [INFO    ] [av1_migrator:engine] Probing media files: 1250/7688 (16.3%) - The King of Queens S04E08 Life Sentence.mp4
[2026-09-07 20:26:42] [INFO    ] [av1_migrator:engine] Probing media files: 1500/7688 (19.5%) - The King of Queens S09E09 Mild Bunch.mp4
[2026-09-07 20:26:56] [INFO    ] [av1_migrator:engine] Probing media files: 1750/7688 (22.8%) - The King of Queens S02E18 The Shmenkmans.mp4
[2026-09-07 20:27:09] [INFO    ] [av1_migrator:engine] Probing media files: 2000/7688 (26.0%) - S09E11 Customer Loyalty Deleted Scenes.mkv
[2026-09-07 20:27:25] [INFO    ] [av1_migrator:engine] Probing media files: 2250/7688 (29.3%) - Podcast 04.mkv
[2026-09-07 20:27:40] [INFO    ] [av1_migrator:engine] Probing media files: 2500/7688 (32.5%) - friends.s07e23.720p.bluray.x264-mrs.sujaidr.mkv
[2026-09-07 20:27:53] [INFO    ] [av1_migrator:engine] Probing media files: 2750/7688 (35.8%) - BoJack.Horseman.S01E07.Say.Anything.mkv
[2026-09-07 20:28:06] [INFO    ] [av1_migrator:engine] Probing media files: 3000/7688 (39.0%) - friends_s02e23_720p_bluray_sujaidr.mkv
[2026-09-07 20:28:19] [INFO    ] [av1_migrator:engine] Probing media files: 3250/7688 (42.3%) - Futurama - S02E04 - Fry & the Slurm Factory HDTV-1080p.mkv
[2026-09-07 20:28:30] [INFO    ] [av1_migrator:engine] Probing media files: 3500/7688 (45.5%) - Phineas and Ferb - S04E31-E32 - Return Policy & Imperfect Storm (1080p WEB-DL x265 HEVC 10bit AAC 2.0 RCVR) [UTR].mkv
[2026-09-07 20:28:38] [INFO    ] [av1_migrator:engine] Probing media files: 3750/7688 (48.8%) - King of the Hill (1997) - S09E01 - A Rover Runs Through It (480p DVD x265 r00t).mkv
[2026-09-07 20:28:48] [INFO    ] [av1_migrator:engine] Probing media files: 4000/7688 (52.0%) - Wizards of Waverly Place S01E11 Potion Commotion.mkv
[2026-09-07 20:28:54] [INFO    ] [av1_migrator:engine] Probing media files: 4250/7688 (55.3%) - Bones s02e08 The Woman in the Sand.mkv
[2026-09-07 20:29:06] [INFO    ] [av1_migrator:engine] Probing media files: 4500/7688 (58.5%) - MythBusters S14E09 Reddit Special.mp4
[2026-09-07 20:29:13] [INFO    ] [av1_migrator:engine] Probing media files: 4750/7688 (61.8%) - Beauty and the Beast - s03e06 - Beggar's Comet.avi
[2026-09-07 20:29:13] [INFO    ] [av1_migrator:engine] Probing media files: 5000/7688 (65.0%) - MythBusters S02E04 Sinking Titanic - Goldfish Memory - Trombone Explosion.avi
[2026-09-07 20:29:20] [INFO    ] [av1_migrator:engine] Probing media files: 5250/7688 (68.3%) - Season 8 Blooper Reel.mkv
[2026-09-07 20:29:33] [INFO    ] [av1_migrator:engine] Probing media files: 5500/7688 (71.5%) - Young Sheldon - S02E21 - A Broken Heart and a Crock Monster Bluray-1080p.mkv
[2026-09-07 20:29:46] [INFO    ] [av1_migrator:engine] Probing media files: 5750/7688 (74.8%) - Better Call Saul S05e10 Something Unforgivable.mkv
[2026-09-07 20:30:06] [INFO    ] [av1_migrator:engine] Probing media files: 6000/7688 (78.0%) - The Office (US) (2005) - S07E06 - Costume Contest (1080p BluRay x265 Silence).mkv
[2026-09-07 20:30:21] [INFO    ] [av1_migrator:engine] Probing media files: 6250/7688 (81.3%) - Wednesday.S01E06.Quid.Pro.Woe.1080p.10bit.BluRay.AAC5.1.HEVC-Vyndros.mkv
[2026-09-07 20:30:41] [INFO    ] [av1_migrator:engine] Probing media files: 6500/7688 (84.5%) - The Office (US) (2005) - S04E01-E02 - Fun Run (1080p BluRay x265 Silence).mkv
[2026-09-07 20:31:03] [INFO    ] [av1_migrator:engine] Probing media files: 6750/7688 (87.8%) - Big Brother (2018) Bluray-1080p.mp4
[2026-09-07 20:31:23] [INFO    ] [av1_migrator:engine] Probing media files: 7000/7688 (91.1%) - Annihilation (2018).mkv
[2026-09-07 20:31:46] [INFO    ] [av1_migrator:engine] Probing media files: 7250/7688 (94.3%) - Deadpool 2 (2018).mp4
[2026-09-07 20:32:03] [INFO    ] [av1_migrator:engine] Probing media files: 7500/7688 (97.6%) - The Rescuers (1977).mkv
[2026-09-07 20:32:29] [INFO    ] [av1_migrator:engine] Probing media files: 7688/7688 (100.0%) - Transformers - The Last Knight (2017).m2ts
[2026-09-07 20:32:29] [INFO    ] [av1_migrator:encoder] Starting FFmpeg encode for Locked in a Trunk.mkv (CUDA scale: True)
[2026-09-07 20:32:29] [WARNING ] [av1_migrator:encoder] CUDA scaling failed, retrying with software Lanczos scaling fallback...
[2026-09-07 20:32:29] [INFO    ] [av1_migrator:encoder] Retrying FFmpeg encode for Locked in a Trunk.mkv with software scale
[2026-09-07 20:32:49] [INFO    ] [av1_migrator:engine] Promoted Locked in a Trunk [AV1 1080p SDR CQ28].mkv.encoding.mkv to Locked in a Trunk [AV1 1080p SDR CQ28].mkv
[2026-09-07 20:32:49] [INFO    ] [av1_migrator:engine] Safely deleted original file: Y:\media\TVShows\Breaking Bad (2008)\Featurettes\Season 2\Behind The Scenes\Locked in a Trunk.mkv
[2026-09-07 20:32:49] [INFO    ] [av1_migrator:engine] Successfully migrated Locked in a Trunk.mkv -> Locked in a Trunk [AV1 1080p SDR CQ28].mkv (6.73 MB -> 30.49 MB, saved -23.76 MB)
[2026-09-07 20:32:49] [INFO    ] [av1_migrator:encoder] Starting FFmpeg encode for Scenes02.mkv (CUDA scale: True)
[2026-09-07 20:32:50] [WARNING ] [av1_migrator:encoder] CUDA scaling failed, retrying with software Lanczos scaling fallback...
[2026-09-07 20:32:50] [INFO    ] [av1_migrator:encoder] Retrying FFmpeg encode for Scenes02.mkv with software scale
[2026-09-07 20:33:07] [INFO    ] [av1_migrator:engine] Promoted Scenes02 [AV1 1080p SDR CQ28].mkv.encoding.mkv to Scenes02 [AV1 1080p SDR CQ28].mkv
[2026-09-07 20:33:07] [INFO    ] [av1_migrator:engine] Safely deleted original file: Y:\media\TVShows\Breaking Bad (2008)\Featurettes\Season 4\Deleted Scenes\Scenes02.mkv
[2026-09-07 20:33:07] [INFO    ] [av1_migrator:engine] Successfully migrated Scenes02.mkv -> Scenes02 [AV1 1080p SDR CQ28].mkv (6.74 MB -> 41.08 MB, saved -34.35 MB)
[2026-09-07 20:33:07] [INFO    ] [av1_migrator:encoder] Starting FFmpeg encode for S01E01 - Pilot.mkv (CUDA scale: True)
[2026-09-07 20:33:07] [WARNING ] [av1_migrator:encoder] CUDA scaling failed, retrying with software Lanczos scaling fallback...
[2026-09-07 20:33:07] [INFO    ] [av1_migrator:encoder] Retrying FFmpeg encode for S01E01 - Pilot.mkv with software scale
[2026-09-07 20:33:10] [INFO    ] [av1_migrator:engine] Promoted S01E01 - Pilot [AV1 1080p SDR CQ28].mkv.encoding.mkv to S01E01 - Pilot [AV1 1080p SDR CQ28].mkv
[2026-09-07 20:33:10] [INFO    ] [av1_migrator:engine] Safely deleted original file: Y:\media\TVShows\King of the Hill (1997)\Featurettes\Season 1\Deleted and Extended Scenes\S01E01 - Pilot.mkv
[2026-09-07 20:33:10] [INFO    ] [av1_migrator:engine] Successfully migrated S01E01 - Pilot.mkv -> S01E01 - Pilot [AV1 1080p SDR CQ28].mkv (6.96 MB -> 18.20 MB, saved -11.23 MB)
[2026-09-07 20:33:10] [INFO    ] [av1_migrator:encoder] Starting FFmpeg encode for S02E09 - The Company Man.mkv (CUDA scale: True)
[2026-09-07 20:33:11] [WARNING ] [av1_migrator:encoder] CUDA scaling failed, retrying with software Lanczos scaling fallback...
[2026-09-07 20:33:11] [INFO    ] [av1_migrator:encoder] Retrying FFmpeg encode for S02E09 - The Company Man.mkv with software scale
[2026-09-07 20:33:14] [INFO    ] [av1_migrator:engine] Promoted S02E09 - The Company Man [AV1 1080p SDR CQ28].mkv.encoding.mkv to S02E09 - The Company Man [AV1 1080p SDR CQ28].mkv
[2026-09-07 20:33:14] [INFO    ] [av1_migrator:engine] Safely deleted original file: Y:\media\TVShows\King of the Hill (1997)\Featurettes\Season 2\Deleted and Extended Scenes\S02E09 - The Company Man.mkv
[2026-09-07 20:33:14] [INFO    ] [av1_migrator:engine] Successfully migrated S02E09 - The Company Man.mkv -> S02E09 - The Company Man [AV1 1080p SDR CQ28].mkv (6.98 MB -> 21.40 MB, saved -14.42 MB)
[2026-09-07 20:33:14] [INFO    ] [av1_migrator:encoder] Starting FFmpeg encode for Scenes06.mkv (CUDA scale: True)
[2026-09-07 20:33:15] [WARNING ] [av1_migrator:encoder] CUDA scaling failed, retrying with software Lanczos scaling fallback...
[2026-09-07 20:33:15] [INFO    ] [av1_migrator:encoder] Retrying FFmpeg encode for Scenes06.mkv with software scale
[2026-09-07 20:33:47] [INFO    ] [av1_migrator:engine] Promoted Scenes06 [AV1 1080p SDR CQ28].mkv.encoding.mkv to Scenes06 [AV1 1080p SDR CQ28].mkv
[2026-09-07 20:33:47] [INFO    ] [av1_migrator:engine] Safely deleted original file: Y:\media\TVShows\Breaking Bad (2008)\Featurettes\Season 4\Deleted Scenes\Scenes06.mkv
[2026-09-07 20:33:47] [INFO    ] [av1_migrator:engine] Successfully migrated Scenes06.mkv -> Scenes06 [AV1 1080p SDR CQ28].mkv (7.07 MB -> 32.36 MB, saved -25.29 MB)
[2026-09-07 20:33:47] [INFO    ] [av1_migrator:encoder] Starting FFmpeg encode for Meet the Writers.mkv (CUDA scale: True)
[2026-09-07 20:33:47] [WARNING ] [av1_migrator:encoder] CUDA scaling failed, retrying with software Lanczos scaling fallback...
[2026-09-07 20:33:47] [INFO    ] [av1_migrator:encoder] Retrying FFmpeg encode for Meet the Writers.mkv with software scale
[2026-09-07 20:33:59] [INFO    ] [av1_migrator:engine] Promoted Meet the Writers [AV1 1080p SDR CQ28].mkv.encoding.mkv to Meet the Writers [AV1 1080p SDR CQ28].mkv
[2026-09-07 20:33:59] [INFO    ] [av1_migrator:engine] Safely deleted original file: Y:\media\TVShows\The Office (US) (2005)\Featurettes\Webisodes\4. Blackmail\Extras\Meet the Writers.mkv
[2026-09-07 20:33:59] [INFO    ] [av1_migrator:engine] Successfully migrated Meet the Writers.mkv -> Meet the Writers [AV1 1080p SDR CQ28].mkv (7.14 MB -> 32.53 MB, saved -25.39 MB)
[2026-09-07 20:33:59] [INFO    ] [av1_migrator:encoder] Starting FFmpeg encode for Easter Egg - Boomhauer Clips.mkv (CUDA scale: True)
[2026-09-07 20:33:59] [WARNING ] [av1_migrator:encoder] CUDA scaling failed, retrying with software Lanczos scaling fallback...
[2026-09-07 20:33:59] [INFO    ] [av1_migrator:encoder] Retrying FFmpeg encode for Easter Egg - Boomhauer Clips.mkv with software scale
[2026-09-07 20:34:02] [INFO    ] [av1_migrator:engine] Promoted Easter Egg - Boomhauer Clips [AV1 1080p SDR CQ28].mkv.encoding.mkv to Easter Egg - Boomhauer Clips [AV1 1080p SDR CQ28].mkv
[2026-09-07 20:34:02] [INFO    ] [av1_migrator:engine] Safely deleted original file: Y:\media\TVShows\King of the Hill (1997)\Featurettes\Season 2\Easter Egg - Boomhauer Clips.mkv
[2026-09-07 20:34:02] [INFO    ] [av1_migrator:engine] Successfully migrated Easter Egg - Boomhauer Clips.mkv -> Easter Egg - Boomhauer Clips [AV1 1080p SDR CQ28].mkv (7.49 MB -> 17.82 MB, saved -10.33 MB)
[2026-09-07 20:34:02] [INFO    ] [av1_migrator:encoder] Starting FFmpeg encode for S07E17 Threat Level Midnight Deleted Scenes.mkv (CUDA scale: True)
[2026-09-07 20:34:03] [WARNING ] [av1_migrator:encoder] CUDA scaling failed, retrying with software Lanczos scaling fallback...
[2026-09-07 20:34:03] [INFO    ] [av1_migrator:encoder] Retrying FFmpeg encode for S07E17 Threat Level Midnight Deleted Scenes.mkv with software scale
[2026-09-07 20:34:06] [INFO    ] [av1_migrator:engine] Promoted S07E17 Threat Level Midnight Deleted Scenes [AV1 1080p SDR CQ28].mkv.encoding.mkv to S07E17 Threat Level Midnight Deleted Scenes [AV1 1080p SDR CQ28].mkv
[2026-09-07 20:34:06] [INFO    ] [av1_migrator:engine] Safely deleted original file: Y:\media\TVShows\The Office (US) (2005)\Featurettes\Featurettes\Season 7\Deleted Scenes\S07E17 Threat Level Midnight Deleted Scenes.mkv
[2026-09-07 20:34:06] [INFO    ] [av1_migrator:engine] Successfully migrated S07E17 Threat Level Midnight Deleted Scenes.mkv -> S07E17 Threat Level Midnight Deleted Scenes [AV1 1080p SDR CQ28].mkv (7.53 MB -> 7.31 MB, saved 226.08 KB)
[2026-09-07 20:34:06] [INFO    ] [av1_migrator:encoder] Starting FFmpeg encode for Steven Universe - We Are the Crystal Gems.mp4 (CUDA scale: True)
[2026-09-07 20:34:06] [WARNING ] [av1_migrator:encoder] CUDA scaling failed, retrying with software Lanczos scaling fallback...
[2026-09-07 20:34:06] [INFO    ] [av1_migrator:encoder] Retrying FFmpeg encode for Steven Universe - We Are the Crystal Gems.mp4 with software scale
[2026-09-07 20:34:24] [INFO    ] [av1_migrator:engine] Promoted Steven Universe - We Are the Crystal Gems [AV1 1080p SDR CQ28].mkv.encoding.mkv to Steven Universe - We Are the Crystal Gems [AV1 1080p SDR CQ28].mkv
[2026-09-07 20:34:24] [INFO    ] [av1_migrator:engine] Safely deleted original file: Y:\media\TVShows\Steven Universe\Xtras\Steven Universe - We Are the Crystal Gems.mp4
[2026-09-07 20:34:24] [INFO    ] [av1_migrator:engine] Successfully migrated Steven Universe - We Are the Crystal Gems.mp4 -> Steven Universe - We Are the Crystal Gems [AV1 1080p SDR CQ28].mkv (7.55 MB -> 60.10 MB, saved -52.55 MB)
[2026-09-07 20:34:24] [INFO    ] [av1_migrator:encoder] Starting FFmpeg encode for Gus Kills.mkv (CUDA scale: True)
[2026-09-07 20:34:25] [WARNING ] [av1_migrator:encoder] CUDA scaling failed, retrying with software Lanczos scaling fallback...
[2026-09-07 20:34:25] [INFO    ] [av1_migrator:encoder] Retrying FFmpeg encode for Gus Kills.mkv with software scale
[2026-09-07 20:34:47] [INFO    ] [av1_migrator:engine] Promoted Gus Kills [AV1 1080p SDR CQ28].mkv.encoding.mkv to Gus Kills [AV1 1080p SDR CQ28].mkv
[2026-09-07 20:34:48] [INFO    ] [av1_migrator:engine] Safely deleted original file: Y:\media\TVShows\Breaking Bad (2008)\Featurettes\Season 4\Gus Kills.mkv
[2026-09-07 20:34:48] [INFO    ] [av1_migrator:engine] Successfully migrated Gus Kills.mkv -> Gus Kills [AV1 1080p SDR CQ28].mkv (7.65 MB -> 46.01 MB, saved -38.36 MB)
[2026-09-07 20:34:48] [INFO    ] [av1_migrator:encoder] Starting FFmpeg encode for House, M.D. - S01Extra - House-isms 3.mkv (CUDA scale: True)
[2026-09-07 20:34:48] [WARNING ] [av1_migrator:encoder] CUDA scaling failed, retrying with software Lanczos scaling fallback...
[2026-09-07 20:34:48] [INFO    ] [av1_migrator:encoder] Retrying FFmpeg encode for House, M.D. - S01Extra - House-isms 3.mkv with software scale
[2026-09-07 20:35:05] [INFO    ] [av1_migrator:engine] Promoted House, M.D. - S01Extra - House-isms 3 [AV1 1080p SDR CQ28].mkv.encoding.mkv to House, M.D. - S01Extra - House-isms 3 [AV1 1080p SDR CQ28].mkv
[2026-09-07 20:35:05] [INFO    ] [av1_migrator:engine] Safely deleted original file: Y:\media\TVShows\House MD\Season 2\Extras - Season 1\House, M.D. - S01Extra - House-isms 3.mkv
[2026-09-07 20:35:05] [INFO    ] [av1_migrator:engine] Successfully migrated House, M.D. - S01Extra - House-isms 3.mkv -> House, M.D. - S01Extra - House-isms 3 [AV1 1080p SDR CQ28].mkv (7.67 MB -> 65.52 MB, saved -57.85 MB)
[2026-09-07 20:35:05] [INFO    ] [av1_migrator:encoder] Starting FFmpeg encode for scenes12.mkv (CUDA scale: True)
[2026-09-07 20:35:05] [WARNING ] [av1_migrator:encoder] CUDA scaling failed, retrying with software Lanczos scaling fallback...
[2026-09-07 20:35:05] [INFO    ] [av1_migrator:encoder] Retrying FFmpeg encode for scenes12.mkv with software scale
[2026-09-07 20:35:15] [INFO    ] [av1_migrator:engine] Promoted scenes12 [AV1 1080p SDR CQ28].mkv.encoding.mkv to scenes12 [AV1 1080p SDR CQ28].mkv
[2026-09-07 20:35:16] [INFO    ] [av1_migrator:engine] Safely deleted original file: Y:\media\TVShows\Breaking Bad (2008)\Featurettes\Season 2\Deleted Scenes\scenes12.mkv
[2026-09-07 20:35:16] [INFO    ] [av1_migrator:engine] Successfully migrated scenes12.mkv -> scenes12 [AV1 1080p SDR CQ28].mkv (7.70 MB -> 34.92 MB, saved -27.22 MB)
[2026-09-07 20:35:16] [INFO    ] [av1_migrator:encoder] Starting FFmpeg encode for S01E04 - Luanne's Saga.mkv (CUDA scale: True)
[2026-09-07 20:35:16] [WARNING ] [av1_migrator:encoder] CUDA scaling failed, retrying with software Lanczos scaling fallback...
[2026-09-07 20:35:16] [INFO    ] [av1_migrator:encoder] Retrying FFmpeg encode for S01E04 - Luanne's Saga.mkv with software scale
[2026-09-07 20:35:19] [INFO    ] [av1_migrator:engine] Promoted S01E04 - Luanne's Saga [AV1 1080p SDR CQ28].mkv.encoding.mkv to S01E04 - Luanne's Saga [AV1 1080p SDR CQ28].mkv
[2026-09-07 20:35:19] [INFO    ] [av1_migrator:engine] Safely deleted original file: Y:\media\TVShows\King of the Hill (1997)\Featurettes\Season 1\Deleted and Extended Scenes\S01E04 - Luanne's Saga.mkv
[2026-09-07 20:35:19] [INFO    ] [av1_migrator:engine] Successfully migrated S01E04 - Luanne's Saga.mkv -> S01E04 - Luanne's Saga [AV1 1080p SDR CQ28].mkv (7.71 MB -> 24.38 MB, saved -16.67 MB)
[2026-09-07 20:35:19] [INFO    ] [av1_migrator:encoder] Starting FFmpeg encode for Akira Sound Clip-05-Awakening.mkv (CUDA scale: True)
[2026-09-07 20:35:20] [WARNING ] [av1_migrator:encoder] CUDA scaling failed, retrying with software Lanczos scaling fallback...
[2026-09-07 20:35:20] [INFO    ] [av1_migrator:encoder] Retrying FFmpeg encode for Akira Sound Clip-05-Awakening.mkv with software scale
[2026-09-07 20:35:26] [INFO    ] [av1_migrator:engine] Promoted Akira Sound Clip-05-Awakening [AV1 1080p SDR CQ28].mkv.encoding.mkv to Akira Sound Clip-05-Awakening [AV1 1080p SDR CQ28].mkv
[2026-09-07 20:35:26] [INFO    ] [av1_migrator:engine] Safely deleted original file: Y:\srv\storage\Movies\Akira (1988)\Featurettes\Akira Sound Clip-05-Awakening.mkv
[2026-09-07 20:35:26] [INFO    ] [av1_migrator:engine] Successfully migrated Akira Sound Clip-05-Awakening.mkv -> Akira Sound Clip-05-Awakening [AV1 1080p SDR CQ28].mkv (7.76 MB -> 19.12 MB, saved -11.36 MB)
[2026-09-07 20:35:26] [INFO    ] [av1_migrator:encoder] Starting FFmpeg encode for S02E19 - Leanne's Saga.mkv (CUDA scale: True)
[2026-09-07 20:35:27] [WARNING ] [av1_migrator:encoder] CUDA scaling failed, retrying with software Lanczos scaling fallback...
[2026-09-07 20:35:27] [INFO    ] [av1_migrator:encoder] Retrying FFmpeg encode for S02E19 - Leanne's Saga.mkv with software scale
[2026-09-07 20:35:30] [INFO    ] [av1_migrator:engine] Promoted S02E19 - Leanne's Saga [AV1 1080p SDR CQ28].mkv.encoding.mkv to S02E19 - Leanne's Saga [AV1 1080p SDR CQ28].mkv
[2026-09-07 20:35:31] [INFO    ] [av1_migrator:engine] Safely deleted original file: Y:\media\TVShows\King of the Hill (1997)\Featurettes\Season 2\Deleted and Extended Scenes\S02E19 - Leanne's Saga.mkv
[2026-09-07 20:35:31] [INFO    ] [av1_migrator:engine] Successfully migrated S02E19 - Leanne's Saga.mkv -> S02E19 - Leanne's Saga [AV1 1080p SDR CQ28].mkv (7.91 MB -> 26.19 MB, saved -18.28 MB)
[2026-09-07 20:35:31] [INFO    ] [av1_migrator:encoder] Starting FFmpeg encode for Curdling.mkv (CUDA scale: True)
[2026-09-07 20:35:31] [WARNING ] [av1_migrator:encoder] CUDA scaling failed, retrying with software Lanczos scaling fallback...
[2026-09-07 20:35:31] [INFO    ] [av1_migrator:encoder] Retrying FFmpeg encode for Curdling.mkv with software scale
[2026-09-07 20:35:34] [INFO    ] [av1_migrator:engine] Promoted Curdling [AV1 1080p SDR CQ28].mkv.encoding.mkv to Curdling [AV1 1080p SDR CQ28].mkv
[2026-09-07 20:35:34] [INFO    ] [av1_migrator:engine] Safely deleted original file: Y:\media\TVShows\The Office (US) (2005)\Featurettes\Featurettes\Season 6\The Office Promos - Canada Games\Curdling.mkv
[2026-09-07 20:35:34] [INFO    ] [av1_migrator:engine] Successfully migrated Curdling.mkv -> Curdling [AV1 1080p SDR CQ28].mkv (8.23 MB -> 12.23 MB, saved -4.00 MB)
[2026-09-07 20:35:34] [INFO    ] [av1_migrator:encoder] Starting FFmpeg encode for 4.mkv (CUDA scale: True)
[2026-09-07 20:35:35] [WARNING ] [av1_migrator:encoder] CUDA scaling failed, retrying with software Lanczos scaling fallback...
[2026-09-07 20:35:35] [INFO    ] [av1_migrator:encoder] Retrying FFmpeg encode for 4.mkv with software scale
[2026-09-07 20:35:45] [INFO    ] [av1_migrator:engine] Promoted 4 [AV1 1080p SDR CQ28].mkv.encoding.mkv to 4 [AV1 1080p SDR CQ28].mkv
[2026-09-07 20:35:45] [INFO    ] [av1_migrator:engine] Safely deleted original file: Y:\media\TVShows\Breaking Bad (2008)\Featurettes\Season 5\Featurettes 5.1\Deleted Scenes\4.mkv
[2026-09-07 20:35:45] [INFO    ] [av1_migrator:engine] Successfully migrated 4.mkv -> 4 [AV1 1080p SDR CQ28].mkv (8.31 MB -> 12.68 MB, saved -4.38 MB)
[2026-09-07 20:35:45] [INFO    ] [av1_migrator:encoder] Starting FFmpeg encode for A Look Ahead.mkv (CUDA scale: True)
[2026-09-07 20:35:45] [WARNING ] [av1_migrator:encoder] CUDA scaling failed, retrying with software Lanczos scaling fallback...
[2026-09-07 20:35:45] [INFO    ] [av1_migrator:encoder] Retrying FFmpeg encode for A Look Ahead.mkv with software scale
[2026-09-07 20:36:02] [INFO    ] [av1_migrator:engine] Promoted A Look Ahead [AV1 1080p SDR CQ28].mkv.encoding.mkv to A Look Ahead [AV1 1080p SDR CQ28].mkv
[2026-09-07 20:36:02] [INFO    ] [av1_migrator:engine] Safely deleted original file: Y:\media\TVShows\Breaking Bad (2008)\Featurettes\Season 2\Behind The Scenes\A Look Ahead.mkv
[2026-09-07 20:36:02] [INFO    ] [av1_migrator:engine] Successfully migrated A Look Ahead.mkv -> A Look Ahead [AV1 1080p SDR CQ28].mkv (8.39 MB -> 36.66 MB, saved -28.27 MB)
[2026-09-07 20:36:02] [INFO    ] [av1_migrator:encoder] Starting FFmpeg encode for House, M.D. - S02Extra - Blooper Reel 10.mkv (CUDA scale: True)
[2026-09-07 20:36:02] [WARNING ] [av1_migrator:encoder] CUDA scaling failed, retrying with software Lanczos scaling fallback...
[2026-09-07 20:36:02] [INFO    ] [av1_migrator:encoder] Retrying FFmpeg encode for House, M.D. - S02Extra - Blooper Reel 10.mkv with software scale
[2026-09-07 20:36:27] [INFO    ] [av1_migrator:engine] Promoted House, M.D. - S02Extra - Blooper Reel 10 [AV1 1080p SDR CQ28].mkv.encoding.mkv to House, M.D. - S02Extra - Blooper Reel 10 [AV1 1080p SDR CQ28].mkv
[2026-09-07 20:36:27] [INFO    ] [av1_migrator:engine] Safely deleted original file: Y:\media\TVShows\House MD\Season 2\Extras - Season 2\House, M.D. - S02Extra - Blooper Reel 10.mkv
[2026-09-07 20:36:27] [INFO    ] [av1_migrator:engine] Successfully migrated House, M.D. - S02Extra - Blooper Reel 10.mkv -> House, M.D. - S02Extra - Blooper Reel 10 [AV1 1080p SDR CQ28].mkv (8.39 MB -> 79.38 MB, saved -70.99 MB)
[2026-09-07 20:36:27] [INFO    ] [av1_migrator:encoder] Starting FFmpeg encode for Scenes05.mkv (CUDA scale: True)
[2026-09-07 20:36:28] [WARNING ] [av1_migrator:encoder] CUDA scaling failed, retrying with software Lanczos scaling fallback...
[2026-09-07 20:36:28] [INFO    ] [av1_migrator:encoder] Retrying FFmpeg encode for Scenes05.mkv with software scale
[2026-09-07 20:36:45] [INFO    ] [av1_migrator:engine] Promoted Scenes05 [AV1 1080p SDR CQ28].mkv.encoding.mkv to Scenes05 [AV1 1080p SDR CQ28].mkv
[2026-09-07 20:36:45] [INFO    ] [av1_migrator:engine] Safely deleted original file: Y:\media\TVShows\Breaking Bad (2008)\Featurettes\Season 4\Deleted Scenes\Scenes05.mkv
[2026-09-07 20:36:45] [INFO    ] [av1_migrator:engine] Successfully migrated Scenes05.mkv -> Scenes05 [AV1 1080p SDR CQ28].mkv (8.47 MB -> 48.29 MB, saved -39.81 MB)
[2026-09-07 20:36:45] [INFO    ] [av1_migrator:encoder] Starting FFmpeg encode for 7) Superbowl Promo.mkv (CUDA scale: True)
[2026-09-07 20:36:46] [WARNING ] [av1_migrator:encoder] CUDA scaling failed, retrying with software Lanczos scaling fallback...
[2026-09-07 20:36:46] [INFO    ] [av1_migrator:encoder] Retrying FFmpeg encode for 7) Superbowl Promo.mkv with software scale
[2026-09-07 20:36:49] [INFO    ] [av1_migrator:engine] Promoted 7) Superbowl Promo [AV1 1080p SDR CQ28].mkv.encoding.mkv to 7) Superbowl Promo [AV1 1080p SDR CQ28].mkv
[2026-09-07 20:36:50] [INFO    ] [av1_migrator:engine] Safely deleted original file: Y:\media\TVShows\King of the Hill (1997)\Featurettes\Season 1\Promos\7) Superbowl Promo.mkv
[2026-09-07 20:36:50] [INFO    ] [av1_migrator:engine] Successfully migrated 7) Superbowl Promo.mkv -> 7) Superbowl Promo [AV1 1080p SDR CQ28].mkv (8.53 MB -> 11.24 MB, saved -2.71 MB)
[2026-09-07 20:36:50] [INFO    ] [av1_migrator:encoder] Starting FFmpeg encode for 1) Introduction.mkv (CUDA scale: True)
[2026-09-07 20:36:50] [WARNING ] [av1_migrator:encoder] CUDA scaling failed, retrying with software Lanczos scaling fallback...
[2026-09-07 20:36:50] [INFO    ] [av1_migrator:encoder] Retrying FFmpeg encode for 1) Introduction.mkv with software scale
[2026-09-07 20:36:54] [INFO    ] [av1_migrator:engine] Promoted 1) Introduction [AV1 1080p SDR CQ28].mkv.encoding.mkv to 1) Introduction [AV1 1080p SDR CQ28].mkv
[2026-09-07 20:36:54] [INFO    ] [av1_migrator:engine] Safely deleted original file: Y:\media\TVShows\King of the Hill (1997)\Featurettes\Season 2\The Arlen School of Drawing\1) Introduction.mkv
[2026-09-07 20:36:54] [INFO    ] [av1_migrator:engine] Successfully migrated 1) Introduction.mkv -> 1) Introduction [AV1 1080p SDR CQ28].mkv (8.62 MB -> 13.99 MB, saved -5.37 MB)
[2026-09-07 20:36:54] [INFO    ] [av1_migrator:encoder] Starting FFmpeg encode for Breakage.mkv (CUDA scale: True)
[2026-09-07 20:36:54] [WARNING ] [av1_migrator:encoder] CUDA scaling failed, retrying with software Lanczos scaling fallback...
[2026-09-07 20:36:54] [INFO    ] [av1_migrator:encoder] Retrying FFmpeg encode for Breakage.mkv with software scale
[2026-09-07 20:37:16] [INFO    ] [av1_migrator:engine] Promoted Breakage [AV1 1080p SDR CQ28].mkv.encoding.mkv to Breakage [AV1 1080p SDR CQ28].mkv
[2026-09-07 20:37:16] [INFO    ] [av1_migrator:engine] Safely deleted original file: Y:\media\TVShows\Breaking Bad (2008)\Featurettes\Season 2\Inside Breaking Bad\Breakage.mkv
[2026-09-07 20:37:16] [INFO    ] [av1_migrator:engine] Successfully migrated Breakage.mkv -> Breakage [AV1 1080p SDR CQ28].mkv (8.73 MB -> 39.15 MB, saved -30.42 MB)
[2026-09-07 20:37:16] [INFO    ] [av1_migrator:encoder] Starting FFmpeg encode for The Office Fanisode - Preview.mkv (CUDA scale: True)
[2026-09-07 20:37:16] [WARNING ] [av1_migrator:encoder] CUDA scaling failed, retrying with software Lanczos scaling fallback...
[2026-09-07 20:37:16] [INFO    ] [av1_migrator:encoder] Retrying FFmpeg encode for The Office Fanisode - Preview.mkv with software scale
[2026-09-07 20:37:24] [INFO    ] [av1_migrator:engine] Promoted The Office Fanisode - Preview [AV1 1080p SDR CQ28].mkv.encoding.mkv to The Office Fanisode - Preview [AV1 1080p SDR CQ28].mkv
[2026-09-07 20:37:24] [INFO    ] [av1_migrator:engine] Safely deleted original file: Y:\media\TVShows\The Office (US) (2005)\Featurettes\Webisodes\Fanisode\The Office Fanisode - Preview.mkv
[2026-09-07 20:37:24] [INFO    ] [av1_migrator:engine] Successfully migrated The Office Fanisode - Preview.mkv -> The Office Fanisode - Preview [AV1 1080p SDR CQ28].mkv (8.74 MB -> 36.82 MB, saved -28.08 MB)
[2026-09-07 20:37:24] [INFO    ] [av1_migrator:encoder] Starting FFmpeg encode for Scenes09.mkv (CUDA scale: True)
[2026-09-07 20:37:25] [WARNING ] [av1_migrator:encoder] CUDA scaling failed, retrying with software Lanczos scaling fallback...
[2026-09-07 20:37:25] [INFO    ] [av1_migrator:encoder] Retrying FFmpeg encode for Scenes09.mkv with software scale
[2026-09-07 20:37:41] [INFO    ] [av1_migrator:engine] Promoted Scenes09 [AV1 1080p SDR CQ28].mkv.encoding.mkv to Scenes09 [AV1 1080p SDR CQ28].mkv
[2026-09-07 20:37:41] [INFO    ] [av1_migrator:engine] Safely deleted original file: Y:\media\TVShows\Breaking Bad (2008)\Featurettes\Season 4\Deleted Scenes\Scenes09.mkv
[2026-09-07 20:37:41] [INFO    ] [av1_migrator:engine] Successfully migrated Scenes09.mkv -> Scenes09 [AV1 1080p SDR CQ28].mkv (8.93 MB -> 49.80 MB, saved -40.88 MB)
[2026-09-07 20:37:41] [INFO    ] [av1_migrator:encoder] Starting FFmpeg encode for House, M.D. - S01Extra - Medical Cases 4.mkv (CUDA scale: True)
[2026-09-07 20:37:41] [WARNING ] [av1_migrator:encoder] CUDA scaling failed, retrying with software Lanczos scaling fallback...
[2026-09-07 20:37:41] [INFO    ] [av1_migrator:encoder] Retrying FFmpeg encode for House, M.D. - S01Extra - Medical Cases 4.mkv with software scale
[2026-09-07 20:38:01] [INFO    ] [av1_migrator:engine] Promoted House, M.D. - S01Extra - Medical Cases 4 [AV1 1080p SDR CQ28].mkv.encoding.mkv to House, M.D. - S01Extra - Medical Cases 4 [AV1 1080p SDR CQ28].mkv
[2026-09-07 20:38:01] [INFO    ] [av1_migrator:engine] Safely deleted original file: Y:\media\TVShows\House MD\Season 2\Extras - Season 1\House, M.D. - S01Extra - Medical Cases 4.mkv
[2026-09-07 20:38:01] [INFO    ] [av1_migrator:engine] Successfully migrated House, M.D. - S01Extra - Medical Cases 4.mkv -> House, M.D. - S01Extra - Medical Cases 4 [AV1 1080p SDR CQ28].mkv (9.06 MB -> 83.56 MB, saved -74.50 MB)
[2026-09-07 20:38:01] [INFO    ] [av1_migrator:encoder] Starting FFmpeg encode for Glee S01X03 Songs - All Alone & RESPECT.mp4 (CUDA scale: True)
[2026-09-07 20:38:01] [WARNING ] [av1_migrator:encoder] CUDA scaling failed, retrying with software Lanczos scaling fallback...
[2026-09-07 20:38:01] [INFO    ] [av1_migrator:encoder] Retrying FFmpeg encode for Glee S01X03 Songs - All Alone & RESPECT.mp4 with software scale
[2026-09-07 20:38:16] [INFO    ] [av1_migrator:engine] Promoted Glee S01X03 Songs - All Alone & RESPECT [AV1 1080p SDR CQ28].mkv.encoding.mkv to Glee S01X03 Songs - All Alone & RESPECT [AV1 1080p SDR CQ28].mkv
[2026-09-07 20:38:16] [INFO    ] [av1_migrator:engine] Safely deleted original file: Y:\media\TVShows\Glee\S01\Glee S01X03 Songs - All Alone & RESPECT.mp4
[2026-09-07 20:38:16] [INFO    ] [av1_migrator:engine] Successfully migrated Glee S01X03 Songs - All Alone & RESPECT.mp4 -> Glee S01X03 Songs - All Alone & RESPECT [AV1 1080p SDR CQ28].mkv (9.20 MB -> 63.42 MB, saved -54.22 MB)
[2026-09-07 20:38:16] [INFO    ] [av1_migrator:encoder] Starting FFmpeg encode for Joss Whedon Interview.mkv (CUDA scale: True)
[2026-09-07 20:38:16] [WARNING ] [av1_migrator:encoder] CUDA scaling failed, retrying with software Lanczos scaling fallback...
[2026-09-07 20:38:16] [INFO    ] [av1_migrator:encoder] Retrying FFmpeg encode for Joss Whedon Interview.mkv with software scale
[2026-09-07 20:38:21] [INFO    ] [av1_migrator:engine] Promoted Joss Whedon Interview [AV1 1080p SDR CQ28].mkv.encoding.mkv to Joss Whedon Interview [AV1 1080p SDR CQ28].mkv
[2026-09-07 20:38:21] [INFO    ] [av1_migrator:engine] Safely deleted original file: Y:\media\TVShows\The Office (US) (2005)\Featurettes\Featurettes\Season 3\Joss Whedon Interview.mkv
[2026-09-07 20:38:21] [INFO    ] [av1_migrator:engine] Successfully migrated Joss Whedon Interview.mkv -> Joss Whedon Interview [AV1 1080p SDR CQ28].mkv (9.40 MB -> 13.35 MB, saved -3.94 MB)
[2026-09-07 20:38:21] [INFO    ] [av1_migrator:encoder] Starting FFmpeg encode for International Theatrical Trailer.mkv (CUDA scale: True)
[2026-09-07 20:38:22] [WARNING ] [av1_migrator:encoder] CUDA scaling failed, retrying with software Lanczos scaling fallback...
[2026-09-07 20:38:22] [INFO    ] [av1_migrator:encoder] Retrying FFmpeg encode for International Theatrical Trailer.mkv with software scale
[2026-09-07 20:38:32] [INFO    ] [av1_migrator:engine] Promoted International Theatrical Trailer [AV1 1080p SDR CQ28].mkv.encoding.mkv to International Theatrical Trailer [AV1 1080p SDR CQ28].mkv
[2026-09-07 20:38:32] [INFO    ] [av1_migrator:engine] Safely deleted original file: Y:\srv\storage\Movies\Equilibrium (2002)\Featurettes\International Theatrical Trailer.mkv
[2026-09-07 20:38:32] [INFO    ] [av1_migrator:engine] Successfully migrated International Theatrical Trailer.mkv -> International Theatrical Trailer [AV1 1080p SDR CQ28].mkv (9.55 MB -> 41.37 MB, saved -31.82 MB)
[2026-09-07 20:38:32] [INFO    ] [av1_migrator:encoder] Starting FFmpeg encode for Glee S01X04 McKinley Hight School Orientation Video.mp4 (CUDA scale: True)
[2026-09-07 20:38:32] [WARNING ] [av1_migrator:encoder] CUDA scaling failed, retrying with software Lanczos scaling fallback...
[2026-09-07 20:38:32] [INFO    ] [av1_migrator:encoder] Retrying FFmpeg encode for Glee S01X04 McKinley Hight School Orientation Video.mp4 with software scale
[2026-09-07 20:38:53] [INFO    ] [av1_migrator:engine] Promoted Glee S01X04 McKinley Hight School Orientation Video [AV1 1080p SDR CQ28].mkv.encoding.mkv to Glee S01X04 McKinley Hight School Orientation Video [AV1 1080p SDR CQ28].mkv
[2026-09-07 20:38:53] [INFO    ] [av1_migrator:engine] Safely deleted original file: Y:\media\TVShows\Glee\S01\Glee S01X04 McKinley Hight School Orientation Video.mp4
[2026-09-07 20:38:53] [INFO    ] [av1_migrator:engine] Successfully migrated Glee S01X04 McKinley Hight School Orientation Video.mp4 -> Glee S01X04 McKinley Hight School Orientation Video [AV1 1080p SDR CQ28].mkv (9.56 MB -> 59.21 MB, saved -49.64 MB)
[2026-09-07 20:38:53] [INFO    ] [av1_migrator:encoder] Starting FFmpeg encode for Glee S01X01 Somebody to Love.mp4 (CUDA scale: True)
[2026-09-07 20:38:53] [WARNING ] [av1_migrator:encoder] CUDA scaling failed, retrying with software Lanczos scaling fallback...
[2026-09-07 20:38:53] [INFO    ] [av1_migrator:encoder] Retrying FFmpeg encode for Glee S01X01 Somebody to Love.mp4 with software scale
[2026-09-07 20:39:06] [INFO    ] [av1_migrator:engine] Promoted Glee S01X01 Somebody to Love [AV1 1080p SDR CQ28].mkv.encoding.mkv to Glee S01X01 Somebody to Love [AV1 1080p SDR CQ28].mkv
[2026-09-07 20:39:06] [INFO    ] [av1_migrator:engine] Safely deleted original file: Y:\media\TVShows\Glee\S01\Glee S01X01 Somebody to Love.mp4
[2026-09-07 20:39:06] [INFO    ] [av1_migrator:engine] Successfully migrated Glee S01X01 Somebody to Love.mp4 -> Glee S01X01 Somebody to Love [AV1 1080p SDR CQ28].mkv (9.57 MB -> 78.63 MB, saved -69.05 MB)
[2026-09-07 20:39:06] [INFO    ] [av1_migrator:encoder] Starting FFmpeg encode for Homicide.mkv (CUDA scale: True)
[2026-09-07 20:39:07] [WARNING ] [av1_migrator:encoder] CUDA scaling failed, retrying with software Lanczos scaling fallback...
[2026-09-07 20:39:07] [INFO    ] [av1_migrator:encoder] Retrying FFmpeg encode for Homicide.mkv with software scale
[2026-09-07 20:39:10] [INFO    ] [av1_migrator:engine] Promoted Homicide [AV1 1080p SDR CQ28].mkv.encoding.mkv to Homicide [AV1 1080p SDR CQ28].mkv
[2026-09-07 20:39:10] [INFO    ] [av1_migrator:engine] Safely deleted original file: Y:\media\TVShows\Silicon Valley (2014)\Featurettes\Season 2\Deleted Scenes\Homicide.mkv
[2026-09-07 20:39:10] [INFO    ] [av1_migrator:engine] Successfully migrated Homicide.mkv -> Homicide [AV1 1080p SDR CQ28].mkv (9.80 MB -> 12.42 MB, saved -2.62 MB)
[2026-09-07 20:39:10] [INFO    ] [av1_migrator:encoder] Starting FFmpeg encode for S09E16 Moving On Deleted Scenes.mkv (CUDA scale: True)
[2026-09-07 20:39:10] [WARNING ] [av1_migrator:encoder] CUDA scaling failed, retrying with software Lanczos scaling fallback...
[2026-09-07 20:39:10] [INFO    ] [av1_migrator:encoder] Retrying FFmpeg encode for S09E16 Moving On Deleted Scenes.mkv with software scale
[2026-09-07 20:39:15] [INFO    ] [av1_migrator:engine] Promoted S09E16 Moving On Deleted Scenes [AV1 1080p SDR CQ28].mkv.encoding.mkv to S09E16 Moving On Deleted Scenes [AV1 1080p SDR CQ28].mkv
[2026-09-07 20:39:15] [INFO    ] [av1_migrator:engine] Safely deleted original file: Y:\media\TVShows\The Office (US) (2005)\Featurettes\Featurettes\Season 9\Deleted Scenes\S09E16 Moving On Deleted Scenes.mkv
[2026-09-07 20:39:15] [INFO    ] [av1_migrator:engine] Successfully migrated S09E16 Moving On Deleted Scenes.mkv -> S09E16 Moving On Deleted Scenes [AV1 1080p SDR CQ28].mkv (9.82 MB -> 13.30 MB, saved -3.47 MB)
[2026-09-07 20:39:15] [INFO    ] [av1_migrator:encoder] Starting FFmpeg encode for S01E11 - King of the Ant Hill.mkv (CUDA scale: True)
[2026-09-07 20:39:16] [WARNING ] [av1_migrator:encoder] CUDA scaling failed, retrying with software Lanczos scaling fallback...
[2026-09-07 20:39:16] [INFO    ] [av1_migrator:encoder] Retrying FFmpeg encode for S01E11 - King of the Ant Hill.mkv with software scale
[2026-09-07 20:39:20] [INFO    ] [av1_migrator:engine] Promoted S01E11 - King of the Ant Hill [AV1 1080p SDR CQ28].mkv.encoding.mkv to S01E11 - King of the Ant Hill [AV1 1080p SDR CQ28].mkv
[2026-09-07 20:39:20] [INFO    ] [av1_migrator:engine] Safely deleted original file: Y:\media\TVShows\King of the Hill (1997)\Featurettes\Season 1\Deleted and Extended Scenes\S01E11 - King of the Ant Hill.mkv
[2026-09-07 20:39:20] [INFO    ] [av1_migrator:engine] Successfully migrated S01E11 - King of the Ant Hill.mkv -> S01E11 - King of the Ant Hill [AV1 1080p SDR CQ28].mkv (9.87 MB -> 32.68 MB, saved -22.81 MB)
[2026-09-07 20:39:21] [INFO    ] [av1_migrator:encoder] Starting FFmpeg encode for The Writer's Lab.mkv (CUDA scale: True)
[2026-09-07 20:39:21] [WARNING ] [av1_migrator:encoder] CUDA scaling failed, retrying with software Lanczos scaling fallback...
[2026-09-07 20:39:21] [INFO    ] [av1_migrator:encoder] Retrying FFmpeg encode for The Writer's Lab.mkv with software scale
[2026-09-07 20:39:34] [INFO    ] [av1_migrator:engine] Promoted The Writer's Lab [AV1 1080p SDR CQ28].mkv.encoding.mkv to The Writer's Lab [AV1 1080p SDR CQ28].mkv
[2026-09-07 20:39:34] [INFO    ] [av1_migrator:engine] Safely deleted original file: Y:\media\TVShows\Breaking Bad (2008)\Featurettes\Season 2\The Writer's Lab.mkv
[2026-09-07 20:39:34] [INFO    ] [av1_migrator:engine] Successfully migrated The Writer's Lab.mkv -> The Writer's Lab [AV1 1080p SDR CQ28].mkv (10.03 MB -> 16.47 MB, saved -6.44 MB)
[2026-09-07 20:39:34] [INFO    ] [av1_migrator:encoder] Starting FFmpeg encode for S02E22 - Peggy's Turtle Song.mkv (CUDA scale: True)
[2026-09-07 20:39:34] [WARNING ] [av1_migrator:encoder] CUDA scaling failed, retrying with software Lanczos scaling fallback...
[2026-09-07 20:39:34] [INFO    ] [av1_migrator:encoder] Retrying FFmpeg encode for S02E22 - Peggy's Turtle Song.mkv with software scale
[2026-09-07 20:39:39] [INFO    ] [av1_migrator:engine] Promoted S02E22 - Peggy's Turtle Song [AV1 1080p SDR CQ28].mkv.encoding.mkv to S02E22 - Peggy's Turtle Song [AV1 1080p SDR CQ28].mkv
[2026-09-07 20:39:39] [INFO    ] [av1_migrator:engine] Safely deleted original file: Y:\media\TVShows\King of the Hill (1997)\Featurettes\Season 2\Deleted and Extended Scenes\S02E22 - Peggy's Turtle Song.mkv
[2026-09-07 20:39:39] [INFO    ] [av1_migrator:engine] Successfully migrated S02E22 - Peggy's Turtle Song.mkv -> S02E22 - Peggy's Turtle Song [AV1 1080p SDR CQ28].mkv (10.16 MB -> 27.54 MB, saved -17.37 MB)
[2026-09-07 20:39:39] [INFO    ] [av1_migrator:encoder] Starting FFmpeg encode for House, M.D. - S01Extra - The Concept 6.mkv (CUDA scale: True)
[2026-09-07 20:39:39] [WARNING ] [av1_migrator:encoder] CUDA scaling failed, retrying with software Lanczos scaling fallback...
[2026-09-07 20:39:39] [INFO    ] [av1_migrator:encoder] Retrying FFmpeg encode for House, M.D. - S01Extra - The Concept 6.mkv with software scale
[2026-09-07 20:39:49] [INFO    ] [av1_migrator:engine] === Pre-flight System Checks ===
[2026-09-07 20:39:49] [INFO    ] [av1_migrator:engine] ✓ Python (3.14.3)
[2026-09-07 20:39:50] [INFO    ] [av1_migrator:engine] ✓ FFmpeg (C:\bin\ffmpeg.exe)
[2026-09-07 20:39:50] [INFO    ] [av1_migrator:engine] ✓ FFprobe (C:\bin\ffprobe.exe)
[2026-09-07 20:39:50] [INFO    ] [av1_migrator:engine] ✓ NVIDIA GPU (nvidia-smi detected)
[2026-09-07 20:39:50] [INFO    ] [av1_migrator:engine] ✓ AV1 NVENC encoder available
[2026-09-07 20:39:50] [INFO    ] [av1_migrator:engine] ✓ CUDA scaling (scale_cuda)
[2026-09-07 20:39:50] [INFO    ] [av1_migrator:engine] ✓ Media root: C:\Users\seegr\AppData\Local\Temp\pytest-of-seegr\pytest-9\test_engine_dry_run0\Movies
[2026-09-07 20:39:50] [INFO    ] [av1_migrator:engine] ✓ Storage safety (C:\Users\seegr\AppData\Local\Temp\pytest-of-seegr\pytest-9\test_engine_dry_run0\Movies): Free 51.01 GB >= Min 10.00 KB
[2026-09-07 20:39:50] [INFO    ] [av1_migrator:engine] Checking database for uncompleted/interrupted migration tasks from previous runs...
[2026-09-07 20:39:50] [INFO    ] [av1_migrator:engine] Startup recovery: Database is clean, no interrupted tasks found.
[2026-09-07 20:39:50] [INFO    ] [av1_migrator:engine] Starting media discovery and queue preparation...
[2026-09-07 20:39:50] [INFO    ] [av1_migrator:engine] Discovered 2 candidate files across media roots. Sorting by size...
[2026-09-07 20:39:50] [INFO    ] [av1_migrator:engine] Probing media files: 2/2 (100.0%) - Movie Large (2020).mkv
[2026-09-07 20:39:50] [INFO    ] [av1_migrator:engine] === DRY RUN SUMMARY ===
[2026-09-07 20:39:50] [INFO    ] [av1_migrator:engine] 
DRY RUN SUMMARY:
  Eligible files to convert: 2
  Already AV1/Completed:     0
  Skipped (No Eng/etc):      0
  Probe Errors:              0
  Total source size:         58.59 KB
  Estimated output size:     ~20.51 KB
  Estimated savings:         ~38.09 KB

[2026-09-07 20:39:50] [INFO    ] [av1_migrator:engine] === Pre-flight System Checks ===
[2026-09-07 20:39:50] [INFO    ] [av1_migrator:engine] ✓ Python (3.14.3)
[2026-09-07 20:39:50] [INFO    ] [av1_migrator:engine] ✓ FFmpeg (C:\bin\ffmpeg.exe)
[2026-09-07 20:39:50] [INFO    ] [av1_migrator:engine] ✓ FFprobe (C:\bin\ffprobe.exe)
[2026-09-07 20:39:50] [INFO    ] [av1_migrator:engine] ✓ NVIDIA GPU (nvidia-smi detected)
[2026-09-07 20:39:50] [INFO    ] [av1_migrator:engine] ✓ AV1 NVENC encoder available
[2026-09-07 20:39:50] [INFO    ] [av1_migrator:engine] ✓ CUDA scaling (scale_cuda)
[2026-09-07 20:39:50] [INFO    ] [av1_migrator:engine] ✓ Media root: C:\Users\seegr\AppData\Local\Temp\pytest-of-seegr\pytest-9\test_engine_full_workflow_succ0\Movies
[2026-09-07 20:39:50] [INFO    ] [av1_migrator:engine] ✓ Storage safety (C:\Users\seegr\AppData\Local\Temp\pytest-of-seegr\pytest-9\test_engine_full_workflow_succ0\Movies): Free 51.01 GB >= Min 10.00 KB
[2026-09-07 20:39:50] [INFO    ] [av1_migrator:engine] Checking database for uncompleted/interrupted migration tasks from previous runs...
[2026-09-07 20:39:50] [INFO    ] [av1_migrator:engine] Startup recovery: Database is clean, no interrupted tasks found.
[2026-09-07 20:39:50] [INFO    ] [av1_migrator:engine] Starting media discovery and queue preparation...
[2026-09-07 20:39:50] [INFO    ] [av1_migrator:engine] Discovered 2 candidate files across media roots. Sorting by size...
[2026-09-07 20:39:50] [INFO    ] [av1_migrator:engine] Probing media files: 2/2 (100.0%) - Movie Large (2020).mkv
[2026-09-07 20:39:50] [INFO    ] [av1_migrator:engine] Promoted Movie Small (2021) [AV1 1080p SDR CQ28].mkv.encoding.mkv to Movie Small (2021) [AV1 1080p SDR CQ28].mkv
[2026-09-07 20:39:50] [INFO    ] [av1_migrator:engine] Safely deleted original file: C:\Users\seegr\AppData\Local\Temp\pytest-of-seegr\pytest-9\test_engine_full_workflow_succ0\Movies\Movie Small (2021).mkv
[2026-09-07 20:39:50] [INFO    ] [av1_migrator:engine] Successfully migrated Movie Small (2021).mkv -> Movie Small (2021) [AV1 1080p SDR CQ28].mkv (9.77 KB -> 17 B, saved 9.75 KB)
[2026-09-07 20:39:51] [INFO    ] [av1_migrator:engine] === Migration Summary ===
[2026-09-07 20:39:51] [INFO    ] [av1_migrator:engine] Completed: 1
[2026-09-07 20:39:51] [INFO    ] [av1_migrator:engine] Failed:    0
[2026-09-07 20:39:51] [INFO    ] [av1_migrator:engine] Skipped:   0
[2026-09-07 20:39:51] [INFO    ] [av1_migrator:engine] Source:    9.77 KB
[2026-09-07 20:39:51] [INFO    ] [av1_migrator:engine] Output:    17 B
[2026-09-07 20:39:51] [INFO    ] [av1_migrator:engine] Saved:     9.75 KB (99.8%)
[2026-09-07 20:39:51] [INFO    ] [av1_migrator:engine] Checking database for uncompleted/interrupted migration tasks from previous runs...
[2026-09-07 20:39:51] [WARNING ] [av1_migrator:engine] Startup recovery: Found and resolved 1 interrupted tasks.
[2026-09-07 20:39:51] [INFO    ] [av1_migrator:engine]   - C:\Users\seegr\AppData\Local\Temp\pytest-of-seegr\pytest-9\test_engine_startup_recovery0\Movies\Movie Large (2020).mkv: reset_to_pending_for_retry (previous status: encoding, temp cleaned: True)
[2026-09-07 20:39:51] [INFO    ] [av1_migrator:engine] === Pre-flight System Checks ===
[2026-09-07 20:39:51] [INFO    ] [av1_migrator:engine] ✓ Python (3.14.3)
[2026-09-07 20:39:51] [INFO    ] [av1_migrator:engine] ✓ FFmpeg (C:\bin\ffmpeg.exe)
[2026-09-07 20:39:51] [INFO    ] [av1_migrator:engine] ✓ FFprobe (C:\bin\ffprobe.exe)
[2026-09-07 20:39:51] [INFO    ] [av1_migrator:engine] ✓ NVIDIA GPU (nvidia-smi detected)
[2026-09-07 20:39:51] [INFO    ] [av1_migrator:engine] ✓ AV1 NVENC encoder available
[2026-09-07 20:39:51] [INFO    ] [av1_migrator:engine] ✓ CUDA scaling (scale_cuda)
[2026-09-07 20:39:51] [INFO    ] [av1_migrator:engine] ✓ Media root: C:\Users\seegr\AppData\Local\Temp\pytest-of-seegr\pytest-9\test_engine_bloated_encode_pre0\Movies
[2026-09-07 20:39:51] [INFO    ] [av1_migrator:engine] ✓ Storage safety (C:\Users\seegr\AppData\Local\Temp\pytest-of-seegr\pytest-9\test_engine_bloated_encode_pre0\Movies): Free 51.01 GB >= Min 10.00 KB
[2026-09-07 20:39:51] [INFO    ] [av1_migrator:engine] Checking database for uncompleted/interrupted migration tasks from previous runs...
[2026-09-07 20:39:51] [INFO    ] [av1_migrator:engine] Startup recovery: Database is clean, no interrupted tasks found.
[2026-09-07 20:39:51] [INFO    ] [av1_migrator:engine] Starting media discovery and queue preparation...
[2026-09-07 20:39:51] [INFO    ] [av1_migrator:engine] Discovered 2 candidate files across media roots. Sorting by size...
[2026-09-07 20:39:51] [INFO    ] [av1_migrator:engine] Probing media files: 2/2 (100.0%) - Movie Large (2020).mkv
[2026-09-07 20:39:51] [WARNING ] [av1_migrator:engine] Encoding bloated for Movie Small (2021).mkv: output (24.41 KB) is larger than or equal to original (9.77 KB). Prioritizing space: keeping smaller original and removing bloated output.
[2026-09-07 20:39:51] [INFO    ] [av1_migrator:engine] Removed bloated temporary output: C:\Users\seegr\AppData\Local\Temp\pytest-of-seegr\pytest-9\test_engine_bloated_encode_pre0\Movies\Movie Small (2021) [AV1 1080p SDR CQ28].mkv.encoding.mkv
[2026-09-07 20:39:52] [INFO    ] [av1_migrator:engine] === Migration Summary ===
[2026-09-07 20:39:52] [INFO    ] [av1_migrator:engine] Completed: 0
[2026-09-07 20:39:52] [INFO    ] [av1_migrator:engine] Failed:    0
[2026-09-07 20:39:52] [INFO    ] [av1_migrator:engine] Skipped:   1
[2026-09-07 20:39:52] [INFO    ] [av1_migrator:engine] Source:    0 B
[2026-09-07 20:39:52] [INFO    ] [av1_migrator:engine] Output:    0 B
[2026-09-07 20:39:52] [INFO    ] [av1_migrator:engine] Saved:     0 B (0.0%)
[2026-09-07 20:39:52] [INFO    ] [av1_migrator:engine] === Pre-flight System Checks ===
[2026-09-07 20:39:52] [INFO    ] [av1_migrator:engine] ✓ Python (3.14.3)
[2026-09-07 20:39:52] [INFO    ] [av1_migrator:engine] ✓ FFmpeg (C:\bin\ffmpeg.exe)
[2026-09-07 20:39:52] [INFO    ] [av1_migrator:engine] ✓ FFprobe (C:\bin\ffprobe.exe)
[2026-09-07 20:39:52] [INFO    ] [av1_migrator:engine] ✓ NVIDIA GPU (nvidia-smi detected)
[2026-09-07 20:39:52] [INFO    ] [av1_migrator:engine] ✓ AV1 NVENC encoder available
[2026-09-07 20:39:52] [INFO    ] [av1_migrator:engine] ✓ CUDA scaling (scale_cuda)
[2026-09-07 20:39:52] [INFO    ] [av1_migrator:engine] ✓ Media root: C:\Users\seegr\AppData\Local\Temp\pytest-of-seegr\pytest-9\test_engine_existing_bloated_o0\Movies
[2026-09-07 20:39:52] [INFO    ] [av1_migrator:engine] ✓ Storage safety (C:\Users\seegr\AppData\Local\Temp\pytest-of-seegr\pytest-9\test_engine_existing_bloated_o0\Movies): Free 51.01 GB >= Min 10.00 KB
[2026-09-07 20:39:52] [INFO    ] [av1_migrator:engine] Checking database for uncompleted/interrupted migration tasks from previous runs...
[2026-09-07 20:39:52] [INFO    ] [av1_migrator:engine] Startup recovery: Database is clean, no interrupted tasks found.
[2026-09-07 20:39:52] [INFO    ] [av1_migrator:engine] Starting media discovery and queue preparation...
[2026-09-07 20:39:52] [INFO    ] [av1_migrator:engine] Discovered 3 candidate files across media roots. Sorting by size...
[2026-09-07 20:39:52] [INFO    ] [av1_migrator:engine] Final output already exists on disk for Movie Small (2021).mkv. Validating existing output...
[2026-09-07 20:39:52] [WARNING ] [av1_migrator:engine] Existing output for Movie Small (2021).mkv is larger (29.30 KB) than or equal to original (9.77 KB). Prioritizing space: keeping smaller original and removing bloated output.
[2026-09-07 20:40:00] [INFO    ] [av1_migrator:engine] Promoted House, M.D. - S01Extra - The Concept 6 [AV1 1080p SDR CQ28].mkv.encoding.mkv to House, M.D. - S01Extra - The Concept 6 [AV1 1080p SDR CQ28].mkv
[2026-09-07 20:40:00] [INFO    ] [av1_migrator:engine] Safely deleted original file: Y:\media\TVShows\House MD\Season 2\Extras - Season 1\House, M.D. - S01Extra - The Concept 6.mkv
[2026-09-07 20:40:00] [INFO    ] [av1_migrator:engine] Successfully migrated House, M.D. - S01Extra - The Concept 6.mkv -> House, M.D. - S01Extra - The Concept 6 [AV1 1080p SDR CQ28].mkv (10.17 MB -> 93.34 MB, saved -83.17 MB)
[2026-09-07 20:40:00] [INFO    ] [av1_migrator:encoder] Starting FFmpeg encode for S02E16 - Traffic Jam.mkv (CUDA scale: True)
[2026-09-07 20:40:00] [WARNING ] [av1_migrator:encoder] CUDA scaling failed, retrying with software Lanczos scaling fallback...
[2026-09-07 20:40:00] [INFO    ] [av1_migrator:encoder] Retrying FFmpeg encode for S02E16 - Traffic Jam.mkv with software scale
[2026-09-07 20:40:04] [INFO    ] [av1_migrator:engine] Promoted S02E16 - Traffic Jam [AV1 1080p SDR CQ28].mkv.encoding.mkv to S02E16 - Traffic Jam [AV1 1080p SDR CQ28].mkv
[2026-09-07 20:40:05] [INFO    ] [av1_migrator:engine] Safely deleted original file: Y:\media\TVShows\King of the Hill (1997)\Featurettes\Season 2\Deleted and Extended Scenes\S02E16 - Traffic Jam.mkv
[2026-09-07 20:40:05] [INFO    ] [av1_migrator:engine] Successfully migrated S02E16 - Traffic Jam.mkv -> S02E16 - Traffic Jam [AV1 1080p SDR CQ28].mkv (10.20 MB -> 25.97 MB, saved -15.77 MB)
[2026-09-07 20:40:05] [INFO    ] [av1_migrator:encoder] Starting FFmpeg encode for Better Call Saul 01.mkv (CUDA scale: True)
[2026-09-07 20:40:05] [WARNING ] [av1_migrator:encoder] CUDA scaling failed, retrying with software Lanczos scaling fallback...
[2026-09-07 20:40:05] [INFO    ] [av1_migrator:encoder] Retrying FFmpeg encode for Better Call Saul 01.mkv with software scale
[2026-09-07 20:40:15] [INFO    ] [av1_migrator:engine] Promoted Better Call Saul 01 [AV1 1080p SDR CQ28].mkv.encoding.mkv to Better Call Saul 01 [AV1 1080p SDR CQ28].mkv
[2026-09-07 20:40:15] [INFO    ] [av1_migrator:engine] Safely deleted original file: Y:\media\TVShows\Breaking Bad (2008)\Featurettes\Season 4\Better Call Saul 01.mkv
[2026-09-07 20:40:15] [INFO    ] [av1_migrator:engine] Successfully migrated Better Call Saul 01.mkv -> Better Call Saul 01 [AV1 1080p SDR CQ28].mkv (10.40 MB -> 22.61 MB, saved -12.21 MB)
[2026-09-07 20:40:15] [INFO    ] [av1_migrator:encoder] Starting FFmpeg encode for Menu.mkv (CUDA scale: True)
[2026-09-07 20:40:16] [WARNING ] [av1_migrator:encoder] CUDA scaling failed, retrying with software Lanczos scaling fallback...
[2026-09-07 20:40:16] [INFO    ] [av1_migrator:encoder] Retrying FFmpeg encode for Menu.mkv with software scale
[2026-09-07 20:40:20] [INFO    ] [av1_migrator:engine] Promoted Menu [AV1 1080p SDR CQ28].mkv.encoding.mkv to Menu [AV1 1080p SDR CQ28].mkv
[2026-09-07 20:40:20] [INFO    ] [av1_migrator:engine] Safely deleted original file: Y:\srv\storage\Movies\Equilibrium (2002)\Featurettes\Menu.mkv
[2026-09-07 20:40:20] [INFO    ] [av1_migrator:engine] Successfully migrated Menu.mkv -> Menu [AV1 1080p SDR CQ28].mkv (10.43 MB -> 17.64 MB, saved -7.21 MB)
[2026-09-07 20:40:20] [INFO    ] [av1_migrator:encoder] Starting FFmpeg encode for scenes9.mkv (CUDA scale: True)
[2026-09-07 20:40:20] [INFO    ] [av1_migrator:engine] === Pre-flight System Checks ===
[2026-09-07 20:40:20] [INFO    ] [av1_migrator:engine] ✓ Python (3.14.3)
[2026-09-07 20:40:20] [INFO    ] [av1_migrator:engine] ✓ FFmpeg (C:\bin\ffmpeg.exe)
[2026-09-07 20:40:20] [INFO    ] [av1_migrator:engine] ✓ FFprobe (C:\bin\ffprobe.exe)
[2026-09-07 20:40:20] [INFO    ] [av1_migrator:engine] ✓ NVIDIA GPU (nvidia-smi detected)
[2026-09-07 20:40:20] [INFO    ] [av1_migrator:engine] ✓ AV1 NVENC encoder available
[2026-09-07 20:40:20] [INFO    ] [av1_migrator:engine] ✓ CUDA scaling (scale_cuda)
[2026-09-07 20:40:20] [INFO    ] [av1_migrator:engine] ✓ Media root: C:\Users\seegr\AppData\Local\Temp\pytest-of-seegr\pytest-10\test_engine_dry_run0\Movies
[2026-09-07 20:40:20] [INFO    ] [av1_migrator:engine] ✓ Storage safety (C:\Users\seegr\AppData\Local\Temp\pytest-of-seegr\pytest-10\test_engine_dry_run0\Movies): Free 51.01 GB >= Min 10.00 KB
[2026-09-07 20:40:20] [INFO    ] [av1_migrator:engine] Checking database for uncompleted/interrupted migration tasks from previous runs...
[2026-09-07 20:40:20] [INFO    ] [av1_migrator:engine] Startup recovery: Database is clean, no interrupted tasks found.
[2026-09-07 20:40:20] [INFO    ] [av1_migrator:engine] Starting media discovery and queue preparation...
[2026-09-07 20:40:20] [INFO    ] [av1_migrator:engine] Discovered 2 candidate files across media roots. Sorting by size...
[2026-09-07 20:40:20] [INFO    ] [av1_migrator:engine] Probing media files: 2/2 (100.0%) - Movie Large (2020).mkv
[2026-09-07 20:40:20] [INFO    ] [av1_migrator:engine] === DRY RUN SUMMARY ===
[2026-09-07 20:40:20] [INFO    ] [av1_migrator:engine] 
DRY RUN SUMMARY:
  Eligible files to convert: 2
  Already AV1/Completed:     0
  Skipped (No Eng/etc):      0
  Probe Errors:              0
  Total source size:         58.59 KB
  Estimated output size:     ~20.51 KB
  Estimated savings:         ~38.09 KB

[2026-09-07 20:40:20] [WARNING ] [av1_migrator:encoder] CUDA scaling failed, retrying with software Lanczos scaling fallback...
[2026-09-07 20:40:20] [INFO    ] [av1_migrator:encoder] Retrying FFmpeg encode for scenes9.mkv with software scale
[2026-09-07 20:40:20] [INFO    ] [av1_migrator:engine] === Pre-flight System Checks ===
[2026-09-07 20:40:20] [INFO    ] [av1_migrator:engine] ✓ Python (3.14.3)
[2026-09-07 20:40:20] [INFO    ] [av1_migrator:engine] ✓ FFmpeg (C:\bin\ffmpeg.exe)
[2026-09-07 20:40:20] [INFO    ] [av1_migrator:engine] ✓ FFprobe (C:\bin\ffprobe.exe)
[2026-09-07 20:40:20] [INFO    ] [av1_migrator:engine] ✓ NVIDIA GPU (nvidia-smi detected)
[2026-09-07 20:40:20] [INFO    ] [av1_migrator:engine] ✓ AV1 NVENC encoder available
[2026-09-07 20:40:20] [INFO    ] [av1_migrator:engine] ✓ CUDA scaling (scale_cuda)
[2026-09-07 20:40:20] [INFO    ] [av1_migrator:engine] ✓ Media root: C:\Users\seegr\AppData\Local\Temp\pytest-of-seegr\pytest-10\test_engine_full_workflow_succ0\Movies
[2026-09-07 20:40:20] [INFO    ] [av1_migrator:engine] ✓ Storage safety (C:\Users\seegr\AppData\Local\Temp\pytest-of-seegr\pytest-10\test_engine_full_workflow_succ0\Movies): Free 51.01 GB >= Min 10.00 KB
[2026-09-07 20:40:20] [INFO    ] [av1_migrator:engine] Checking database for uncompleted/interrupted migration tasks from previous runs...
[2026-09-07 20:40:20] [INFO    ] [av1_migrator:engine] Startup recovery: Database is clean, no interrupted tasks found.
[2026-09-07 20:40:20] [INFO    ] [av1_migrator:engine] Starting media discovery and queue preparation...
[2026-09-07 20:40:20] [INFO    ] [av1_migrator:engine] Discovered 2 candidate files across media roots. Sorting by size...
[2026-09-07 20:40:20] [INFO    ] [av1_migrator:engine] Probing media files: 2/2 (100.0%) - Movie Large (2020).mkv
[2026-09-07 20:40:21] [INFO    ] [av1_migrator:engine] Promoted Movie Small (2021) [AV1 1080p SDR CQ28].mkv.encoding.mkv to Movie Small (2021) [AV1 1080p SDR CQ28].mkv
[2026-09-07 20:40:21] [INFO    ] [av1_migrator:engine] Safely deleted original file: C:\Users\seegr\AppData\Local\Temp\pytest-of-seegr\pytest-10\test_engine_full_workflow_succ0\Movies\Movie Small (2021).mkv
[2026-09-07 20:40:21] [INFO    ] [av1_migrator:engine] Successfully migrated Movie Small (2021).mkv -> Movie Small (2021) [AV1 1080p SDR CQ28].mkv (9.77 KB -> 17 B, saved 9.75 KB)
[2026-09-07 20:40:22] [INFO    ] [av1_migrator:engine] === Migration Summary ===
[2026-09-07 20:40:22] [INFO    ] [av1_migrator:engine] Completed: 1
[2026-09-07 20:40:22] [INFO    ] [av1_migrator:engine] Failed:    0
[2026-09-07 20:40:22] [INFO    ] [av1_migrator:engine] Skipped:   0
[2026-09-07 20:40:22] [INFO    ] [av1_migrator:engine] Source:    9.77 KB
[2026-09-07 20:40:22] [INFO    ] [av1_migrator:engine] Output:    17 B
[2026-09-07 20:40:22] [INFO    ] [av1_migrator:engine] Saved:     9.75 KB (99.8%)
[2026-09-07 20:40:22] [INFO    ] [av1_migrator:engine] Checking database for uncompleted/interrupted migration tasks from previous runs...
[2026-09-07 20:40:22] [WARNING ] [av1_migrator:engine] Startup recovery: Found and resolved 1 interrupted tasks.
[2026-09-07 20:40:22] [INFO    ] [av1_migrator:engine]   - C:\Users\seegr\AppData\Local\Temp\pytest-of-seegr\pytest-10\test_engine_startup_recovery0\Movies\Movie Large (2020).mkv: reset_to_pending_for_retry (previous status: encoding, temp cleaned: True)
[2026-09-07 20:40:22] [INFO    ] [av1_migrator:engine] === Pre-flight System Checks ===
[2026-09-07 20:40:22] [INFO    ] [av1_migrator:engine] ✓ Python (3.14.3)
[2026-09-07 20:40:22] [INFO    ] [av1_migrator:engine] ✓ FFmpeg (C:\bin\ffmpeg.exe)
[2026-09-07 20:40:22] [INFO    ] [av1_migrator:engine] ✓ FFprobe (C:\bin\ffprobe.exe)
[2026-09-07 20:40:22] [INFO    ] [av1_migrator:engine] ✓ NVIDIA GPU (nvidia-smi detected)
[2026-09-07 20:40:22] [INFO    ] [av1_migrator:engine] ✓ AV1 NVENC encoder available
[2026-09-07 20:40:22] [INFO    ] [av1_migrator:engine] ✓ CUDA scaling (scale_cuda)
[2026-09-07 20:40:22] [INFO    ] [av1_migrator:engine] ✓ Media root: C:\Users\seegr\AppData\Local\Temp\pytest-of-seegr\pytest-10\test_engine_bloated_encode_pre0\Movies
[2026-09-07 20:40:22] [INFO    ] [av1_migrator:engine] ✓ Storage safety (C:\Users\seegr\AppData\Local\Temp\pytest-of-seegr\pytest-10\test_engine_bloated_encode_pre0\Movies): Free 51.00 GB >= Min 10.00 KB
[2026-09-07 20:40:22] [INFO    ] [av1_migrator:engine] Checking database for uncompleted/interrupted migration tasks from previous runs...
[2026-09-07 20:40:22] [INFO    ] [av1_migrator:engine] Startup recovery: Database is clean, no interrupted tasks found.
[2026-09-07 20:40:22] [INFO    ] [av1_migrator:engine] Starting media discovery and queue preparation...
[2026-09-07 20:40:22] [INFO    ] [av1_migrator:engine] Discovered 2 candidate files across media roots. Sorting by size...
[2026-09-07 20:40:22] [INFO    ] [av1_migrator:engine] Probing media files: 2/2 (100.0%) - Movie Large (2020).mkv
[2026-09-07 20:40:22] [WARNING ] [av1_migrator:engine] Encoding bloated for Movie Small (2021).mkv: output (24.41 KB) is larger than or equal to original (9.77 KB). Prioritizing space: keeping smaller original and removing bloated output.
[2026-09-07 20:40:22] [INFO    ] [av1_migrator:engine] Removed bloated temporary output: C:\Users\seegr\AppData\Local\Temp\pytest-of-seegr\pytest-10\test_engine_bloated_encode_pre0\Movies\Movie Small (2021) [AV1 1080p SDR CQ28].mkv.encoding.mkv
[2026-09-07 20:40:23] [INFO    ] [av1_migrator:engine] === Migration Summary ===
[2026-09-07 20:40:23] [INFO    ] [av1_migrator:engine] Completed: 0
[2026-09-07 20:40:23] [INFO    ] [av1_migrator:engine] Failed:    0
[2026-09-07 20:40:23] [INFO    ] [av1_migrator:engine] Skipped:   1
[2026-09-07 20:40:23] [INFO    ] [av1_migrator:engine] Source:    0 B
[2026-09-07 20:40:23] [INFO    ] [av1_migrator:engine] Output:    0 B
[2026-09-07 20:40:23] [INFO    ] [av1_migrator:engine] Saved:     0 B (0.0%)
[2026-09-07 20:40:23] [INFO    ] [av1_migrator:engine] === Pre-flight System Checks ===
[2026-09-07 20:40:23] [INFO    ] [av1_migrator:engine] ✓ Python (3.14.3)
[2026-09-07 20:40:23] [INFO    ] [av1_migrator:engine] ✓ FFmpeg (C:\bin\ffmpeg.exe)
[2026-09-07 20:40:23] [INFO    ] [av1_migrator:engine] ✓ FFprobe (C:\bin\ffprobe.exe)
[2026-09-07 20:40:23] [INFO    ] [av1_migrator:engine] ✓ NVIDIA GPU (nvidia-smi detected)
[2026-09-07 20:40:23] [INFO    ] [av1_migrator:engine] ✓ AV1 NVENC encoder available
[2026-09-07 20:40:23] [INFO    ] [av1_migrator:engine] ✓ CUDA scaling (scale_cuda)
[2026-09-07 20:40:23] [INFO    ] [av1_migrator:engine] ✓ Media root: C:\Users\seegr\AppData\Local\Temp\pytest-of-seegr\pytest-10\test_engine_existing_bloated_o0\Movies
[2026-09-07 20:40:23] [INFO    ] [av1_migrator:engine] ✓ Storage safety (C:\Users\seegr\AppData\Local\Temp\pytest-of-seegr\pytest-10\test_engine_existing_bloated_o0\Movies): Free 51.00 GB >= Min 10.00 KB
[2026-09-07 20:40:23] [INFO    ] [av1_migrator:engine] Checking database for uncompleted/interrupted migration tasks from previous runs...
[2026-09-07 20:40:23] [INFO    ] [av1_migrator:engine] Startup recovery: Database is clean, no interrupted tasks found.
[2026-09-07 20:40:23] [INFO    ] [av1_migrator:engine] Starting media discovery and queue preparation...
[2026-09-07 20:40:23] [INFO    ] [av1_migrator:engine] Discovered 3 candidate files across media roots. Sorting by size...
[2026-09-07 20:40:23] [INFO    ] [av1_migrator:engine] Final output already exists on disk for Movie Small (2021).mkv. Validating existing output...
[2026-09-07 20:40:23] [WARNING ] [av1_migrator:engine] Existing output for Movie Small (2021).mkv is larger (29.30 KB) than or equal to original (9.77 KB). Prioritizing space: keeping smaller original and removing bloated output.
[2026-09-07 20:40:23] [INFO    ] [av1_migrator:engine] Probing media files: 3/3 (100.0%) - Movie Large (2020).mkv
[2026-09-07 20:40:23] [INFO    ] [av1_migrator:encoder] Starting FFmpeg encode for Movie Large (2020).mkv (CUDA scale: True)
[2026-09-07 20:40:23] [WARNING ] [av1_migrator:encoder] CUDA scaling failed, retrying with software Lanczos scaling fallback...
[2026-09-07 20:40:23] [INFO    ] [av1_migrator:encoder] Retrying FFmpeg encode for Movie Large (2020).mkv with software scale
[2026-09-07 20:40:23] [ERROR   ] [av1_migrator:engine] Encoding failed for Movie Large (2020).mkv: FFmpeg exited with code 3199971767: ffmpeg stats and -progress period set to 0.5.
[matroska,webm @ 0000020c76580b80] Format matroska,webm detected only with low score of 1, misdetection possible!
Truncating packet of size 1060912 to 49994
[matroska,webm @ 0000020c76580b80] EBML header parsing failed
[in#0 @ 0000020c76580780] Error opening input: Invalid data found when processing input
Error opening input file C:\Users\seegr\AppData\Local\Temp\pytest-of-seegr\pytest-10\test_engine_existing_bloated_o0\Movies\Movie Large (2020).mkv.
Error opening input files: Invalid data found when processing input
[2026-09-07 20:40:24] [INFO    ] [av1_migrator:engine] === Migration Summary ===
[2026-09-07 20:40:24] [INFO    ] [av1_migrator:engine] Completed: 0
[2026-09-07 20:40:24] [INFO    ] [av1_migrator:engine] Failed:    1
[2026-09-07 20:40:24] [INFO    ] [av1_migrator:engine] Skipped:   1
[2026-09-07 20:40:24] [INFO    ] [av1_migrator:engine] Source:    0 B
[2026-09-07 20:40:24] [INFO    ] [av1_migrator:engine] Output:    0 B
[2026-09-07 20:40:24] [INFO    ] [av1_migrator:engine] Saved:     0 B (0.0%)
[2026-09-07 20:40:24] [WARNING ] [av1_migrator:engine] === FAILED FILES (1) ===
[2026-09-07 20:40:24] [WARNING ] [av1_migrator:engine]   - C:\Users\seegr\AppData\Local\Temp\pytest-of-seegr\pytest-10\test_engine_existing_bloated_o0\Movies\Movie Large (2020).mkv: FFmpeg exited with code 3199971767: ffmpeg stats and -progress period set to 0.5.
[matroska,webm @ 0000020c76580b80] Format matroska,webm detected only with low score of 1, misdetection possible!
Truncating packet of size 1060912 to 49994
[matroska,webm @ 0000020c76580b80] EBML header parsing failed
[in#0 @ 0000020c76580780] Error opening input: Invalid data found when processing input
Error opening input file C:\Users\seegr\AppData\Local\Temp\pytest-of-seegr\pytest-10\test_engine_existing_bloated_o0\Movies\Movie Large (2020).mkv.
Error opening input files: Invalid data found when processing input
[2026-09-07 20:40:29] [INFO    ] [av1_migrator:engine] === Pre-flight System Checks ===
[2026-09-07 20:40:29] [INFO    ] [av1_migrator:engine] ✓ Python (3.14.3)
[2026-09-07 20:40:29] [INFO    ] [av1_migrator:engine] ✓ FFmpeg (C:\bin\ffmpeg.exe)
[2026-09-07 20:40:29] [INFO    ] [av1_migrator:engine] ✓ FFprobe (C:\bin\ffprobe.exe)
[2026-09-07 20:40:29] [INFO    ] [av1_migrator:engine] ✓ NVIDIA GPU (nvidia-smi detected)
[2026-09-07 20:40:29] [INFO    ] [av1_migrator:engine] ✓ AV1 NVENC encoder available
[2026-09-07 20:40:29] [INFO    ] [av1_migrator:engine] ✓ CUDA scaling (scale_cuda)
[2026-09-07 20:40:29] [INFO    ] [av1_migrator:engine] ✓ Media root: Y:\srv\storage\Movies
[2026-09-07 20:40:29] [INFO    ] [av1_migrator:engine] ✓ Media root: Y:\media\TVShows
[2026-09-07 20:40:29] [INFO    ] [av1_migrator:engine] ✓ Storage safety (Y:\srv\storage\Movies): Free 2.21 TB >= Min 1.00 TB
[2026-09-07 20:40:29] [INFO    ] [av1_migrator:engine] Checking database for uncompleted/interrupted migration tasks from previous runs...
[2026-09-07 20:40:29] [WARNING ] [av1_migrator:engine] Startup recovery: Found and resolved 1 interrupted tasks.
[2026-09-07 20:40:29] [INFO    ] [av1_migrator:engine]   - Y:\media\TVShows\Breaking Bad (2008)\Featurettes\Season 2\Deleted Scenes\scenes9.mkv: reset_to_pending_for_retry (previous status: encoding, temp cleaned: False)
[2026-09-07 20:40:29] [INFO    ] [av1_migrator:engine] Starting media discovery and queue preparation...
[2026-09-07 20:40:33] [INFO    ] [av1_migrator:engine] Discovered 7688 candidate files across media roots. Sorting by size...
[2026-09-07 20:40:40] [INFO    ] [av1_migrator:engine] Promoted scenes9 [AV1 1080p SDR CQ28].mkv.encoding.mkv to scenes9 [AV1 1080p SDR CQ28].mkv
[2026-09-07 20:40:40] [INFO    ] [av1_migrator:engine] Safely deleted original file: Y:\media\TVShows\Breaking Bad (2008)\Featurettes\Season 2\Deleted Scenes\scenes9.mkv
[2026-09-07 20:40:40] [INFO    ] [av1_migrator:engine] Successfully migrated scenes9.mkv -> scenes9 [AV1 1080p SDR CQ28].mkv (10.53 MB -> 47.40 MB, saved -36.88 MB)
[2026-09-07 20:40:40] [INFO    ] [av1_migrator:encoder] Starting FFmpeg encode for Dip.mkv (CUDA scale: True)
[2026-09-07 20:40:41] [WARNING ] [av1_migrator:encoder] CUDA scaling failed, retrying with software Lanczos scaling fallback...
[2026-09-07 20:40:41] [INFO    ] [av1_migrator:encoder] Retrying FFmpeg encode for Dip.mkv with software scale
[2026-09-07 20:40:44] [WARNING ] [av1_migrator:engine] Could not stat Y:\media\TVShows\Breaking Bad (2008)\Featurettes\Season 2\Deleted Scenes\scenes9.mkv: [WinError 2] The system cannot find the file specified: 'Y:\\media\\TVShows\\Breaking Bad (2008)\\Featurettes\\Season 2\\Deleted Scenes\\scenes9.mkv'
[2026-09-07 20:40:44] [INFO    ] [av1_migrator:engine] Promoted Dip [AV1 1080p SDR CQ28].mkv.encoding.mkv to Dip [AV1 1080p SDR CQ28].mkv
[2026-09-07 20:40:45] [INFO    ] [av1_migrator:engine] Safely deleted original file: Y:\media\TVShows\The Office (US) (2005)\Featurettes\Featurettes\Season 8\The Office Promos - XLVI Football Championship\Dip.mkv
[2026-09-07 20:40:45] [INFO    ] [av1_migrator:engine] Successfully migrated Dip.mkv -> Dip [AV1 1080p SDR CQ28].mkv (10.57 MB -> 12.98 MB, saved -2.40 MB)
[2026-09-07 20:40:45] [INFO    ] [av1_migrator:encoder] Starting FFmpeg encode for S01E07 - Westie Side Story.mkv (CUDA scale: True)
[2026-09-07 20:40:45] [WARNING ] [av1_migrator:encoder] CUDA scaling failed, retrying with software Lanczos scaling fallback...
[2026-09-07 20:40:45] [INFO    ] [av1_migrator:encoder] Retrying FFmpeg encode for S01E07 - Westie Side Story.mkv with software scale
[2026-09-07 20:40:47] [INFO    ] [av1_migrator:engine] === DRY RUN SUMMARY ===
[2026-09-07 20:40:47] [INFO    ] [av1_migrator:engine] 
DRY RUN SUMMARY:
  Eligible files to convert: 2
  Already AV1/Completed:     62
  Skipped (No Eng/etc):      12163
  Probe Errors:              0
  Total source size:         21.49 MB
  Estimated output size:     ~7.52 MB
  Estimated savings:         ~13.97 MB

[2026-09-07 20:40:49] [INFO    ] [av1_migrator:engine] Promoted S01E07 - Westie Side Story [AV1 1080p SDR CQ28].mkv.encoding.mkv to S01E07 - Westie Side Story [AV1 1080p SDR CQ28].mkv
[2026-09-07 20:40:49] [INFO    ] [av1_migrator:engine] Safely deleted original file: Y:\media\TVShows\King of the Hill (1997)\Featurettes\Season 1\Deleted and Extended Scenes\S01E07 - Westie Side Story.mkv
[2026-09-07 20:40:49] [INFO    ] [av1_migrator:engine] Successfully migrated S01E07 - Westie Side Story.mkv -> S01E07 - Westie Side Story [AV1 1080p SDR CQ28].mkv (10.61 MB -> 33.94 MB, saved -23.32 MB)
[2026-09-07 20:40:49] [INFO    ] [av1_migrator:encoder] Starting FFmpeg encode for Behind the Scenes.mkv (CUDA scale: True)
[2026-09-07 20:40:49] [WARNING ] [av1_migrator:encoder] CUDA scaling failed, retrying with software Lanczos scaling fallback...
[2026-09-07 20:40:49] [INFO    ] [av1_migrator:encoder] Retrying FFmpeg encode for Behind the Scenes.mkv with software scale
[2026-09-07 20:40:59] [INFO    ] [av1_migrator:engine] Promoted Behind the Scenes [AV1 1080p SDR CQ28].mkv.encoding.mkv to Behind the Scenes [AV1 1080p SDR CQ28].mkv
[2026-09-07 20:40:59] [INFO    ] [av1_migrator:engine] Safely deleted original file: Y:\media\TVShows\The Office (US) (2005)\Featurettes\Webisodes\6. The Mentor\Extras\Behind the Scenes.mkv
[2026-09-07 20:40:59] [INFO    ] [av1_migrator:engine] Successfully migrated Behind the Scenes.mkv -> Behind the Scenes [AV1 1080p SDR CQ28].mkv (10.88 MB -> 54.04 MB, saved -43.17 MB)
[2026-09-07 20:40:59] [INFO    ] [av1_migrator:encoder] Starting FFmpeg encode for S01E02 - Square Peg.mkv (CUDA scale: True)
[2026-09-07 20:40:59] [WARNING ] [av1_migrator:encoder] CUDA scaling failed, retrying with software Lanczos scaling fallback...
[2026-09-07 20:40:59] [INFO    ] [av1_migrator:encoder] Retrying FFmpeg encode for S01E02 - Square Peg.mkv with software scale
[2026-09-07 20:41:04] [INFO    ] [av1_migrator:engine] Promoted S01E02 - Square Peg [AV1 1080p SDR CQ28].mkv.encoding.mkv to S01E02 - Square Peg [AV1 1080p SDR CQ28].mkv
[2026-09-07 20:41:04] [INFO    ] [av1_migrator:engine] Safely deleted original file: Y:\media\TVShows\King of the Hill (1997)\Featurettes\Season 1\Deleted and Extended Scenes\S01E02 - Square Peg.mkv
[2026-09-07 20:41:04] [INFO    ] [av1_migrator:engine] Successfully migrated S01E02 - Square Peg.mkv -> S01E02 - Square Peg [AV1 1080p SDR CQ28].mkv (11.03 MB -> 33.12 MB, saved -22.09 MB)
[2026-09-07 20:41:04] [INFO    ] [av1_migrator:encoder] Starting FFmpeg encode for Better Call Saul.mkv (CUDA scale: True)
[2026-09-07 20:41:04] [WARNING ] [av1_migrator:encoder] CUDA scaling failed, retrying with software Lanczos scaling fallback...
[2026-09-07 20:41:04] [INFO    ] [av1_migrator:encoder] Retrying FFmpeg encode for Better Call Saul.mkv with software scale
[2026-09-07 20:41:30] [INFO    ] [av1_migrator:engine] Promoted Better Call Saul [AV1 1080p SDR CQ28].mkv.encoding.mkv to Better Call Saul [AV1 1080p SDR CQ28].mkv
[2026-09-07 20:41:30] [INFO    ] [av1_migrator:engine] Safely deleted original file: Y:\media\TVShows\Breaking Bad (2008)\Featurettes\Season 2\Inside Breaking Bad\Better Call Saul.mkv
[2026-09-07 20:41:30] [INFO    ] [av1_migrator:engine] Successfully migrated Better Call Saul.mkv -> Better Call Saul [AV1 1080p SDR CQ28].mkv (11.04 MB -> 46.10 MB, saved -35.06 MB)
[2026-09-07 20:41:30] [INFO    ] [av1_migrator:encoder] Starting FFmpeg encode for Peekaboo.mkv (CUDA scale: True)
[2026-09-07 20:41:31] [WARNING ] [av1_migrator:encoder] CUDA scaling failed, retrying with software Lanczos scaling fallback...
[2026-09-07 20:41:31] [INFO    ] [av1_migrator:encoder] Retrying FFmpeg encode for Peekaboo.mkv with software scale
[2026-09-07 20:41:47] [WARNING ] [av1_migrator:engine] Received interrupt signal (Ctrl+C). Initiating safe stop...
[2026-09-07 20:41:47] [INFO    ] [av1_migrator:engine] Stopping migration safely: Ctrl+C interrupted
[2026-09-07 20:41:47] [WARNING ] [av1_migrator:encoder] Aborting FFmpeg encode: Ctrl+C interrupted
[2026-09-07 20:41:47] [INFO    ] [av1_migrator:engine] Removed temporary file: Y:\media\TVShows\Breaking Bad (2008)\Featurettes\Season 2\Inside Breaking Bad\Peekaboo [AV1 1080p SDR CQ28].mkv.encoding.mkv
[2026-09-07 20:41:47] [INFO    ] [av1_migrator:engine] Stop requested by user. Aborting pipeline.
[2026-09-07 20:41:48] [INFO    ] [av1_migrator:engine] === Migration Summary ===
[2026-09-07 20:41:48] [INFO    ] [av1_migrator:engine] Completed: 143
[2026-09-07 20:41:48] [INFO    ] [av1_migrator:engine] Failed:    1
[2026-09-07 20:41:48] [INFO    ] [av1_migrator:engine] Skipped:   1694
[2026-09-07 20:41:48] [INFO    ] [av1_migrator:engine] Source:    1.26 GB
[2026-09-07 20:41:48] [INFO    ] [av1_migrator:engine] Output:    2.47 GB
[2026-09-07 20:41:48] [INFO    ] [av1_migrator:engine] Saved:     0 B (0.0%)
[2026-09-07 20:41:48] [WARNING ] [av1_migrator:engine] === FAILED FILES (2) ===
[2026-09-07 20:41:48] [WARNING ] [av1_migrator:engine]   - Y:\media\TVShows\Worst Roommate Ever\S02\Worst Roommate Ever S02E02.mkv: FFprobe error: ffprobe returned code 1: [matroska,webm @ 00000153ced47d00] 0x00 at pos 0 (0x0) invalid as first byte of an EBML number
[matroska,webm @ 00000153ced47d00] EBML header parsing failed
Y:\media\TVShows\Worst Roommate Ever\S02\Worst Roommate Ever S02E02.mkv: Invalid data found when processing input
[2026-09-07 20:41:48] [WARNING ] [av1_migrator:engine]   - Y:\media\TVShows\Breaking Bad (2008)\Season 1\Breaking Bad (2008) - S01E06 - Crazy Handful of Nothin' (1080p BluRay x265 Silence).mkv: FFprobe error: ffprobe returned code 3221225786: 
[2026-09-07 20:41:48] [INFO    ] [av1_migrator:engine] === Pre-flight System Checks ===
[2026-09-07 20:41:48] [INFO    ] [av1_migrator:engine] ✓ Python (3.14.3)
[2026-09-07 20:41:48] [INFO    ] [av1_migrator:engine] ✓ FFmpeg (C:\bin\ffmpeg.exe)
[2026-09-07 20:41:48] [INFO    ] [av1_migrator:engine] ✓ FFprobe (C:\bin\ffprobe.exe)
[2026-09-07 20:41:48] [INFO    ] [av1_migrator:engine] ✓ NVIDIA GPU (nvidia-smi detected)
[2026-09-07 20:41:48] [INFO    ] [av1_migrator:engine] ✓ AV1 NVENC encoder available
[2026-09-07 20:41:48] [INFO    ] [av1_migrator:engine] ✓ CUDA scaling (scale_cuda)
[2026-09-07 20:41:48] [INFO    ] [av1_migrator:engine] ✓ Media root: Y:\srv\storage\Movies
[2026-09-07 20:41:48] [INFO    ] [av1_migrator:engine] ✓ Media root: Y:\media\TVShows
[2026-09-07 20:41:48] [INFO    ] [av1_migrator:engine] ✓ Storage safety (Y:\srv\storage\Movies): Free 2.21 TB >= Min 1.00 TB
[2026-09-07 20:41:48] [INFO    ] [av1_migrator:engine] Checking database for uncompleted/interrupted migration tasks from previous runs...
[2026-09-07 20:41:48] [INFO    ] [av1_migrator:engine] Startup recovery: Database is clean, no interrupted tasks found.
[2026-09-07 20:41:48] [INFO    ] [av1_migrator:engine] Starting media discovery and queue preparation...
[2026-09-07 20:41:50] [INFO    ] [av1_migrator:engine] Discovered 7688 candidate files across media roots. Sorting by size...
[2026-09-07 20:42:02] [INFO    ] [av1_migrator:engine] Probing media files: 250/7688 (3.3%) - Steven Universe S05E02 The Trial.mp4
[2026-09-07 20:42:13] [INFO    ] [av1_migrator:engine] Probing media files: 500/7688 (6.5%) - Adventure Time S05E28 Be More.mp4
[2026-09-07 20:42:25] [INFO    ] [av1_migrator:engine] Probing media files: 750/7688 (9.8%) - Adventure Time S05E14 Simon & Marcy.mp4
[2026-09-07 20:42:37] [INFO    ] [av1_migrator:engine] Probing media files: 1000/7688 (13.0%) - House MD Season 5 Extra 01 -  House Meets A Milestone - The 100th Episode.avi
[2026-09-07 20:42:51] [INFO    ] [av1_migrator:engine] Probing media files: 1250/7688 (16.3%) - S06E06 Mafia Deleted Scenes.mkv
[2026-09-07 20:43:07] [INFO    ] [av1_migrator:engine] Probing media files: 1500/7688 (19.5%) - The King of Queens S07E07 Silent Mite.mp4
[2026-09-07 20:43:19] [INFO    ] [av1_migrator:engine] Probing media files: 1750/7688 (22.8%) - The King of Queens S07E08 Awed Couple.mp4
[2026-09-07 20:43:31] [INFO    ] [av1_migrator:engine] Probing media files: 2000/7688 (26.0%) - Midnight Mission (2024) Bluray-1080p.mp4
[2026-09-07 20:43:45] [INFO    ] [av1_migrator:engine] Probing media files: 2250/7688 (29.3%) - Podcast 04.mkv
[2026-09-07 20:43:56] [INFO    ] [av1_migrator:engine] === Pre-flight System Checks ===
[2026-09-07 20:43:56] [INFO    ] [av1_migrator:engine] ✓ Python (3.14.3)
[2026-09-07 20:43:56] [INFO    ] [av1_migrator:engine] ✓ FFmpeg (C:\bin\ffmpeg.exe)
[2026-09-07 20:43:56] [INFO    ] [av1_migrator:engine] ✓ FFprobe (C:\bin\ffprobe.exe)
[2026-09-07 20:43:56] [INFO    ] [av1_migrator:engine] ✓ NVIDIA GPU (nvidia-smi detected)
[2026-09-07 20:43:56] [INFO    ] [av1_migrator:engine] ✓ AV1 NVENC encoder available
[2026-09-07 20:43:56] [INFO    ] [av1_migrator:engine] ✓ CUDA scaling (scale_cuda)
[2026-09-07 20:43:56] [INFO    ] [av1_migrator:engine] ✓ Media root: Y:\srv\storage\Movies
[2026-09-07 20:43:56] [INFO    ] [av1_migrator:engine] ✓ Media root: Y:\media\TVShows
[2026-09-07 20:43:56] [INFO    ] [av1_migrator:engine] ✓ Storage safety (Y:\srv\storage\Movies): Free 2.21 TB >= Min 1.00 TB
[2026-09-07 20:43:56] [INFO    ] [av1_migrator:engine] Checking database for uncompleted/interrupted migration tasks from previous runs...
[2026-09-07 20:43:56] [INFO    ] [av1_migrator:engine] Startup recovery: Database is clean, no interrupted tasks found.
[2026-09-07 20:43:56] [INFO    ] [av1_migrator:engine] Starting media discovery and queue preparation...
[2026-09-07 20:43:59] [INFO    ] [av1_migrator:engine] Probing media files: 2500/7688 (32.5%) - friends.s07e23.720p.bluray.x264-mrs.sujaidr.mkv
[2026-09-07 20:44:00] [INFO    ] [av1_migrator:engine] Discovered 7688 candidate files across media roots. Sorting by size...
[2026-09-07 20:44:11] [INFO    ] [av1_migrator:engine] Probing media files: 2750/7688 (35.8%) - BoJack.Horseman.S01E07.Say.Anything.mkv
[2026-09-07 20:44:13] [INFO    ] [av1_migrator:engine] === DRY RUN SUMMARY ===
[2026-09-07 20:44:13] [INFO    ] [av1_migrator:engine] 
DRY RUN SUMMARY:
  Eligible files to convert: 2
  Already AV1/Completed:     65
  Skipped (No Eng/etc):      12165
  Probe Errors:              0
  Total source size:         22.88 MB
  Estimated output size:     ~8.01 MB
  Estimated savings:         ~14.87 MB

[2026-09-07 20:44:24] [INFO    ] [av1_migrator:engine] Probing media files: 3000/7688 (39.0%) - friends_s02e23_720p_bluray_sujaidr.mkv
[2026-09-07 20:44:36] [INFO    ] [av1_migrator:engine] Probing media files: 3250/7688 (42.3%) - Futurama - S02E04 - Fry & the Slurm Factory HDTV-1080p.mkv
[2026-09-07 20:44:45] [INFO    ] [av1_migrator:engine] Probing media files: 3500/7688 (45.5%) - Phineas and Ferb - S04E31-E32 - Return Policy & Imperfect Storm (1080p WEB-DL x265 HEVC 10bit AAC 2.0 RCVR) [UTR].mkv
[2026-09-07 20:44:53] [INFO    ] [av1_migrator:engine] Probing media files: 3750/7688 (48.8%) - King of the Hill (1997) - S09E01 - A Rover Runs Through It (480p DVD x265 r00t).mkv
[2026-09-07 20:45:03] [INFO    ] [av1_migrator:engine] Probing media files: 4000/7688 (52.0%) - Wizards of Waverly Place S01E11 Potion Commotion.mkv
[2026-09-07 20:45:09] [INFO    ] [av1_migrator:engine] Probing media files: 4250/7688 (55.3%) - Bones s02e08 The Woman in the Sand.mkv
[2026-09-07 20:45:20] [INFO    ] [av1_migrator:engine] Probing media files: 4500/7688 (58.5%) - MythBusters S14E09 Reddit Special.mp4
[2026-09-07 20:45:27] [INFO    ] [av1_migrator:engine] Probing media files: 4750/7688 (61.8%) - Beauty and the Beast - s03e06 - Beggar's Comet.avi
[2026-09-07 20:45:28] [INFO    ] [av1_migrator:engine] Probing media files: 5000/7688 (65.0%) - MythBusters S02E04 Sinking Titanic - Goldfish Memory - Trombone Explosion.avi
[2026-09-07 20:45:35] [INFO    ] [av1_migrator:engine] Probing media files: 5250/7688 (68.3%) - Season 8 Blooper Reel.mkv
[2026-09-07 20:45:47] [INFO    ] [av1_migrator:engine] Probing media files: 5500/7688 (71.5%) - Young Sheldon - S02E21 - A Broken Heart and a Crock Monster Bluray-1080p.mkv
[2026-09-07 20:45:59] [INFO    ] [av1_migrator:engine] Probing media files: 5750/7688 (74.8%) - Better Call Saul S05e10 Something Unforgivable.mkv
[2026-09-07 20:46:16] [INFO    ] [av1_migrator:engine] Probing media files: 6000/7688 (78.0%) - The Office (US) (2005) - S07E06 - Costume Contest (1080p BluRay x265 Silence).mkv
[2026-09-07 20:46:28] [INFO    ] [av1_migrator:engine] Probing media files: 6250/7688 (81.3%) - Wednesday.S01E06.Quid.Pro.Woe.1080p.10bit.BluRay.AAC5.1.HEVC-Vyndros.mkv
[2026-09-07 20:46:42] [INFO    ] [av1_migrator:engine] Probing media files: 6500/7688 (84.5%) - The Office (US) (2005) - S04E01-E02 - Fun Run (1080p BluRay x265 Silence).mkv
[2026-09-07 20:46:59] [INFO    ] [av1_migrator:engine] Probing media files: 6750/7688 (87.8%) - Big Brother (2018) Bluray-1080p.mp4
[2026-09-07 20:47:14] [INFO    ] [av1_migrator:engine] Probing media files: 7000/7688 (91.1%) - Annihilation (2018).mkv
[2026-09-07 20:47:30] [INFO    ] [av1_migrator:engine] Probing media files: 7250/7688 (94.3%) - Deadpool 2 (2018).mp4
[2026-09-07 20:47:44] [INFO    ] [av1_migrator:engine] Probing media files: 7500/7688 (97.6%) - The Rescuers (1977).mkv
[2026-09-07 20:48:02] [INFO    ] [av1_migrator:engine] Probing media files: 7688/7688 (100.0%) - Transformers - The Last Knight (2017).m2ts
[2026-09-07 20:48:02] [INFO    ] [av1_migrator:encoder] Starting FFmpeg encode for Peekaboo.mkv (CUDA scale: True)
[2026-09-07 20:48:02] [WARNING ] [av1_migrator:encoder] CUDA scaling failed, retrying with software Lanczos scaling fallback...
[2026-09-07 20:48:02] [INFO    ] [av1_migrator:encoder] Retrying FFmpeg encode for Peekaboo.mkv with software scale
[2026-09-07 20:48:27] [WARNING ] [av1_migrator:engine] Encoding bloated for Peekaboo.mkv: output (48.50 MB) is larger than or equal to original (11.38 MB). Prioritizing space: keeping smaller original and removing bloated output.
[2026-09-07 20:48:27] [INFO    ] [av1_migrator:engine] Removed bloated temporary output: Y:\media\TVShows\Breaking Bad (2008)\Featurettes\Season 2\Inside Breaking Bad\Peekaboo [AV1 1080p SDR CQ28].mkv.encoding.mkv
[2026-09-07 20:48:27] [INFO    ] [av1_migrator:encoder] Starting FFmpeg encode for The Office - Make Your Own Promo contest Grand Prize Winners.mkv (CUDA scale: True)
[2026-09-07 20:48:27] [WARNING ] [av1_migrator:encoder] CUDA scaling failed, retrying with software Lanczos scaling fallback...
[2026-09-07 20:48:27] [INFO    ] [av1_migrator:encoder] Retrying FFmpeg encode for The Office - Make Your Own Promo contest Grand Prize Winners.mkv with software scale
[2026-09-07 20:48:35] [WARNING ] [av1_migrator:engine] Encoding bloated for The Office - Make Your Own Promo contest Grand Prize Winners.mkv: output (17.80 MB) is larger than or equal to original (11.50 MB). Prioritizing space: keeping smaller original and removing bloated output.
[2026-09-07 20:48:35] [INFO    ] [av1_migrator:engine] Removed bloated temporary output: Y:\media\TVShows\The Office (US) (2005)\Featurettes\Featurettes\Season 3\The Office - Make Your Own Promo contest Grand Prize Winners [AV1 1080p SDR CQ28].mkv.encoding.mkv
[2026-09-07 20:48:35] [INFO    ] [av1_migrator:encoder] Starting FFmpeg encode for Scenes10.mkv (CUDA scale: True)
[2026-09-07 20:48:36] [WARNING ] [av1_migrator:encoder] CUDA scaling failed, retrying with software Lanczos scaling fallback...
[2026-09-07 20:48:36] [INFO    ] [av1_migrator:encoder] Retrying FFmpeg encode for Scenes10.mkv with software scale
[2026-09-07 20:49:15] [WARNING ] [av1_migrator:engine] Encoding bloated for Scenes10.mkv: output (54.95 MB) is larger than or equal to original (11.64 MB). Prioritizing space: keeping smaller original and removing bloated output.
[2026-09-07 20:49:15] [INFO    ] [av1_migrator:engine] Removed bloated temporary output: Y:\media\TVShows\Breaking Bad (2008)\Featurettes\Season 4\Deleted Scenes\Scenes10 [AV1 1080p SDR CQ28].mkv.encoding.mkv
[2026-09-07 20:49:15] [INFO    ] [av1_migrator:encoder] Starting FFmpeg encode for Better Call Saul 02.mkv (CUDA scale: True)
[2026-09-07 20:49:15] [WARNING ] [av1_migrator:encoder] CUDA scaling failed, retrying with software Lanczos scaling fallback...
[2026-09-07 20:49:15] [INFO    ] [av1_migrator:encoder] Retrying FFmpeg encode for Better Call Saul 02.mkv with software scale
[2026-09-07 20:49:28] [WARNING ] [av1_migrator:engine] Encoding bloated for Better Call Saul 02.mkv: output (24.30 MB) is larger than or equal to original (11.65 MB). Prioritizing space: keeping smaller original and removing bloated output.
[2026-09-07 20:49:28] [INFO    ] [av1_migrator:engine] Removed bloated temporary output: Y:\media\TVShows\Breaking Bad (2008)\Featurettes\Season 4\Better Call Saul 02 [AV1 1080p SDR CQ28].mkv.encoding.mkv
[2026-09-07 20:49:28] [INFO    ] [av1_migrator:encoder] Starting FFmpeg encode for Bachmanity Insanity.mkv (CUDA scale: True)
[2026-09-07 20:49:28] [WARNING ] [av1_migrator:encoder] CUDA scaling failed, retrying with software Lanczos scaling fallback...
[2026-09-07 20:49:28] [INFO    ] [av1_migrator:encoder] Retrying FFmpeg encode for Bachmanity Insanity.mkv with software scale
[2026-09-07 20:49:32] [WARNING ] [av1_migrator:engine] Encoding bloated for Bachmanity Insanity.mkv: output (15.50 MB) is larger than or equal to original (11.65 MB). Prioritizing space: keeping smaller original and removing bloated output.
[2026-09-07 20:49:32] [INFO    ] [av1_migrator:engine] Removed bloated temporary output: Y:\media\TVShows\Silicon Valley (2014)\Featurettes\Season 3\Deleted Scenes\Bachmanity Insanity [AV1 1080p SDR CQ28].mkv.encoding.mkv
[2026-09-07 20:49:32] [INFO    ] [av1_migrator:encoder] Starting FFmpeg encode for 1.mkv (CUDA scale: True)
[2026-09-07 20:49:33] [WARNING ] [av1_migrator:encoder] CUDA scaling failed, retrying with software Lanczos scaling fallback...
[2026-09-07 20:49:33] [INFO    ] [av1_migrator:encoder] Retrying FFmpeg encode for 1.mkv with software scale
[2026-09-07 20:49:51] [WARNING ] [av1_migrator:engine] Encoding bloated for 1.mkv: output (17.06 MB) is larger than or equal to original (11.94 MB). Prioritizing space: keeping smaller original and removing bloated output.
[2026-09-07 20:49:51] [INFO    ] [av1_migrator:engine] Removed bloated temporary output: Y:\media\TVShows\Breaking Bad (2008)\Featurettes\Season 5\Featurettes 5.1\Deleted Scenes\1 [AV1 1080p SDR CQ28].mkv.encoding.mkv
[2026-09-07 20:49:51] [INFO    ] [av1_migrator:encoder] Starting FFmpeg encode for Original English Theatrical Trailer.mkv (CUDA scale: True)
[2026-09-07 20:49:51] [WARNING ] [av1_migrator:encoder] CUDA scaling failed, retrying with software Lanczos scaling fallback...
[2026-09-07 20:49:51] [INFO    ] [av1_migrator:encoder] Retrying FFmpeg encode for Original English Theatrical Trailer.mkv with software scale
[2026-09-07 20:50:01] [WARNING ] [av1_migrator:engine] Encoding bloated for Original English Theatrical Trailer.mkv: output (56.42 MB) is larger than or equal to original (11.97 MB). Prioritizing space: keeping smaller original and removing bloated output.
[2026-09-07 20:50:01] [INFO    ] [av1_migrator:engine] Removed bloated temporary output: Y:\srv\storage\Movies\Princess Mononoke (1997)\Featurettes\Original English Theatrical Trailer [AV1 1080p SDR CQ28].mkv.encoding.mkv
[2026-09-07 20:50:01] [INFO    ] [av1_migrator:encoder] Starting FFmpeg encode for Easter Egg - Monsignor Martinez Clips.mkv (CUDA scale: True)
[2026-09-07 20:50:01] [WARNING ] [av1_migrator:encoder] CUDA scaling failed, retrying with software Lanczos scaling fallback...
[2026-09-07 20:50:01] [INFO    ] [av1_migrator:encoder] Retrying FFmpeg encode for Easter Egg - Monsignor Martinez Clips.mkv with software scale
[2026-09-07 20:50:04] [WARNING ] [av1_migrator:engine] Received interrupt signal (Ctrl+C). Initiating safe stop...
[2026-09-07 20:50:04] [INFO    ] [av1_migrator:engine] Stopping migration safely: Ctrl+C interrupted
[2026-09-07 20:50:04] [WARNING ] [av1_migrator:encoder] Aborting FFmpeg encode: Ctrl+C interrupted
[2026-09-07 20:50:04] [INFO    ] [av1_migrator:engine] Removed temporary file: Y:\media\TVShows\King of the Hill (1997)\Featurettes\Season 2\Easter Egg - Monsignor Martinez Clips [AV1 1080p SDR CQ28].mkv.encoding.mkv
[2026-09-07 20:50:36] [INFO    ] [av1_migrator:engine] === Pre-flight System Checks ===
[2026-09-07 20:50:36] [INFO    ] [av1_migrator:engine] ✓ Python (3.14.3)
[2026-09-07 20:50:36] [INFO    ] [av1_migrator:engine] ✓ FFmpeg (C:\bin\ffmpeg.exe)
[2026-09-07 20:50:36] [INFO    ] [av1_migrator:engine] ✓ FFprobe (C:\bin\ffprobe.exe)
[2026-09-07 20:50:36] [INFO    ] [av1_migrator:engine] ✓ NVIDIA GPU (nvidia-smi detected)
[2026-09-07 20:50:36] [INFO    ] [av1_migrator:engine] ✓ AV1 NVENC encoder available
[2026-09-07 20:50:36] [INFO    ] [av1_migrator:engine] ✓ CUDA scaling (scale_cuda)
[2026-09-07 20:50:36] [INFO    ] [av1_migrator:engine] ✓ Media root: C:\Users\seegr\AppData\Local\Temp\pytest-of-seegr\pytest-11\test_engine_dry_run0\Movies
[2026-09-07 20:50:36] [INFO    ] [av1_migrator:engine] ✓ Storage safety (C:\Users\seegr\AppData\Local\Temp\pytest-of-seegr\pytest-11\test_engine_dry_run0\Movies): Free 51.00 GB >= Min 10.00 KB
[2026-09-07 20:50:36] [INFO    ] [av1_migrator:engine] Checking database for uncompleted/interrupted migration tasks from previous runs...
[2026-09-07 20:50:36] [INFO    ] [av1_migrator:engine] Startup recovery: Database is clean, no interrupted tasks found.
[2026-09-07 20:50:36] [INFO    ] [av1_migrator:engine] Starting media discovery and queue preparation...
[2026-09-07 20:50:36] [INFO    ] [av1_migrator:engine] Discovered 2 candidate files across media roots. Sorting by size...
[2026-09-07 20:50:36] [INFO    ] [av1_migrator:engine] === DRY RUN SUMMARY ===
[2026-09-07 20:50:36] [INFO    ] [av1_migrator:engine] 
DRY RUN SUMMARY:
  Eligible files to convert: 2
  Already AV1/Completed:     0
  Skipped (No Eng/etc):      0
  Probe Errors:              0
  Total source size:         58.59 KB
  Estimated output size:     ~20.51 KB
  Estimated savings:         ~38.09 KB

[2026-09-07 20:50:36] [INFO    ] [av1_migrator:engine] === Pre-flight System Checks ===
[2026-09-07 20:50:36] [INFO    ] [av1_migrator:engine] ✓ Python (3.14.3)
[2026-09-07 20:50:36] [INFO    ] [av1_migrator:engine] ✓ FFmpeg (C:\bin\ffmpeg.exe)
[2026-09-07 20:50:36] [INFO    ] [av1_migrator:engine] ✓ FFprobe (C:\bin\ffprobe.exe)
[2026-09-07 20:50:36] [INFO    ] [av1_migrator:engine] ✓ NVIDIA GPU (nvidia-smi detected)
[2026-09-07 20:50:36] [INFO    ] [av1_migrator:engine] ✓ AV1 NVENC encoder available
[2026-09-07 20:50:36] [INFO    ] [av1_migrator:engine] ✓ CUDA scaling (scale_cuda)
[2026-09-07 20:50:36] [INFO    ] [av1_migrator:engine] ✓ Media root: C:\Users\seegr\AppData\Local\Temp\pytest-of-seegr\pytest-11\test_engine_full_workflow_succ0\Movies
[2026-09-07 20:50:36] [INFO    ] [av1_migrator:engine] ✓ Storage safety (C:\Users\seegr\AppData\Local\Temp\pytest-of-seegr\pytest-11\test_engine_full_workflow_succ0\Movies): Free 51.00 GB >= Min 10.00 KB
[2026-09-07 20:50:36] [INFO    ] [av1_migrator:engine] Checking database for uncompleted/interrupted migration tasks from previous runs...
[2026-09-07 20:50:36] [INFO    ] [av1_migrator:engine] Startup recovery: Database is clean, no interrupted tasks found.
[2026-09-07 20:50:36] [INFO    ] [av1_migrator:engine] Starting media discovery and queue preparation...
[2026-09-07 20:50:36] [INFO    ] [av1_migrator:engine] Discovered 2 candidate files across media roots. Sorting by size...
[2026-09-07 20:50:37] [INFO    ] [av1_migrator:engine] Promoted Movie Small (2021) [AV1 1080p SDR CQ28].mkv.encoding.mkv to Movie Small (2021) [AV1 1080p SDR CQ28].mkv
[2026-09-07 20:50:37] [INFO    ] [av1_migrator:engine] Safely deleted original file: C:\Users\seegr\AppData\Local\Temp\pytest-of-seegr\pytest-11\test_engine_full_workflow_succ0\Movies\Movie Small (2021).mkv
[2026-09-07 20:50:37] [INFO    ] [av1_migrator:engine] Successfully migrated Movie Small (2021).mkv -> Movie Small (2021) [AV1 1080p SDR CQ28].mkv (9.77 KB -> 17 B, saved 9.75 KB)
[2026-09-07 20:50:37] [INFO    ] [av1_migrator:engine] === Migration Summary ===
[2026-09-07 20:50:37] [INFO    ] [av1_migrator:engine] Completed: 1
[2026-09-07 20:50:37] [INFO    ] [av1_migrator:engine] Failed:    0
[2026-09-07 20:50:37] [INFO    ] [av1_migrator:engine] Skipped:   0
[2026-09-07 20:50:37] [INFO    ] [av1_migrator:engine] Source:    9.77 KB
[2026-09-07 20:50:37] [INFO    ] [av1_migrator:engine] Output:    17 B
[2026-09-07 20:50:37] [INFO    ] [av1_migrator:engine] Saved:     9.75 KB (99.8%)
[2026-09-07 20:50:37] [INFO    ] [av1_migrator:engine] Checking database for uncompleted/interrupted migration tasks from previous runs...
[2026-09-07 20:50:37] [WARNING ] [av1_migrator:engine] Startup recovery: Found and resolved 1 interrupted tasks.
[2026-09-07 20:50:37] [INFO    ] [av1_migrator:engine]   - C:\Users\seegr\AppData\Local\Temp\pytest-of-seegr\pytest-11\test_engine_startup_recovery0\Movies\Movie Large (2020).mkv: reset_to_pending_for_retry (previous status: encoding, temp cleaned: True)
[2026-09-07 20:50:37] [INFO    ] [av1_migrator:engine] === Pre-flight System Checks ===
[2026-09-07 20:50:37] [INFO    ] [av1_migrator:engine] ✓ Python (3.14.3)
[2026-09-07 20:50:37] [INFO    ] [av1_migrator:engine] ✓ FFmpeg (C:\bin\ffmpeg.exe)
[2026-09-07 20:50:37] [INFO    ] [av1_migrator:engine] ✓ FFprobe (C:\bin\ffprobe.exe)
[2026-09-07 20:50:37] [INFO    ] [av1_migrator:engine] ✓ NVIDIA GPU (nvidia-smi detected)
[2026-09-07 20:50:37] [INFO    ] [av1_migrator:engine] ✓ AV1 NVENC encoder available
[2026-09-07 20:50:37] [INFO    ] [av1_migrator:engine] ✓ CUDA scaling (scale_cuda)
[2026-09-07 20:50:37] [INFO    ] [av1_migrator:engine] ✓ Media root: C:\Users\seegr\AppData\Local\Temp\pytest-of-seegr\pytest-11\test_engine_bloated_encode_pre0\Movies
[2026-09-07 20:50:37] [INFO    ] [av1_migrator:engine] ✓ Storage safety (C:\Users\seegr\AppData\Local\Temp\pytest-of-seegr\pytest-11\test_engine_bloated_encode_pre0\Movies): Free 51.00 GB >= Min 10.00 KB
[2026-09-07 20:50:37] [INFO    ] [av1_migrator:engine] Checking database for uncompleted/interrupted migration tasks from previous runs...
[2026-09-07 20:50:37] [INFO    ] [av1_migrator:engine] Startup recovery: Database is clean, no interrupted tasks found.
[2026-09-07 20:50:37] [INFO    ] [av1_migrator:engine] Starting media discovery and queue preparation...
[2026-09-07 20:50:37] [INFO    ] [av1_migrator:engine] Discovered 2 candidate files across media roots. Sorting by size...
[2026-09-07 20:50:38] [WARNING ] [av1_migrator:engine] Encoding bloated for Movie Small (2021).mkv: output (24.41 KB) is larger than or equal to original (9.77 KB). Prioritizing space: keeping smaller original and removing bloated output.
[2026-09-07 20:50:38] [INFO    ] [av1_migrator:engine] Removed bloated temporary output: C:\Users\seegr\AppData\Local\Temp\pytest-of-seegr\pytest-11\test_engine_bloated_encode_pre0\Movies\Movie Small (2021) [AV1 1080p SDR CQ28].mkv.encoding.mkv
[2026-09-07 20:50:39] [INFO    ] [av1_migrator:engine] === Migration Summary ===
[2026-09-07 20:50:39] [INFO    ] [av1_migrator:engine] Completed: 0
[2026-09-07 20:50:39] [INFO    ] [av1_migrator:engine] Failed:    0
[2026-09-07 20:50:39] [INFO    ] [av1_migrator:engine] Skipped:   1
[2026-09-07 20:50:39] [INFO    ] [av1_migrator:engine] Source:    0 B
[2026-09-07 20:50:39] [INFO    ] [av1_migrator:engine] Output:    0 B
[2026-09-07 20:50:39] [INFO    ] [av1_migrator:engine] Saved:     0 B (0.0%)
[2026-09-07 20:50:39] [INFO    ] [av1_migrator:engine] === Pre-flight System Checks ===
[2026-09-07 20:50:39] [INFO    ] [av1_migrator:engine] ✓ Python (3.14.3)
[2026-09-07 20:50:39] [INFO    ] [av1_migrator:engine] ✓ FFmpeg (C:\bin\ffmpeg.exe)
[2026-09-07 20:50:39] [INFO    ] [av1_migrator:engine] ✓ FFprobe (C:\bin\ffprobe.exe)
[2026-09-07 20:50:39] [INFO    ] [av1_migrator:engine] ✓ NVIDIA GPU (nvidia-smi detected)
[2026-09-07 20:50:39] [INFO    ] [av1_migrator:engine] ✓ AV1 NVENC encoder available
[2026-09-07 20:50:39] [INFO    ] [av1_migrator:engine] ✓ CUDA scaling (scale_cuda)
[2026-09-07 20:50:39] [INFO    ] [av1_migrator:engine] ✓ Media root: C:\Users\seegr\AppData\Local\Temp\pytest-of-seegr\pytest-11\test_engine_existing_bloated_o0\Movies
[2026-09-07 20:50:39] [INFO    ] [av1_migrator:engine] ✓ Storage safety (C:\Users\seegr\AppData\Local\Temp\pytest-of-seegr\pytest-11\test_engine_existing_bloated_o0\Movies): Free 51.00 GB >= Min 10.00 KB
[2026-09-07 20:50:39] [INFO    ] [av1_migrator:engine] Checking database for uncompleted/interrupted migration tasks from previous runs...
[2026-09-07 20:50:39] [INFO    ] [av1_migrator:engine] Startup recovery: Database is clean, no interrupted tasks found.
[2026-09-07 20:50:39] [INFO    ] [av1_migrator:engine] Starting media discovery and queue preparation...
[2026-09-07 20:50:39] [INFO    ] [av1_migrator:engine] Discovered 3 candidate files across media roots. Sorting by size...
[2026-09-07 20:50:39] [INFO    ] [av1_migrator:engine] Final output already exists on disk for Movie Small (2021).mkv. Validating existing output...
[2026-09-07 20:50:39] [WARNING ] [av1_migrator:engine] Existing output for Movie Small (2021).mkv is larger (29.30 KB) than or equal to original (9.77 KB). Prioritizing space: keeping smaller original and removing bloated output.
[2026-09-07 20:50:39] [INFO    ] [av1_migrator:encoder] Starting FFmpeg encode for Movie Large (2020).mkv (CUDA scale: True)
[2026-09-07 20:50:39] [WARNING ] [av1_migrator:encoder] CUDA scaling failed, retrying with software Lanczos scaling fallback...
[2026-09-07 20:50:39] [INFO    ] [av1_migrator:encoder] Retrying FFmpeg encode for Movie Large (2020).mkv with software scale
[2026-09-07 20:50:39] [ERROR   ] [av1_migrator:engine] Encoding failed for Movie Large (2020).mkv: FFmpeg exited with code 3199971767: ffmpeg stats and -progress period set to 0.5.
[matroska,webm @ 0000024284790b80] Format matroska,webm detected only with low score of 1, misdetection possible!
Truncating packet of size 1060912 to 49994
[matroska,webm @ 0000024284790b80] EBML header parsing failed
[in#0 @ 0000024284790780] Error opening input: Invalid data found when processing input
Error opening input file C:\Users\seegr\AppData\Local\Temp\pytest-of-seegr\pytest-11\test_engine_existing_bloated_o0\Movies\Movie Large (2020).mkv.
Error opening input files: Invalid data found when processing input
[2026-09-07 20:50:40] [INFO    ] [av1_migrator:engine] === Migration Summary ===
[2026-09-07 20:50:40] [INFO    ] [av1_migrator:engine] Completed: 0
[2026-09-07 20:50:40] [INFO    ] [av1_migrator:engine] Failed:    1
[2026-09-07 20:50:40] [INFO    ] [av1_migrator:engine] Skipped:   1
[2026-09-07 20:50:40] [INFO    ] [av1_migrator:engine] Source:    0 B
[2026-09-07 20:50:40] [INFO    ] [av1_migrator:engine] Output:    0 B
[2026-09-07 20:50:40] [INFO    ] [av1_migrator:engine] Saved:     0 B (0.0%)
[2026-09-07 20:50:40] [WARNING ] [av1_migrator:engine] === FAILED FILES (1) ===
[2026-09-07 20:50:40] [WARNING ] [av1_migrator:engine]   - C:\Users\seegr\AppData\Local\Temp\pytest-of-seegr\pytest-11\test_engine_existing_bloated_o0\Movies\Movie Large (2020).mkv: FFmpeg exited with code 3199971767: ffmpeg stats and -progress period set to 0.5.
[matroska,webm @ 0000024284790b80] Format matroska,webm detected only with low score of 1, misdetection possible!
Truncating packet of size 1060912 to 49994
[matroska,webm @ 0000024284790b80] EBML header parsing failed
[in#0 @ 0000024284790780] Error opening input: Invalid data found when processing input
Error opening input file C:\Users\seegr\AppData\Local\Temp\pytest-of-seegr\pytest-11\test_engine_existing_bloated_o0\Movies\Movie Large (2020).mkv.
Error opening input files: Invalid data found when processing input
[2026-09-07 20:50:45] [INFO    ] [av1_migrator:engine] === Pre-flight System Checks ===
[2026-09-07 20:50:45] [INFO    ] [av1_migrator:engine] ✓ Python (3.14.3)
[2026-09-07 20:50:45] [INFO    ] [av1_migrator:engine] ✓ FFmpeg (C:\bin\ffmpeg.exe)
[2026-09-07 20:50:45] [INFO    ] [av1_migrator:engine] ✓ FFprobe (C:\bin\ffprobe.exe)
[2026-09-07 20:50:45] [INFO    ] [av1_migrator:engine] ✓ NVIDIA GPU (nvidia-smi detected)
[2026-09-07 20:50:45] [INFO    ] [av1_migrator:engine] ✓ AV1 NVENC encoder available
[2026-09-07 20:50:45] [INFO    ] [av1_migrator:engine] ✓ CUDA scaling (scale_cuda)
[2026-09-07 20:50:45] [INFO    ] [av1_migrator:engine] ✓ Media root: Y:\srv\storage\Movies
[2026-09-07 20:50:45] [INFO    ] [av1_migrator:engine] ✓ Media root: Y:\media\TVShows
[2026-09-07 20:50:45] [INFO    ] [av1_migrator:engine] ✓ Storage safety (Y:\srv\storage\Movies): Free 2.21 TB >= Min 1.00 TB
[2026-09-07 20:50:45] [INFO    ] [av1_migrator:engine] Checking database for uncompleted/interrupted migration tasks from previous runs...
[2026-09-07 20:50:45] [INFO    ] [av1_migrator:engine] Startup recovery: Database is clean, no interrupted tasks found.
[2026-09-07 20:50:45] [INFO    ] [av1_migrator:engine] Starting media discovery and queue preparation...
[2026-09-07 20:50:49] [INFO    ] [av1_migrator:engine] Discovered 7688 candidate files across media roots. Sorting by size...
[2026-09-07 20:50:57] [INFO    ] [av1_migrator:engine] === DRY RUN SUMMARY ===
[2026-09-07 20:50:57] [INFO    ] [av1_migrator:engine] 
DRY RUN SUMMARY:
  Eligible files to convert: 2
  Already AV1/Completed:     69
  Skipped (No Eng/etc):      12173
  Probe Errors:              0
  Total source size:         24.32 MB
  Estimated output size:     ~8.51 MB
  Estimated savings:         ~15.81 MB

[2026-09-07 20:51:09] [INFO    ] [av1_migrator:engine] === Pre-flight System Checks ===
[2026-09-07 20:51:09] [INFO    ] [av1_migrator:engine] ✓ Python (3.14.3)
[2026-09-07 20:51:09] [INFO    ] [av1_migrator:engine] ✓ FFmpeg (C:\bin\ffmpeg.exe)
[2026-09-07 20:51:09] [INFO    ] [av1_migrator:engine] ✓ FFprobe (C:\bin\ffprobe.exe)
[2026-09-07 20:51:09] [INFO    ] [av1_migrator:engine] ✓ NVIDIA GPU (nvidia-smi detected)
[2026-09-07 20:51:09] [INFO    ] [av1_migrator:engine] ✓ AV1 NVENC encoder available
[2026-09-07 20:51:09] [INFO    ] [av1_migrator:engine] ✓ CUDA scaling (scale_cuda)
[2026-09-07 20:51:09] [INFO    ] [av1_migrator:engine] ✓ Media root: C:\Users\seegr\AppData\Local\Temp\pytest-of-seegr\pytest-12\test_engine_dry_run0\Movies
[2026-09-07 20:51:09] [INFO    ] [av1_migrator:engine] ✓ Storage safety (C:\Users\seegr\AppData\Local\Temp\pytest-of-seegr\pytest-12\test_engine_dry_run0\Movies): Free 51.00 GB >= Min 10.00 KB
[2026-09-07 20:51:09] [INFO    ] [av1_migrator:engine] Checking database for uncompleted/interrupted migration tasks from previous runs...
[2026-09-07 20:51:09] [INFO    ] [av1_migrator:engine] Startup recovery: Database is clean, no interrupted tasks found.
[2026-09-07 20:51:09] [INFO    ] [av1_migrator:engine] Starting media discovery and queue preparation...
[2026-09-07 20:51:09] [INFO    ] [av1_migrator:engine] Discovered 2 candidate files across media roots. Sorting by size...
[2026-09-07 20:51:09] [INFO    ] [av1_migrator:engine] === DRY RUN SUMMARY ===
[2026-09-07 20:51:09] [INFO    ] [av1_migrator:engine] 
DRY RUN SUMMARY:
  Eligible files to convert: 2
  Already AV1/Completed:     0
  Skipped (No Eng/etc):      0
  Probe Errors:              0
  Total source size:         58.59 KB
  Estimated output size:     ~20.51 KB
  Estimated savings:         ~38.09 KB

[2026-09-07 20:51:09] [INFO    ] [av1_migrator:engine] === Pre-flight System Checks ===
[2026-09-07 20:51:09] [INFO    ] [av1_migrator:engine] ✓ Python (3.14.3)
[2026-09-07 20:51:09] [INFO    ] [av1_migrator:engine] ✓ FFmpeg (C:\bin\ffmpeg.exe)
[2026-09-07 20:51:09] [INFO    ] [av1_migrator:engine] ✓ FFprobe (C:\bin\ffprobe.exe)
[2026-09-07 20:51:09] [INFO    ] [av1_migrator:engine] ✓ NVIDIA GPU (nvidia-smi detected)
[2026-09-07 20:51:09] [INFO    ] [av1_migrator:engine] ✓ AV1 NVENC encoder available
[2026-09-07 20:51:09] [INFO    ] [av1_migrator:engine] ✓ CUDA scaling (scale_cuda)
[2026-09-07 20:51:09] [INFO    ] [av1_migrator:engine] ✓ Media root: C:\Users\seegr\AppData\Local\Temp\pytest-of-seegr\pytest-12\test_engine_full_workflow_succ0\Movies
[2026-09-07 20:51:09] [INFO    ] [av1_migrator:engine] ✓ Storage safety (C:\Users\seegr\AppData\Local\Temp\pytest-of-seegr\pytest-12\test_engine_full_workflow_succ0\Movies): Free 51.00 GB >= Min 10.00 KB
[2026-09-07 20:51:09] [INFO    ] [av1_migrator:engine] Checking database for uncompleted/interrupted migration tasks from previous runs...
[2026-09-07 20:51:09] [INFO    ] [av1_migrator:engine] Startup recovery: Database is clean, no interrupted tasks found.
[2026-09-07 20:51:09] [INFO    ] [av1_migrator:engine] Starting media discovery and queue preparation...
[2026-09-07 20:51:09] [INFO    ] [av1_migrator:engine] Discovered 2 candidate files across media roots. Sorting by size...
[2026-09-07 20:51:10] [INFO    ] [av1_migrator:engine] Promoted Movie Small (2021) [AV1 1080p SDR CQ28].mkv.encoding.mkv to Movie Small (2021) [AV1 1080p SDR CQ28].mkv
[2026-09-07 20:51:10] [INFO    ] [av1_migrator:engine] Safely deleted original file: C:\Users\seegr\AppData\Local\Temp\pytest-of-seegr\pytest-12\test_engine_full_workflow_succ0\Movies\Movie Small (2021).mkv
[2026-09-07 20:51:10] [INFO    ] [av1_migrator:engine] Successfully migrated Movie Small (2021).mkv -> Movie Small (2021) [AV1 1080p SDR CQ28].mkv (9.77 KB -> 17 B, saved 9.75 KB)
[2026-09-07 20:51:11] [INFO    ] [av1_migrator:engine] === Migration Summary ===
[2026-09-07 20:51:11] [INFO    ] [av1_migrator:engine] Completed: 1
[2026-09-07 20:51:11] [INFO    ] [av1_migrator:engine] Failed:    0
[2026-09-07 20:51:11] [INFO    ] [av1_migrator:engine] Skipped:   0
[2026-09-07 20:51:11] [INFO    ] [av1_migrator:engine] Source:    9.77 KB
[2026-09-07 20:51:11] [INFO    ] [av1_migrator:engine] Output:    17 B
[2026-09-07 20:51:11] [INFO    ] [av1_migrator:engine] Saved:     9.75 KB (99.8%)
[2026-09-07 20:51:11] [INFO    ] [av1_migrator:engine] Checking database for uncompleted/interrupted migration tasks from previous runs...
[2026-09-07 20:51:11] [WARNING ] [av1_migrator:engine] Startup recovery: Found and resolved 1 interrupted tasks.
[2026-09-07 20:51:11] [INFO    ] [av1_migrator:engine]   - C:\Users\seegr\AppData\Local\Temp\pytest-of-seegr\pytest-12\test_engine_startup_recovery0\Movies\Movie Large (2020).mkv: reset_to_pending_for_retry (previous status: encoding, temp cleaned: True)
[2026-09-07 20:51:11] [INFO    ] [av1_migrator:engine] === Pre-flight System Checks ===
[2026-09-07 20:51:11] [INFO    ] [av1_migrator:engine] ✓ Python (3.14.3)
[2026-09-07 20:51:11] [INFO    ] [av1_migrator:engine] ✓ FFmpeg (C:\bin\ffmpeg.exe)
[2026-09-07 20:51:11] [INFO    ] [av1_migrator:engine] ✓ FFprobe (C:\bin\ffprobe.exe)
[2026-09-07 20:51:11] [INFO    ] [av1_migrator:engine] ✓ NVIDIA GPU (nvidia-smi detected)
[2026-09-07 20:51:11] [INFO    ] [av1_migrator:engine] ✓ AV1 NVENC encoder available
[2026-09-07 20:51:11] [INFO    ] [av1_migrator:engine] ✓ CUDA scaling (scale_cuda)
[2026-09-07 20:51:11] [INFO    ] [av1_migrator:engine] ✓ Media root: C:\Users\seegr\AppData\Local\Temp\pytest-of-seegr\pytest-12\test_engine_bloated_encode_pre0\Movies
[2026-09-07 20:51:11] [INFO    ] [av1_migrator:engine] ✓ Storage safety (C:\Users\seegr\AppData\Local\Temp\pytest-of-seegr\pytest-12\test_engine_bloated_encode_pre0\Movies): Free 51.00 GB >= Min 10.00 KB
[2026-09-07 20:51:11] [INFO    ] [av1_migrator:engine] Checking database for uncompleted/interrupted migration tasks from previous runs...
[2026-09-07 20:51:11] [INFO    ] [av1_migrator:engine] Startup recovery: Database is clean, no interrupted tasks found.
[2026-09-07 20:51:11] [INFO    ] [av1_migrator:engine] Starting media discovery and queue preparation...
[2026-09-07 20:51:11] [INFO    ] [av1_migrator:engine] Discovered 2 candidate files across media roots. Sorting by size...
[2026-09-07 20:51:11] [WARNING ] [av1_migrator:engine] Encoding bloated for Movie Small (2021).mkv: output (24.41 KB) is larger than or equal to original (9.77 KB). Prioritizing space: keeping smaller original and removing bloated output.
[2026-09-07 20:51:11] [INFO    ] [av1_migrator:engine] Removed bloated temporary output: C:\Users\seegr\AppData\Local\Temp\pytest-of-seegr\pytest-12\test_engine_bloated_encode_pre0\Movies\Movie Small (2021) [AV1 1080p SDR CQ28].mkv.encoding.mkv
[2026-09-07 20:51:12] [INFO    ] [av1_migrator:engine] === Migration Summary ===
[2026-09-07 20:51:12] [INFO    ] [av1_migrator:engine] Completed: 0
[2026-09-07 20:51:12] [INFO    ] [av1_migrator:engine] Failed:    0
[2026-09-07 20:51:12] [INFO    ] [av1_migrator:engine] Skipped:   1
[2026-09-07 20:51:12] [INFO    ] [av1_migrator:engine] Source:    0 B
[2026-09-07 20:51:12] [INFO    ] [av1_migrator:engine] Output:    0 B
[2026-09-07 20:51:12] [INFO    ] [av1_migrator:engine] Saved:     0 B (0.0%)
[2026-09-07 20:51:12] [INFO    ] [av1_migrator:engine] === Pre-flight System Checks ===
[2026-09-07 20:51:12] [INFO    ] [av1_migrator:engine] ✓ Python (3.14.3)
[2026-09-07 20:51:12] [INFO    ] [av1_migrator:engine] ✓ FFmpeg (C:\bin\ffmpeg.exe)
[2026-09-07 20:51:12] [INFO    ] [av1_migrator:engine] ✓ FFprobe (C:\bin\ffprobe.exe)
[2026-09-07 20:51:12] [INFO    ] [av1_migrator:engine] ✓ NVIDIA GPU (nvidia-smi detected)
[2026-09-07 20:51:12] [INFO    ] [av1_migrator:engine] ✓ AV1 NVENC encoder available
[2026-09-07 20:51:12] [INFO    ] [av1_migrator:engine] ✓ CUDA scaling (scale_cuda)
[2026-09-07 20:51:12] [INFO    ] [av1_migrator:engine] ✓ Media root: C:\Users\seegr\AppData\Local\Temp\pytest-of-seegr\pytest-12\test_engine_existing_bloated_o0\Movies
[2026-09-07 20:51:12] [INFO    ] [av1_migrator:engine] ✓ Storage safety (C:\Users\seegr\AppData\Local\Temp\pytest-of-seegr\pytest-12\test_engine_existing_bloated_o0\Movies): Free 51.00 GB >= Min 10.00 KB
[2026-09-07 20:51:12] [INFO    ] [av1_migrator:engine] Checking database for uncompleted/interrupted migration tasks from previous runs...
[2026-09-07 20:51:12] [INFO    ] [av1_migrator:engine] Startup recovery: Database is clean, no interrupted tasks found.
[2026-09-07 20:51:12] [INFO    ] [av1_migrator:engine] Starting media discovery and queue preparation...
[2026-09-07 20:51:12] [INFO    ] [av1_migrator:engine] Discovered 3 candidate files across media roots. Sorting by size...
[2026-09-07 20:51:12] [INFO    ] [av1_migrator:engine] Final output already exists on disk for Movie Small (2021).mkv. Validating existing output...
[2026-09-07 20:51:12] [WARNING ] [av1_migrator:engine] Existing output for Movie Small (2021).mkv is larger (29.30 KB) than or equal to original (9.77 KB). Prioritizing space: keeping smaller original and removing bloated output.
[2026-09-07 20:51:12] [INFO    ] [av1_migrator:encoder] Starting FFmpeg encode for Movie Large (2020).mkv (CUDA scale: True)
[2026-09-07 20:51:12] [WARNING ] [av1_migrator:encoder] CUDA scaling failed, retrying with software Lanczos scaling fallback...
[2026-09-07 20:51:12] [INFO    ] [av1_migrator:encoder] Retrying FFmpeg encode for Movie Large (2020).mkv with software scale
[2026-09-07 20:51:12] [ERROR   ] [av1_migrator:engine] Encoding failed for Movie Large (2020).mkv: FFmpeg exited with code 3199971767: ffmpeg stats and -progress period set to 0.5.
[matroska,webm @ 00000154f4a80b80] Format matroska,webm detected only with low score of 1, misdetection possible!
Truncating packet of size 1060912 to 49994
[matroska,webm @ 00000154f4a80b80] EBML header parsing failed
[in#0 @ 00000154f4a80780] Error opening input: Invalid data found when processing input
Error opening input file C:\Users\seegr\AppData\Local\Temp\pytest-of-seegr\pytest-12\test_engine_existing_bloated_o0\Movies\Movie Large (2020).mkv.
Error opening input files: Invalid data found when processing input
[2026-09-07 20:51:13] [INFO    ] [av1_migrator:engine] === Migration Summary ===
[2026-09-07 20:51:13] [INFO    ] [av1_migrator:engine] Completed: 0
[2026-09-07 20:51:13] [INFO    ] [av1_migrator:engine] Failed:    1
[2026-09-07 20:51:13] [INFO    ] [av1_migrator:engine] Skipped:   1
[2026-09-07 20:51:13] [INFO    ] [av1_migrator:engine] Source:    0 B
[2026-09-07 20:51:13] [INFO    ] [av1_migrator:engine] Output:    0 B
[2026-09-07 20:51:13] [INFO    ] [av1_migrator:engine] Saved:     0 B (0.0%)
[2026-09-07 20:51:13] [WARNING ] [av1_migrator:engine] === FAILED FILES (1) ===
[2026-09-07 20:51:13] [WARNING ] [av1_migrator:engine]   - C:\Users\seegr\AppData\Local\Temp\pytest-of-seegr\pytest-12\test_engine_existing_bloated_o0\Movies\Movie Large (2020).mkv: FFmpeg exited with code 3199971767: ffmpeg stats and -progress period set to 0.5.
[matroska,webm @ 00000154f4a80b80] Format matroska,webm detected only with low score of 1, misdetection possible!
Truncating packet of size 1060912 to 49994
[matroska,webm @ 00000154f4a80b80] EBML header parsing failed
[in#0 @ 00000154f4a80780] Error opening input: Invalid data found when processing input
Error opening input file C:\Users\seegr\AppData\Local\Temp\pytest-of-seegr\pytest-12\test_engine_existing_bloated_o0\Movies\Movie Large (2020).mkv.
Error opening input files: Invalid data found when processing input
[2026-09-08 08:02:28] [INFO    ] [av1_migrator:engine] === Pre-flight System Checks ===
[2026-09-08 08:02:28] [INFO    ] [av1_migrator:engine] ✓ Python (3.14.3)
[2026-09-08 08:02:28] [INFO    ] [av1_migrator:engine] ✓ FFmpeg (C:\bin\ffmpeg.exe)
[2026-09-08 08:02:28] [INFO    ] [av1_migrator:engine] ✓ FFprobe (C:\bin\ffprobe.exe)
[2026-09-08 08:02:28] [INFO    ] [av1_migrator:engine] ✓ NVIDIA GPU (nvidia-smi detected)
[2026-09-08 08:02:28] [INFO    ] [av1_migrator:engine] ✓ AV1 NVENC encoder available
[2026-09-08 08:02:28] [INFO    ] [av1_migrator:engine] ✓ CUDA scaling (scale_cuda)
[2026-09-08 08:02:28] [INFO    ] [av1_migrator:engine] ✓ Media root: Y:\srv\storage\Movies
[2026-09-08 08:02:28] [INFO    ] [av1_migrator:engine] ✓ Media root: Y:\media\TVShows
[2026-09-08 08:02:28] [INFO    ] [av1_migrator:engine] ✓ Storage safety (Y:\srv\storage\Movies): Free 2.21 TB >= Min 1.00 TB
[2026-09-08 08:02:28] [INFO    ] [av1_migrator:engine] Checking database for uncompleted/interrupted migration tasks from previous runs...
[2026-09-08 08:02:28] [INFO    ] [av1_migrator:engine] Startup recovery: Database is clean, no interrupted tasks found.
[2026-09-08 08:02:28] [INFO    ] [av1_migrator:engine] Starting media discovery and queue preparation...
[2026-09-08 08:02:32] [INFO    ] [av1_migrator:engine] Discovered 7688 candidate files across media roots. Sorting by size...
[2026-09-08 08:09:10] [INFO    ] [av1_migrator:encoder] Starting FFmpeg encode for Easter Egg - Monsignor Martinez Clips.mkv (CUDA scale: True)
[2026-09-08 08:09:10] [WARNING ] [av1_migrator:encoder] Aborting FFmpeg encode: Process read error: 'EncodeProgress' object has no attribute 'eta_str'
[2026-09-08 08:09:10] [INFO    ] [av1_migrator:encoder] Cleaned up temporary file after failure: Y:\media\TVShows\King of the Hill (1997)\Featurettes\Season 2\Easter Egg - Monsignor Martinez Clips [AV1 1080p SDR CQ28].mkv.encoding.mkv
[2026-09-08 08:09:11] [ERROR   ] [av1_migrator:engine] Encoding failed for Easter Egg - Monsignor Martinez Clips.mkv: Exception during encode: 'EncodeProgress' object has no attribute 'eta_str'
[2026-09-08 08:09:11] [INFO    ] [av1_migrator:encoder] Starting FFmpeg encode for Scenes07.mkv (CUDA scale: True)
[2026-09-08 08:09:11] [WARNING ] [av1_migrator:encoder] Aborting FFmpeg encode: Process read error: 'EncodeProgress' object has no attribute 'eta_str'
[2026-09-08 08:09:11] [INFO    ] [av1_migrator:encoder] Cleaned up temporary file after failure: Y:\media\TVShows\Breaking Bad (2008)\Featurettes\Season 4\Deleted Scenes\Scenes07 [AV1 1080p SDR CQ28].mkv.encoding.mkv
[2026-09-08 08:09:11] [ERROR   ] [av1_migrator:engine] Encoding failed for Scenes07.mkv: Exception during encode: 'EncodeProgress' object has no attribute 'eta_str'
[2026-09-08 08:09:11] [INFO    ] [av1_migrator:encoder] Starting FFmpeg encode for What's in a Name.mkv (CUDA scale: True)
[2026-09-08 08:09:11] [WARNING ] [av1_migrator:encoder] Aborting FFmpeg encode: Process read error: 'EncodeProgress' object has no attribute 'eta_str'
[2026-09-08 08:09:12] [INFO    ] [av1_migrator:encoder] Cleaned up temporary file after failure: Y:\media\TVShows\Breaking Bad (2008)\Featurettes\Season 2\Behind The Scenes\What's in a Name [AV1 1080p SDR CQ28].mkv.encoding.mkv
[2026-09-08 08:09:12] [ERROR   ] [av1_migrator:engine] Encoding failed for What's in a Name.mkv: Exception during encode: 'EncodeProgress' object has no attribute 'eta_str'
[2026-09-08 08:09:12] [INFO    ] [av1_migrator:encoder] Starting FFmpeg encode for The Cast on Season 2.mkv (CUDA scale: True)
[2026-09-08 08:09:12] [WARNING ] [av1_migrator:encoder] Aborting FFmpeg encode: Process read error: 'EncodeProgress' object has no attribute 'eta_str'
[2026-09-08 08:09:12] [INFO    ] [av1_migrator:encoder] Cleaned up temporary file after failure: Y:\media\TVShows\Breaking Bad (2008)\Featurettes\Season 2\Behind The Scenes\The Cast on Season 2 [AV1 1080p SDR CQ28].mkv.encoding.mkv
[2026-09-08 08:09:12] [ERROR   ] [av1_migrator:engine] Encoding failed for The Cast on Season 2.mkv: Exception during encode: 'EncodeProgress' object has no attribute 'eta_str'
[2026-09-08 08:09:12] [INFO    ] [av1_migrator:encoder] Starting FFmpeg encode for The Making of Negro y Azul.mkv (CUDA scale: True)
[2026-09-08 08:09:12] [WARNING ] [av1_migrator:encoder] Aborting FFmpeg encode: Process read error: 'EncodeProgress' object has no attribute 'eta_str'
[2026-09-08 08:09:13] [INFO    ] [av1_migrator:encoder] Cleaned up temporary file after failure: Y:\media\TVShows\Breaking Bad (2008)\Featurettes\Season 2\Behind The Scenes\The Making of Negro y Azul [AV1 1080p SDR CQ28].mkv.encoding.mkv
[2026-09-08 08:09:13] [ERROR   ] [av1_migrator:engine] Encoding failed for The Making of Negro y Azul.mkv: Exception during encode: 'EncodeProgress' object has no attribute 'eta_str'
[2026-09-08 08:09:13] [INFO    ] [av1_migrator:encoder] Starting FFmpeg encode for House, M.D. - S01Extra - Dr House 2.mkv (CUDA scale: True)
[2026-09-08 08:09:13] [WARNING ] [av1_migrator:encoder] Aborting FFmpeg encode: Process read error: 'EncodeProgress' object has no attribute 'eta_str'
[2026-09-08 08:09:13] [INFO    ] [av1_migrator:encoder] Cleaned up temporary file after failure: Y:\media\TVShows\House MD\Season 2\Extras - Season 1\House, M.D. - S01Extra - Dr House 2 [AV1 1080p SDR CQ28].mkv.encoding.mkv
[2026-09-08 08:09:13] [ERROR   ] [av1_migrator:engine] Encoding failed for House, M.D. - S01Extra - Dr House 2.mkv: Exception during encode: 'EncodeProgress' object has no attribute 'eta_str'
[2026-09-08 08:09:13] [INFO    ] [av1_migrator:encoder] Starting FFmpeg encode for S01E06 - Hank's Unmentionable Problem.mkv (CUDA scale: True)
[2026-09-08 08:09:13] [WARNING ] [av1_migrator:encoder] Aborting FFmpeg encode: Process read error: 'EncodeProgress' object has no attribute 'eta_str'
[2026-09-08 08:09:14] [INFO    ] [av1_migrator:encoder] Cleaned up temporary file after failure: Y:\media\TVShows\King of the Hill (1997)\Featurettes\Season 1\Deleted and Extended Scenes\S01E06 - Hank's Unmentionable Problem [AV1 1080p SDR CQ28].mkv.encoding.mkv
[2026-09-08 08:09:14] [ERROR   ] [av1_migrator:engine] Encoding failed for S01E06 - Hank's Unmentionable Problem.mkv: Exception during encode: 'EncodeProgress' object has no attribute 'eta_str'
[2026-09-08 08:09:14] [INFO    ] [av1_migrator:encoder] Starting FFmpeg encode for Akira Sound Clip-04-Ethnic Meets Hi-Tech.mkv (CUDA scale: True)
[2026-09-08 08:09:14] [WARNING ] [av1_migrator:encoder] Aborting FFmpeg encode: Process read error: 'EncodeProgress' object has no attribute 'eta_str'
[2026-09-08 08:09:14] [INFO    ] [av1_migrator:encoder] Cleaned up temporary file after failure: Y:\srv\storage\Movies\Akira (1988)\Featurettes\Akira Sound Clip-04-Ethnic Meets Hi-Tech [AV1 1080p SDR CQ28].mkv.encoding.mkv
[2026-09-08 08:09:14] [ERROR   ] [av1_migrator:engine] Encoding failed for Akira Sound Clip-04-Ethnic Meets Hi-Tech.mkv: Exception during encode: 'EncodeProgress' object has no attribute 'eta_str'
[2026-09-08 08:09:14] [INFO    ] [av1_migrator:encoder] Starting FFmpeg encode for 4 Days Out.mkv (CUDA scale: True)
[2026-09-08 08:09:15] [WARNING ] [av1_migrator:encoder] Aborting FFmpeg encode: Process read error: 'EncodeProgress' object has no attribute 'eta_str'
[2026-09-08 08:09:15] [INFO    ] [av1_migrator:encoder] Cleaned up temporary file after failure: Y:\media\TVShows\Breaking Bad (2008)\Featurettes\Season 2\Inside Breaking Bad\4 Days Out [AV1 1080p SDR CQ28].mkv.encoding.mkv
[2026-09-08 08:09:15] [ERROR   ] [av1_migrator:engine] Encoding failed for 4 Days Out.mkv: Exception during encode: 'EncodeProgress' object has no attribute 'eta_str'
[2026-09-08 08:09:15] [INFO    ] [av1_migrator:encoder] Starting FFmpeg encode for Title Screen.mkv (CUDA scale: True)
[2026-09-08 08:09:15] [WARNING ] [av1_migrator:encoder] Aborting FFmpeg encode: Process read error: 'EncodeProgress' object has no attribute 'eta_str'
[2026-09-08 08:09:15] [INFO    ] [av1_migrator:encoder] Cleaned up temporary file after failure: Y:\media\TVShows\How I Met Your Mother\S04\Extra\Title Screen [AV1 1080p SDR CQ28].mkv.encoding.mkv
[2026-09-08 08:09:15] [ERROR   ] [av1_migrator:engine] Encoding failed for Title Screen.mkv: Exception during encode: 'EncodeProgress' object has no attribute 'eta_str'
[2026-09-08 08:09:15] [INFO    ] [av1_migrator:encoder] Starting FFmpeg encode for Grilled.mkv (CUDA scale: True)
[2026-09-08 08:09:16] [WARNING ] [av1_migrator:encoder] Aborting FFmpeg encode: Process read error: 'EncodeProgress' object has no attribute 'eta_str'
[2026-09-08 08:09:16] [INFO    ] [av1_migrator:encoder] Cleaned up temporary file after failure: Y:\media\TVShows\Breaking Bad (2008)\Featurettes\Season 2\Inside Breaking Bad\Grilled [AV1 1080p SDR CQ28].mkv.encoding.mkv
[2026-09-08 08:09:16] [ERROR   ] [av1_migrator:engine] Encoding failed for Grilled.mkv: Exception during encode: 'EncodeProgress' object has no attribute 'eta_str'
[2026-09-08 08:09:16] [INFO    ] [av1_migrator:encoder] Starting FFmpeg encode for S02E09 - The Company Man (Alternate Ending).mkv (CUDA scale: True)
[2026-09-08 08:09:16] [WARNING ] [av1_migrator:encoder] Aborting FFmpeg encode: Process read error: 'EncodeProgress' object has no attribute 'eta_str'
[2026-09-08 08:09:16] [INFO    ] [av1_migrator:encoder] Cleaned up temporary file after failure: Y:\media\TVShows\King of the Hill (1997)\Featurettes\Season 2\Deleted and Extended Scenes\S02E09 - The Company Man (Alternate Ending) [AV1 1080p SDR CQ28].mkv.encoding.mkv
[2026-09-08 08:09:16] [ERROR   ] [av1_migrator:engine] Encoding failed for S02E09 - The Company Man (Alternate Ending).mkv: Exception during encode: 'EncodeProgress' object has no attribute 'eta_str'
[2026-09-08 08:09:16] [INFO    ] [av1_migrator:encoder] Starting FFmpeg encode for Scenes08.mkv (CUDA scale: True)
[2026-09-08 08:09:17] [WARNING ] [av1_migrator:encoder] Aborting FFmpeg encode: Process read error: 'EncodeProgress' object has no attribute 'eta_str'
[2026-09-08 08:09:17] [INFO    ] [av1_migrator:encoder] Cleaned up temporary file after failure: Y:\media\TVShows\Breaking Bad (2008)\Featurettes\Season 4\Deleted Scenes\Scenes08 [AV1 1080p SDR CQ28].mkv.encoding.mkv
[2026-09-08 08:09:17] [ERROR   ] [av1_migrator:engine] Encoding failed for Scenes08.mkv: Exception during encode: 'EncodeProgress' object has no attribute 'eta_str'
[2026-09-08 08:09:17] [INFO    ] [av1_migrator:encoder] Starting FFmpeg encode for Mandala.mkv (CUDA scale: True)
[2026-09-08 08:09:17] [WARNING ] [av1_migrator:encoder] Aborting FFmpeg encode: Process read error: 'EncodeProgress' object has no attribute 'eta_str'
[2026-09-08 08:09:17] [INFO    ] [av1_migrator:encoder] Cleaned up temporary file after failure: Y:\media\TVShows\Breaking Bad (2008)\Featurettes\Season 2\Inside Breaking Bad\Mandala [AV1 1080p SDR CQ28].mkv.encoding.mkv
[2026-09-08 08:09:17] [ERROR   ] [av1_migrator:engine] Encoding failed for Mandala.mkv: Exception during encode: 'EncodeProgress' object has no attribute 'eta_str'
[2026-09-08 08:09:17] [INFO    ] [av1_migrator:encoder] Starting FFmpeg encode for Seven-Thrty Seven.mkv (CUDA scale: True)
[2026-09-08 08:09:18] [WARNING ] [av1_migrator:encoder] Aborting FFmpeg encode: Process read error: 'EncodeProgress' object has no attribute 'eta_str'
[2026-09-08 08:09:18] [INFO    ] [av1_migrator:encoder] Cleaned up temporary file after failure: Y:\media\TVShows\Breaking Bad (2008)\Featurettes\Season 2\Inside Breaking Bad\Seven-Thrty Seven [AV1 1080p SDR CQ28].mkv.encoding.mkv
[2026-09-08 08:09:18] [ERROR   ] [av1_migrator:engine] Encoding failed for Seven-Thrty Seven.mkv: Exception during encode: 'EncodeProgress' object has no attribute 'eta_str'
[2026-09-08 08:09:18] [INFO    ] [av1_migrator:encoder] Starting FFmpeg encode for Over.mkv (CUDA scale: True)
[2026-09-08 08:09:18] [WARNING ] [av1_migrator:encoder] Aborting FFmpeg encode: Process read error: 'EncodeProgress' object has no attribute 'eta_str'
[2026-09-08 08:09:18] [INFO    ] [av1_migrator:encoder] Cleaned up temporary file after failure: Y:\media\TVShows\Breaking Bad (2008)\Featurettes\Season 2\Inside Breaking Bad\Over [AV1 1080p SDR CQ28].mkv.encoding.mkv
[2026-09-08 08:09:18] [ERROR   ] [av1_migrator:engine] Encoding failed for Over.mkv: Exception during encode: 'EncodeProgress' object has no attribute 'eta_str'
[2026-09-08 08:09:18] [INFO    ] [av1_migrator:encoder] Starting FFmpeg encode for Steven Universe S05E01 Stuck Together.mp4 (CUDA scale: True)
[2026-09-08 08:09:19] [WARNING ] [av1_migrator:encoder] Aborting FFmpeg encode: Process read error: 'EncodeProgress' object has no attribute 'eta_str'
[2026-09-08 08:09:19] [INFO    ] [av1_migrator:encoder] Cleaned up temporary file after failure: Y:\media\TVShows\Steven Universe\S05\Steven Universe S05E01 Stuck Together [AV1 1080p SDR CQ28].mkv.encoding.mkv
[2026-09-08 08:09:19] [ERROR   ] [av1_migrator:engine] Encoding failed for Steven Universe S05E01 Stuck Together.mp4: Exception during encode: 'EncodeProgress' object has no attribute 'eta_str'
[2026-09-08 08:09:19] [INFO    ] [av1_migrator:encoder] Starting FFmpeg encode for Glee S03X01 Extended Scene Christmas.mp4 (CUDA scale: True)
[2026-09-08 08:09:19] [WARNING ] [av1_migrator:encoder] Aborting FFmpeg encode: Process read error: 'EncodeProgress' object has no attribute 'eta_str'
[2026-09-08 08:09:19] [INFO    ] [av1_migrator:encoder] Cleaned up temporary file after failure: Y:\media\TVShows\Glee\S03\Glee S03X01 Extended Scene Christmas [AV1 1080p SDR CQ28].mkv.encoding.mkv
[2026-09-08 08:09:19] [ERROR   ] [av1_migrator:engine] Encoding failed for Glee S03X01 Extended Scene Christmas.mp4: Exception during encode: 'EncodeProgress' object has no attribute 'eta_str'
[2026-09-08 08:09:19] [INFO    ] [av1_migrator:encoder] Starting FFmpeg encode for Bit By a Dead Bee.mkv (CUDA scale: True)
[2026-09-08 08:09:20] [WARNING ] [av1_migrator:encoder] Aborting FFmpeg encode: Process read error: 'EncodeProgress' object has no attribute 'eta_str'
[2026-09-08 08:09:20] [INFO    ] [av1_migrator:encoder] Cleaned up temporary file after failure: Y:\media\TVShows\Breaking Bad (2008)\Featurettes\Season 2\Inside Breaking Bad\Bit By a Dead Bee [AV1 1080p SDR CQ28].mkv.encoding.mkv
[2026-09-08 08:09:20] [ERROR   ] [av1_migrator:engine] Encoding failed for Bit By a Dead Bee.mkv: Exception during encode: 'EncodeProgress' object has no attribute 'eta_str'
[2026-09-08 08:09:20] [INFO    ] [av1_migrator:encoder] Starting FFmpeg encode for Manger Babies (Performed by Luanne Platter).mkv (CUDA scale: True)
[2026-09-08 08:09:20] [WARNING ] [av1_migrator:encoder] Aborting FFmpeg encode: Process read error: 'EncodeProgress' object has no attribute 'eta_str'
[2026-09-08 08:09:20] [INFO    ] [av1_migrator:encoder] Cleaned up temporary file after failure: Y:\media\TVShows\King of the Hill (1997)\Featurettes\Season 2\Music Inspired by the Hills\Music Videos\Manger Babies (Performed by Luanne Platter) [AV1 1080p SDR CQ28].mkv.encoding.mkv
[2026-09-08 08:09:20] [ERROR   ] [av1_migrator:engine] Encoding failed for Manger Babies (Performed by Luanne Platter).mkv: Exception during encode: 'EncodeProgress' object has no attribute 'eta_str'
[2026-09-08 08:09:21] [INFO    ] [av1_migrator:encoder] Starting FFmpeg encode for Kelly and Erin on Midday.mkv (CUDA scale: True)
[2026-09-08 08:09:21] [WARNING ] [av1_migrator:encoder] Aborting FFmpeg encode: Process read error: 'EncodeProgress' object has no attribute 'eta_str'
[2026-09-08 08:09:21] [INFO    ] [av1_migrator:encoder] Cleaned up temporary file after failure: Y:\media\TVShows\The Office (US) (2005)\Featurettes\Webisodes\5. Subtle Sexuality\Extras\Kelly and Erin on Midday [AV1 1080p SDR CQ28].mkv.encoding.mkv
[2026-09-08 08:09:21] [ERROR   ] [av1_migrator:engine] Encoding failed for Kelly and Erin on Midday.mkv: Exception during encode: 'EncodeProgress' object has no attribute 'eta_str'
[2026-09-08 08:09:21] [INFO    ] [av1_migrator:encoder] Starting FFmpeg encode for Down.mkv (CUDA scale: True)
[2026-09-08 08:09:21] [WARNING ] [av1_migrator:encoder] Aborting FFmpeg encode: Process read error: 'EncodeProgress' object has no attribute 'eta_str'
[2026-09-08 08:09:21] [INFO    ] [av1_migrator:encoder] Cleaned up temporary file after failure: Y:\media\TVShows\Breaking Bad (2008)\Featurettes\Season 2\Inside Breaking Bad\Down [AV1 1080p SDR CQ28].mkv.encoding.mkv
[2026-09-08 08:09:22] [ERROR   ] [av1_migrator:engine] Encoding failed for Down.mkv: Exception during encode: 'EncodeProgress' object has no attribute 'eta_str'
[2026-09-08 08:09:22] [INFO    ] [av1_migrator:encoder] Starting FFmpeg encode for Akira Sound Clip-01-Music for Akira.mkv (CUDA scale: True)
[2026-09-08 08:09:22] [WARNING ] [av1_migrator:encoder] Aborting FFmpeg encode: Process read error: 'EncodeProgress' object has no attribute 'eta_str'
[2026-09-08 08:09:22] [INFO    ] [av1_migrator:encoder] Cleaned up temporary file after failure: Y:\srv\storage\Movies\Akira (1988)\Featurettes\Akira Sound Clip-01-Music for Akira [AV1 1080p SDR CQ28].mkv.encoding.mkv
[2026-09-08 08:09:22] [ERROR   ] [av1_migrator:engine] Encoding failed for Akira Sound Clip-01-Music for Akira.mkv: Exception during encode: 'EncodeProgress' object has no attribute 'eta_str'
[2026-09-08 08:09:22] [INFO    ] [av1_migrator:encoder] Starting FFmpeg encode for Phoenix.mkv (CUDA scale: True)
[2026-09-08 08:09:22] [WARNING ] [av1_migrator:encoder] Aborting FFmpeg encode: Process read error: 'EncodeProgress' object has no attribute 'eta_str'
[2026-09-08 08:09:22] [INFO    ] [av1_migrator:encoder] Cleaned up temporary file after failure: Y:\media\TVShows\Breaking Bad (2008)\Featurettes\Season 2\Inside Breaking Bad\Phoenix [AV1 1080p SDR CQ28].mkv.encoding.mkv
[2026-09-08 08:09:23] [ERROR   ] [av1_migrator:engine] Encoding failed for Phoenix.mkv: Exception during encode: 'EncodeProgress' object has no attribute 'eta_str'
[2026-09-08 08:09:23] [INFO    ] [av1_migrator:encoder] Starting FFmpeg encode for Car Filming Time Lapse.mkv (CUDA scale: True)
[2026-09-08 08:09:23] [WARNING ] [av1_migrator:encoder] Aborting FFmpeg encode: Process read error: 'EncodeProgress' object has no attribute 'eta_str'
[2026-09-08 08:09:23] [INFO    ] [av1_migrator:encoder] Cleaned up temporary file after failure: Y:\media\TVShows\Breaking Bad (2008)\Featurettes\Season 4\Car Filming Time Lapse [AV1 1080p SDR CQ28].mkv.encoding.mkv
[2026-09-08 08:09:23] [ERROR   ] [av1_migrator:engine] Encoding failed for Car Filming Time Lapse.mkv: Exception during encode: 'EncodeProgress' object has no attribute 'eta_str'
[2026-09-08 08:09:23] [INFO    ] [av1_migrator:encoder] Starting FFmpeg encode for The Sherman Brothers - The Aristocrats of Disney Songs.mkv (CUDA scale: True)
[2026-09-08 08:09:23] [WARNING ] [av1_migrator:encoder] Aborting FFmpeg encode: Process read error: 'EncodeProgress' object has no attribute 'eta_str'
[2026-09-08 08:09:24] [INFO    ] [av1_migrator:encoder] Cleaned up temporary file after failure: Y:\srv\storage\Movies\The Aristocats (1970)\Featurettes\The Sherman Brothers - The Aristocrats of Disney Songs [AV1 1080p SDR CQ28].mkv.encoding.mkv
[2026-09-08 08:09:24] [ERROR   ] [av1_migrator:engine] Encoding failed for The Sherman Brothers - The Aristocrats of Disney Songs.mkv: Exception during encode: 'EncodeProgress' object has no attribute 'eta_str'
[2026-09-08 08:09:24] [INFO    ] [av1_migrator:encoder] Starting FFmpeg encode for Adventure Time S07E24 Hall of Egress.mp4 (CUDA scale: True)
[2026-09-08 08:09:24] [WARNING ] [av1_migrator:encoder] Aborting FFmpeg encode: Process read error: 'EncodeProgress' object has no attribute 'eta_str'
[2026-09-08 08:09:24] [INFO    ] [av1_migrator:encoder] Cleaned up temporary file after failure: Y:\media\TVShows\Adventure Time\S07\Adventure Time S07E24 Hall of Egress [AV1 1080p SDR CQ28].mkv.encoding.mkv
[2026-09-08 08:09:24] [ERROR   ] [av1_migrator:engine] Encoding failed for Adventure Time S07E24 Hall of Egress.mp4: Exception during encode: 'EncodeProgress' object has no attribute 'eta_str'
[2026-09-08 08:09:24] [INFO    ] [av1_migrator:encoder] Starting FFmpeg encode for The Tortoise Scene.mkv (CUDA scale: True)
[2026-09-08 08:09:24] [WARNING ] [av1_migrator:encoder] Aborting FFmpeg encode: Process read error: 'EncodeProgress' object has no attribute 'eta_str'
[2026-09-08 08:09:25] [INFO    ] [av1_migrator:encoder] Cleaned up temporary file after failure: Y:\media\TVShows\Breaking Bad (2008)\Featurettes\Season 2\Behind The Scenes\The Tortoise Scene [AV1 1080p SDR CQ28].mkv.encoding.mkv
[2026-09-08 08:09:25] [ERROR   ] [av1_migrator:engine] Encoding failed for The Tortoise Scene.mkv: Exception during encode: 'EncodeProgress' object has no attribute 'eta_str'
[2026-09-08 08:09:25] [INFO    ] [av1_migrator:encoder] Starting FFmpeg encode for Adventure Time S09E05 Elements Pt 4 Cloudy.mp4 (CUDA scale: True)
[2026-09-08 08:09:25] [WARNING ] [av1_migrator:encoder] Aborting FFmpeg encode: Process read error: 'EncodeProgress' object has no attribute 'eta_str'
[2026-09-08 08:09:25] [INFO    ] [av1_migrator:encoder] Cleaned up temporary file after failure: Y:\media\TVShows\Adventure Time\S09\Adventure Time S09E05 Elements Pt 4 Cloudy [AV1 1080p SDR CQ28].mkv.encoding.mkv
[2026-09-08 08:09:25] [ERROR   ] [av1_migrator:engine] Encoding failed for Adventure Time S09E05 Elements Pt 4 Cloudy.mp4: Exception during encode: 'EncodeProgress' object has no attribute 'eta_str'
[2026-09-08 08:09:25] [INFO    ] [av1_migrator:encoder] Starting FFmpeg encode for Steven Universe S06E15 Mr. Universe.mp4 (CUDA scale: True)
[2026-09-08 08:09:25] [WARNING ] [av1_migrator:encoder] Aborting FFmpeg encode: Process read error: 'EncodeProgress' object has no attribute 'eta_str'
[2026-09-08 08:09:26] [INFO    ] [av1_migrator:encoder] Cleaned up temporary file after failure: Y:\media\TVShows\Steven Universe\S06\Steven Universe S06E15 Mr. Universe [AV1 1080p SDR CQ28].mkv.encoding.mkv
[2026-09-08 08:09:26] [ERROR   ] [av1_migrator:engine] Encoding failed for Steven Universe S06E15 Mr. Universe.mp4: Exception during encode: 'EncodeProgress' object has no attribute 'eta_str'
[2026-09-08 08:09:26] [INFO    ] [av1_migrator:encoder] Starting FFmpeg encode for Steven Universe S05E04 Lars' Head.mp4 (CUDA scale: True)
[2026-09-08 08:09:26] [WARNING ] [av1_migrator:encoder] Aborting FFmpeg encode: Process read error: 'EncodeProgress' object has no attribute 'eta_str'
[2026-09-08 08:09:26] [INFO    ] [av1_migrator:encoder] Cleaned up temporary file after failure: Y:\media\TVShows\Steven Universe\S05\Steven Universe S05E04 Lars' Head [AV1 1080p SDR CQ28].mkv.encoding.mkv
[2026-09-08 08:09:26] [ERROR   ] [av1_migrator:engine] Encoding failed for Steven Universe S05E04 Lars' Head.mp4: Exception during encode: 'EncodeProgress' object has no attribute 'eta_str'
[2026-09-08 08:09:26] [INFO    ] [av1_migrator:encoder] Starting FFmpeg encode for Adventure Time S07E16 Summer Showers.mp4 (CUDA scale: True)
[2026-09-08 08:09:26] [WARNING ] [av1_migrator:encoder] Aborting FFmpeg encode: Process read error: 'EncodeProgress' object has no attribute 'eta_str'
[2026-09-08 08:09:27] [INFO    ] [av1_migrator:encoder] Cleaned up temporary file after failure: Y:\media\TVShows\Adventure Time\S07\Adventure Time S07E16 Summer Showers [AV1 1080p SDR CQ28].mkv.encoding.mkv
[2026-09-08 08:09:27] [ERROR   ] [av1_migrator:engine] Encoding failed for Adventure Time S07E16 Summer Showers.mp4: Exception during encode: 'EncodeProgress' object has no attribute 'eta_str'
[2026-09-08 08:09:27] [INFO    ] [av1_migrator:encoder] Starting FFmpeg encode for Akira Sound Clip-03-Exodus.mkv (CUDA scale: True)
[2026-09-08 08:09:27] [WARNING ] [av1_migrator:encoder] Aborting FFmpeg encode: Process read error: 'EncodeProgress' object has no attribute 'eta_str'
[2026-09-08 08:09:27] [INFO    ] [av1_migrator:encoder] Cleaned up temporary file after failure: Y:\srv\storage\Movies\Akira (1988)\Featurettes\Akira Sound Clip-03-Exodus [AV1 1080p SDR CQ28].mkv.encoding.mkv
[2026-09-08 08:09:27] [ERROR   ] [av1_migrator:engine] Encoding failed for Akira Sound Clip-03-Exodus.mkv: Exception during encode: 'EncodeProgress' object has no attribute 'eta_str'
[2026-09-08 08:09:27] [INFO    ] [av1_migrator:encoder] Starting FFmpeg encode for Adventure Time S07E22 Scamps.mp4 (CUDA scale: True)
[2026-09-08 08:09:28] [WARNING ] [av1_migrator:encoder] Aborting FFmpeg encode: Process read error: 'EncodeProgress' object has no attribute 'eta_str'
[2026-09-08 08:09:28] [INFO    ] [av1_migrator:encoder] Cleaned up temporary file after failure: Y:\media\TVShows\Adventure Time\S07\Adventure Time S07E22 Scamps [AV1 1080p SDR CQ28].mkv.encoding.mkv
[2026-09-08 08:09:28] [ERROR   ] [av1_migrator:engine] Encoding failed for Adventure Time S07E22 Scamps.mp4: Exception during encode: 'EncodeProgress' object has no attribute 'eta_str'
[2026-09-08 08:09:28] [INFO    ] [av1_migrator:encoder] Starting FFmpeg encode for Adventure Time S04E17 BMO Noire.mp4 (CUDA scale: True)
[2026-09-08 08:09:28] [WARNING ] [av1_migrator:encoder] Aborting FFmpeg encode: Process read error: 'EncodeProgress' object has no attribute 'eta_str'
[2026-09-08 08:09:28] [INFO    ] [av1_migrator:encoder] Cleaned up temporary file after failure: Y:\media\TVShows\Adventure Time\S04\Adventure Time S04E17 BMO Noire [AV1 1080p SDR CQ28].mkv.encoding.mkv
[2026-09-08 08:09:28] [ERROR   ] [av1_migrator:engine] Encoding failed for Adventure Time S04E17 BMO Noire.mp4: Exception during encode: 'EncodeProgress' object has no attribute 'eta_str'
[2026-09-08 08:09:28] [INFO    ] [av1_migrator:encoder] Starting FFmpeg encode for S01E03 - The Order of the Straight Arrow.mkv (CUDA scale: True)
[2026-09-08 08:09:29] [WARNING ] [av1_migrator:encoder] Aborting FFmpeg encode: Process read error: 'EncodeProgress' object has no attribute 'eta_str'
[2026-09-08 08:09:29] [INFO    ] [av1_migrator:encoder] Cleaned up temporary file after failure: Y:\media\TVShows\King of the Hill (1997)\Featurettes\Season 1\Deleted and Extended Scenes\S01E03 - The Order of the Straight Arrow [AV1 1080p SDR CQ28].mkv.encoding.mkv
[2026-09-08 08:09:29] [ERROR   ] [av1_migrator:engine] Encoding failed for S01E03 - The Order of the Straight Arrow.mkv: Exception during encode: 'EncodeProgress' object has no attribute 'eta_str'
[2026-09-08 08:09:29] [INFO    ] [av1_migrator:encoder] Starting FFmpeg encode for Adventure Time S07E32 Bun Bun.mp4 (CUDA scale: True)
[2026-09-08 08:09:29] [WARNING ] [av1_migrator:encoder] Aborting FFmpeg encode: Process read error: 'EncodeProgress' object has no attribute 'eta_str'
[2026-09-08 08:09:29] [INFO    ] [av1_migrator:encoder] Cleaned up temporary file after failure: Y:\media\TVShows\Adventure Time\S07\Adventure Time S07E32 Bun Bun [AV1 1080p SDR CQ28].mkv.encoding.mkv
[2026-09-08 08:09:29] [ERROR   ] [av1_migrator:engine] Encoding failed for Adventure Time S07E32 Bun Bun.mp4: Exception during encode: 'EncodeProgress' object has no attribute 'eta_str'
[2026-09-08 08:09:29] [INFO    ] [av1_migrator:encoder] Starting FFmpeg encode for Adventure Time S06E11 Little Brother.mp4 (CUDA scale: True)
[2026-09-08 08:09:30] [WARNING ] [av1_migrator:encoder] Aborting FFmpeg encode: Process read error: 'EncodeProgress' object has no attribute 'eta_str'
[2026-09-08 08:09:30] [INFO    ] [av1_migrator:encoder] Cleaned up temporary file after failure: Y:\media\TVShows\Adventure Time\S06\Adventure Time S06E11 Little Brother [AV1 1080p SDR CQ28].mkv.encoding.mkv
[2026-09-08 08:09:30] [ERROR   ] [av1_migrator:engine] Encoding failed for Adventure Time S06E11 Little Brother.mp4: Exception during encode: 'EncodeProgress' object has no attribute 'eta_str'
[2026-09-08 08:09:30] [INFO    ] [av1_migrator:encoder] Starting FFmpeg encode for S02E05 - Jumpin' Crack Bass (It's a Gas, Gas, Gas).mkv (CUDA scale: True)
[2026-09-08 08:09:30] [WARNING ] [av1_migrator:encoder] Aborting FFmpeg encode: Process read error: 'EncodeProgress' object has no attribute 'eta_str'
[2026-09-08 08:09:30] [INFO    ] [av1_migrator:encoder] Cleaned up temporary file after failure: Y:\media\TVShows\King of the Hill (1997)\Featurettes\Season 2\Deleted and Extended Scenes\S02E05 - Jumpin' Crack Bass (It's a Gas, Gas, Gas) [AV1 1080p SDR CQ28].mkv.encoding.mkv
[2026-09-08 08:09:30] [ERROR   ] [av1_migrator:engine] Encoding failed for S02E05 - Jumpin' Crack Bass (It's a Gas, Gas, Gas).mkv: Exception during encode: 'EncodeProgress' object has no attribute 'eta_str'
[2026-09-08 08:09:30] [INFO    ] [av1_migrator:encoder] Starting FFmpeg encode for Restoring Akira-03- English 5.1 Mix.mkv (CUDA scale: True)
[2026-09-08 08:09:31] [WARNING ] [av1_migrator:encoder] Aborting FFmpeg encode: Process read error: 'EncodeProgress' object has no attribute 'eta_str'
[2026-09-08 08:09:31] [INFO    ] [av1_migrator:encoder] Cleaned up temporary file after failure: Y:\srv\storage\Movies\Akira (1988)\Featurettes\Restoring Akira-03- English 5.1 Mix [AV1 1080p SDR CQ28].mkv.encoding.mkv
[2026-09-08 08:09:31] [ERROR   ] [av1_migrator:engine] Encoding failed for Restoring Akira-03- English 5.1 Mix.mkv: Exception during encode: 'EncodeProgress' object has no attribute 'eta_str'
[2026-09-08 08:09:31] [INFO    ] [av1_migrator:encoder] Starting FFmpeg encode for Steven Universe S05E16 Letters to Lars.mp4 (CUDA scale: True)
[2026-09-08 08:09:31] [WARNING ] [av1_migrator:encoder] Aborting FFmpeg encode: Process read error: 'EncodeProgress' object has no attribute 'eta_str'
[2026-09-08 08:09:31] [INFO    ] [av1_migrator:encoder] Cleaned up temporary file after failure: Y:\media\TVShows\Steven Universe\S05\Steven Universe S05E16 Letters to Lars [AV1 1080p SDR CQ28].mkv.encoding.mkv
[2026-09-08 08:09:31] [ERROR   ] [av1_migrator:engine] Encoding failed for Steven Universe S05E16 Letters to Lars.mp4: Exception during encode: 'EncodeProgress' object has no attribute 'eta_str'
[2026-09-08 08:09:31] [INFO    ] [av1_migrator:encoder] Starting FFmpeg encode for Adventure Time S07E19 Blank Eyed Girl.mp4 (CUDA scale: True)
[2026-09-08 08:09:32] [WARNING ] [av1_migrator:encoder] Aborting FFmpeg encode: Process read error: 'EncodeProgress' object has no attribute 'eta_str'
[2026-09-08 08:09:32] [INFO    ] [av1_migrator:encoder] Cleaned up temporary file after failure: Y:\media\TVShows\Adventure Time\S07\Adventure Time S07E19 Blank Eyed Girl [AV1 1080p SDR CQ28].mkv.encoding.mkv
[2026-09-08 08:09:32] [ERROR   ] [av1_migrator:engine] Encoding failed for Adventure Time S07E19 Blank Eyed Girl.mp4: Exception during encode: 'EncodeProgress' object has no attribute 'eta_str'
[2026-09-08 08:09:32] [INFO    ] [av1_migrator:encoder] Starting FFmpeg encode for Adventure Time S08E04 High Strangeness.mp4 (CUDA scale: True)
[2026-09-08 08:09:32] [WARNING ] [av1_migrator:encoder] Aborting FFmpeg encode: Process read error: 'EncodeProgress' object has no attribute 'eta_str'
[2026-09-08 08:09:32] [INFO    ] [av1_migrator:encoder] Cleaned up temporary file after failure: Y:\media\TVShows\Adventure Time\S08\Adventure Time S08E04 High Strangeness [AV1 1080p SDR CQ28].mkv.encoding.mkv
[2026-09-08 08:09:32] [ERROR   ] [av1_migrator:engine] Encoding failed for Adventure Time S08E04 High Strangeness.mp4: Exception during encode: 'EncodeProgress' object has no attribute 'eta_str'
[2026-09-08 08:09:33] [INFO    ] [av1_migrator:encoder] Starting FFmpeg encode for House, M.D. - S01Extra - Set Tour 5.mkv (CUDA scale: True)
[2026-09-08 08:09:33] [WARNING ] [av1_migrator:encoder] Aborting FFmpeg encode: Process read error: 'EncodeProgress' object has no attribute 'eta_str'
[2026-09-08 08:09:33] [INFO    ] [av1_migrator:encoder] Cleaned up temporary file after failure: Y:\media\TVShows\House MD\Season 2\Extras - Season 1\House, M.D. - S01Extra - Set Tour 5 [AV1 1080p SDR CQ28].mkv.encoding.mkv
[2026-09-08 08:09:33] [ERROR   ] [av1_migrator:engine] Encoding failed for House, M.D. - S01Extra - Set Tour 5.mkv: Exception during encode: 'EncodeProgress' object has no attribute 'eta_str'
[2026-09-08 08:09:33] [INFO    ] [av1_migrator:encoder] Starting FFmpeg encode for Adventure Time S05E49 Bad Timing.mp4 (CUDA scale: True)
[2026-09-08 08:09:33] [WARNING ] [av1_migrator:encoder] Aborting FFmpeg encode: Process read error: 'EncodeProgress' object has no attribute 'eta_str'
[2026-09-08 08:09:33] [INFO    ] [av1_migrator:encoder] Cleaned up temporary file after failure: Y:\media\TVShows\Adventure Time\S05\Adventure Time S05E49 Bad Timing [AV1 1080p SDR CQ28].mkv.encoding.mkv
[2026-09-08 08:09:33] [ERROR   ] [av1_migrator:engine] Encoding failed for Adventure Time S05E49 Bad Timing.mp4: Exception during encode: 'EncodeProgress' object has no attribute 'eta_str'
[2026-09-08 08:09:34] [INFO    ] [av1_migrator:encoder] Starting FFmpeg encode for Gag Reel.mkv (CUDA scale: True)
[2026-09-08 08:09:34] [WARNING ] [av1_migrator:encoder] Aborting FFmpeg encode: Process read error: 'EncodeProgress' object has no attribute 'eta_str'
[2026-09-08 08:09:34] [INFO    ] [av1_migrator:encoder] Cleaned up temporary file after failure: Y:\media\TVShows\Breaking Bad (2008)\Featurettes\Season 4\Gag Reel [AV1 1080p SDR CQ28].mkv.encoding.mkv
[2026-09-08 08:09:34] [ERROR   ] [av1_migrator:engine] Encoding failed for Gag Reel.mkv: Exception during encode: 'EncodeProgress' object has no attribute 'eta_str'
[2026-09-08 08:09:34] [INFO    ] [av1_migrator:encoder] Starting FFmpeg encode for Steven Universe S03E04 Barn Mates.mp4 (CUDA scale: True)
[2026-09-08 08:09:34] [WARNING ] [av1_migrator:encoder] Aborting FFmpeg encode: Process read error: 'EncodeProgress' object has no attribute 'eta_str'
[2026-09-08 08:09:34] [INFO    ] [av1_migrator:encoder] Cleaned up temporary file after failure: Y:\media\TVShows\Steven Universe\S03\Steven Universe S03E04 Barn Mates [AV1 1080p SDR CQ28].mkv.encoding.mkv
[2026-09-08 08:09:35] [ERROR   ] [av1_migrator:engine] Encoding failed for Steven Universe S03E04 Barn Mates.mp4: Exception during encode: 'EncodeProgress' object has no attribute 'eta_str'
[2026-09-08 08:09:35] [INFO    ] [av1_migrator:encoder] Starting FFmpeg encode for S03E12 Traveling Salesmen Deleted Cold Open - Michael's Talking Computer.mkv (CUDA scale: True)
[2026-09-08 08:09:35] [WARNING ] [av1_migrator:encoder] Aborting FFmpeg encode: Process read error: 'EncodeProgress' object has no attribute 'eta_str'
[2026-09-08 08:09:35] [INFO    ] [av1_migrator:encoder] Cleaned up temporary file after failure: Y:\media\TVShows\The Office (US) (2005)\Featurettes\Featurettes\Season 3\S03E12 Traveling Salesmen Deleted Cold Open - Michael's Talking Computer [AV1 1080p SDR CQ28].mkv.encoding.mkv
[2026-09-08 08:09:35] [ERROR   ] [av1_migrator:engine] Encoding failed for S03E12 Traveling Salesmen Deleted Cold Open - Michael's Talking Computer.mkv: Exception during encode: 'EncodeProgress' object has no attribute 'eta_str'
[2026-09-08 08:09:35] [INFO    ] [av1_migrator:encoder] Starting FFmpeg encode for Music Video - Scales and Arpeggios.mkv (CUDA scale: True)
[2026-09-08 08:09:35] [WARNING ] [av1_migrator:encoder] Aborting FFmpeg encode: Process read error: 'EncodeProgress' object has no attribute 'eta_str'
[2026-09-08 08:09:35] [INFO    ] [av1_migrator:encoder] Cleaned up temporary file after failure: Y:\srv\storage\Movies\The Aristocats (1970)\Featurettes\Music Video - Scales and Arpeggios [AV1 1080p SDR CQ28].mkv.encoding.mkv
[2026-09-08 08:09:36] [ERROR   ] [av1_migrator:engine] Encoding failed for Music Video - Scales and Arpeggios.mkv: Exception during encode: 'EncodeProgress' object has no attribute 'eta_str'
[2026-09-08 08:09:36] [INFO    ] [av1_migrator:encoder] Starting FFmpeg encode for Adventure Time S10E08 The First Investigation.mp4 (CUDA scale: True)
[2026-09-08 08:09:36] [WARNING ] [av1_migrator:encoder] Aborting FFmpeg encode: Process read error: 'EncodeProgress' object has no attribute 'eta_str'
[2026-09-08 08:09:36] [INFO    ] [av1_migrator:encoder] Cleaned up temporary file after failure: Y:\media\TVShows\Adventure Time\S10\Adventure Time S10E08 The First Investigation [AV1 1080p SDR CQ28].mkv.encoding.mkv
[2026-09-08 08:09:36] [ERROR   ] [av1_migrator:engine] Encoding failed for Adventure Time S10E08 The First Investigation.mp4: Exception during encode: 'EncodeProgress' object has no attribute 'eta_str'
[2026-09-08 08:09:36] [INFO    ] [av1_migrator:encoder] Starting FFmpeg encode for Steven Universe S05E10 Kevin Party.mp4 (CUDA scale: True)
[2026-09-08 08:09:36] [WARNING ] [av1_migrator:encoder] Aborting FFmpeg encode: Process read error: 'EncodeProgress' object has no attribute 'eta_str'
[2026-09-08 08:09:36] [INFO    ] [av1_migrator:encoder] Cleaned up temporary file after failure: Y:\media\TVShows\Steven Universe\S05\Steven Universe S05E10 Kevin Party [AV1 1080p SDR CQ28].mkv.encoding.mkv
[2026-09-08 08:09:37] [ERROR   ] [av1_migrator:engine] Encoding failed for Steven Universe S05E10 Kevin Party.mp4: Exception during encode: 'EncodeProgress' object has no attribute 'eta_str'
[2026-09-08 08:09:37] [INFO    ] [av1_migrator:encoder] Starting FFmpeg encode for Trailer.mkv (CUDA scale: True)
[2026-09-08 08:09:37] [WARNING ] [av1_migrator:encoder] Aborting FFmpeg encode: Process read error: 'EncodeProgress' object has no attribute 'eta_str'
[2026-09-08 08:09:37] [INFO    ] [av1_migrator:encoder] Cleaned up temporary file after failure: Y:\srv\storage\Movies\The Trial (1962)\Extras\Trailer [AV1 1080p SDR CQ28].mkv.encoding.mkv
[2026-09-08 08:09:37] [ERROR   ] [av1_migrator:engine] Encoding failed for Trailer.mkv: Exception during encode: 'EncodeProgress' object has no attribute 'eta_str'
[2026-09-08 08:09:37] [INFO    ] [av1_migrator:encoder] Starting FFmpeg encode for Steven Universe S05E13 Your Mother and Mine.mp4 (CUDA scale: True)
[2026-09-08 08:09:37] [WARNING ] [av1_migrator:encoder] Aborting FFmpeg encode: Process read error: 'EncodeProgress' object has no attribute 'eta_str'
[2026-09-08 08:09:38] [INFO    ] [av1_migrator:encoder] Cleaned up temporary file after failure: Y:\media\TVShows\Steven Universe\S05\Steven Universe S05E13 Your Mother and Mine [AV1 1080p SDR CQ28].mkv.encoding.mkv
[2026-09-08 08:09:38] [ERROR   ] [av1_migrator:engine] Encoding failed for Steven Universe S05E13 Your Mother and Mine.mp4: Exception during encode: 'EncodeProgress' object has no attribute 'eta_str'
[2026-09-08 08:09:38] [INFO    ] [av1_migrator:encoder] Starting FFmpeg encode for Adventure Time S07E28 Don't Look.mp4 (CUDA scale: True)
[2026-09-08 08:09:38] [WARNING ] [av1_migrator:encoder] Aborting FFmpeg encode: Process read error: 'EncodeProgress' object has no attribute 'eta_str'
[2026-09-08 08:09:38] [INFO    ] [av1_migrator:encoder] Cleaned up temporary file after failure: Y:\media\TVShows\Adventure Time\S07\Adventure Time S07E28 Don't Look [AV1 1080p SDR CQ28].mkv.encoding.mkv
[2026-09-08 08:09:38] [ERROR   ] [av1_migrator:engine] Encoding failed for Adventure Time S07E28 Don't Look.mp4: Exception during encode: 'EncodeProgress' object has no attribute 'eta_str'
[2026-09-08 08:09:38] [INFO    ] [av1_migrator:encoder] Starting FFmpeg encode for Adventure Time S07E18 President Porpoise is Missing!.mp4 (CUDA scale: True)
[2026-09-08 08:09:38] [WARNING ] [av1_migrator:encoder] Aborting FFmpeg encode: Process read error: 'EncodeProgress' object has no attribute 'eta_str'
[2026-09-08 08:09:39] [INFO    ] [av1_migrator:encoder] Cleaned up temporary file after failure: Y:\media\TVShows\Adventure Time\S07\Adventure Time S07E18 President Porpoise is Missing! [AV1 1080p SDR CQ28].mkv.encoding.mkv
[2026-09-08 08:09:39] [ERROR   ] [av1_migrator:engine] Encoding failed for Adventure Time S07E18 President Porpoise is Missing!.mp4: Exception during encode: 'EncodeProgress' object has no attribute 'eta_str'
[2026-09-08 08:09:39] [INFO    ] [av1_migrator:encoder] Starting FFmpeg encode for Adventure Time S08E01 Two Swords.mp4 (CUDA scale: True)
[2026-09-08 08:09:39] [WARNING ] [av1_migrator:encoder] Aborting FFmpeg encode: Process read error: 'EncodeProgress' object has no attribute 'eta_str'
[2026-09-08 08:09:39] [INFO    ] [av1_migrator:encoder] Cleaned up temporary file after failure: Y:\media\TVShows\Adventure Time\S08\Adventure Time S08E01 Two Swords [AV1 1080p SDR CQ28].mkv.encoding.mkv
[2026-09-08 08:09:39] [ERROR   ] [av1_migrator:engine] Encoding failed for Adventure Time S08E01 Two Swords.mp4: Exception during encode: 'EncodeProgress' object has no attribute 'eta_str'
[2026-09-08 08:09:39] [INFO    ] [av1_migrator:encoder] Starting FFmpeg encode for Steven Universe S05E02 The Trial.mp4 (CUDA scale: True)
[2026-09-08 08:09:40] [WARNING ] [av1_migrator:encoder] Aborting FFmpeg encode: Process read error: 'EncodeProgress' object has no attribute 'eta_str'
[2026-09-08 08:09:40] [INFO    ] [av1_migrator:encoder] Cleaned up temporary file after failure: Y:\media\TVShows\Steven Universe\S05\Steven Universe S05E02 The Trial [AV1 1080p SDR CQ28].mkv.encoding.mkv
[2026-09-08 08:09:40] [ERROR   ] [av1_migrator:engine] Encoding failed for Steven Universe S05E02 The Trial.mp4: Exception during encode: 'EncodeProgress' object has no attribute 'eta_str'
[2026-09-08 08:09:40] [INFO    ] [av1_migrator:encoder] Starting FFmpeg encode for Adventure Time S05E50 Lemonhope Pt 1.mp4 (CUDA scale: True)
[2026-09-08 08:09:40] [WARNING ] [av1_migrator:encoder] Aborting FFmpeg encode: Process read error: 'EncodeProgress' object has no attribute 'eta_str'
[2026-09-08 08:09:40] [INFO    ] [av1_migrator:encoder] Cleaned up temporary file after failure: Y:\media\TVShows\Adventure Time\S05\Adventure Time S05E50 Lemonhope Pt 1 [AV1 1080p SDR CQ28].mkv.encoding.mkv
[2026-09-08 08:09:40] [ERROR   ] [av1_migrator:engine] Encoding failed for Adventure Time S05E50 Lemonhope Pt 1.mp4: Exception during encode: 'EncodeProgress' object has no attribute 'eta_str'
[2026-09-08 08:09:40] [INFO    ] [av1_migrator:encoder] Starting FFmpeg encode for Negro y Azul.mkv (CUDA scale: True)
[2026-09-08 08:09:41] [WARNING ] [av1_migrator:encoder] Aborting FFmpeg encode: Process read error: 'EncodeProgress' object has no attribute 'eta_str'
[2026-09-08 08:09:41] [INFO    ] [av1_migrator:encoder] Cleaned up temporary file after failure: Y:\media\TVShows\Breaking Bad (2008)\Featurettes\Season 2\Inside Breaking Bad\Negro y Azul [AV1 1080p SDR CQ28].mkv.encoding.mkv
[2026-09-08 08:09:41] [ERROR   ] [av1_migrator:engine] Encoding failed for Negro y Azul.mkv: Exception during encode: 'EncodeProgress' object has no attribute 'eta_str'
[2026-09-08 08:09:41] [INFO    ] [av1_migrator:encoder] Starting FFmpeg encode for Steven Universe S05E06 Gemcation.mp4 (CUDA scale: True)
[2026-09-08 08:09:41] [WARNING ] [av1_migrator:encoder] Aborting FFmpeg encode: Process read error: 'EncodeProgress' object has no attribute 'eta_str'
[2026-09-08 08:09:41] [INFO    ] [av1_migrator:encoder] Cleaned up temporary file after failure: Y:\media\TVShows\Steven Universe\S05\Steven Universe S05E06 Gemcation [AV1 1080p SDR CQ28].mkv.encoding.mkv
[2026-09-08 08:09:41] [ERROR   ] [av1_migrator:engine] Encoding failed for Steven Universe S05E06 Gemcation.mp4: Exception during encode: 'EncodeProgress' object has no attribute 'eta_str'
[2026-09-08 08:09:41] [INFO    ] [av1_migrator:encoder] Starting FFmpeg encode for Adventure Time S07E03 Cherry Cream Soda.mp4 (CUDA scale: True)
[2026-09-08 08:09:42] [WARNING ] [av1_migrator:encoder] Aborting FFmpeg encode: Process read error: 'EncodeProgress' object has no attribute 'eta_str'
[2026-09-08 08:09:42] [INFO    ] [av1_migrator:encoder] Cleaned up temporary file after failure: Y:\media\TVShows\Adventure Time\S07\Adventure Time S07E03 Cherry Cream Soda [AV1 1080p SDR CQ28].mkv.encoding.mkv
[2026-09-08 08:09:42] [ERROR   ] [av1_migrator:engine] Encoding failed for Adventure Time S07E03 Cherry Cream Soda.mp4: Exception during encode: 'EncodeProgress' object has no attribute 'eta_str'
[2026-09-08 08:09:42] [INFO    ] [av1_migrator:encoder] Starting FFmpeg encode for Steven Universe S05E05 Dewey Wins.mp4 (CUDA scale: True)
[2026-09-08 08:09:42] [WARNING ] [av1_migrator:encoder] Aborting FFmpeg encode: Process read error: 'EncodeProgress' object has no attribute 'eta_str'
[2026-09-08 08:09:42] [INFO    ] [av1_migrator:encoder] Cleaned up temporary file after failure: Y:\media\TVShows\Steven Universe\S05\Steven Universe S05E05 Dewey Wins [AV1 1080p SDR CQ28].mkv.encoding.mkv
[2026-09-08 08:09:42] [ERROR   ] [av1_migrator:engine] Encoding failed for Steven Universe S05E05 Dewey Wins.mp4: Exception during encode: 'EncodeProgress' object has no attribute 'eta_str'
[2026-09-08 08:09:42] [INFO    ] [av1_migrator:encoder] Starting FFmpeg encode for Restoring Akira-02- English Voice Over.mkv (CUDA scale: True)
[2026-09-08 08:09:43] [WARNING ] [av1_migrator:encoder] Aborting FFmpeg encode: Process read error: 'EncodeProgress' object has no attribute 'eta_str'
[2026-09-08 08:09:43] [INFO    ] [av1_migrator:encoder] Cleaned up temporary file after failure: Y:\srv\storage\Movies\Akira (1988)\Featurettes\Restoring Akira-02- English Voice Over [AV1 1080p SDR CQ28].mkv.encoding.mkv
[2026-09-08 08:09:43] [ERROR   ] [av1_migrator:engine] Encoding failed for Restoring Akira-02- English Voice Over.mkv: Exception during encode: 'EncodeProgress' object has no attribute 'eta_str'
[2026-09-08 08:09:43] [INFO    ] [av1_migrator:encoder] Starting FFmpeg encode for Adventure Time S07E06 Stakes Pt 1 Marceline The Vampire Queen.mp4 (CUDA scale: True)
[2026-09-08 08:09:43] [WARNING ] [av1_migrator:encoder] Aborting FFmpeg encode: Process read error: 'EncodeProgress' object has no attribute 'eta_str'
[2026-09-08 08:09:43] [INFO    ] [av1_migrator:encoder] Cleaned up temporary file after failure: Y:\media\TVShows\Adventure Time\S07\Adventure Time S07E06 Stakes Pt 1 Marceline The Vampire Queen [AV1 1080p SDR CQ28].mkv.encoding.mkv
[2026-09-08 08:09:43] [ERROR   ] [av1_migrator:engine] Encoding failed for Adventure Time S07E06 Stakes Pt 1 Marceline The Vampire Queen.mp4: Exception during encode: 'EncodeProgress' object has no attribute 'eta_str'
[2026-09-08 08:09:43] [INFO    ] [av1_migrator:encoder] Starting FFmpeg encode for Excerpt from the 58th Annual Primetime Emmy Awards.mkv (CUDA scale: True)
[2026-09-08 08:09:44] [WARNING ] [av1_migrator:encoder] Aborting FFmpeg encode: Process read error: 'EncodeProgress' object has no attribute 'eta_str'
[2026-09-08 08:09:44] [INFO    ] [av1_migrator:encoder] Cleaned up temporary file after failure: Y:\media\TVShows\The Office (US) (2005)\Featurettes\Featurettes\Season 3\Excerpt from the 58th Annual Primetime Emmy Awards [AV1 1080p SDR CQ28].mkv.encoding.mkv
[2026-09-08 08:09:44] [ERROR   ] [av1_migrator:engine] Encoding failed for Excerpt from the 58th Annual Primetime Emmy Awards.mkv: Exception during encode: 'EncodeProgress' object has no attribute 'eta_str'
[2026-09-08 08:09:44] [INFO    ] [av1_migrator:encoder] Starting FFmpeg encode for Adventure Time S05E42 James.mp4 (CUDA scale: True)
[2026-09-08 08:09:44] [WARNING ] [av1_migrator:encoder] Aborting FFmpeg encode: Process read error: 'EncodeProgress' object has no attribute 'eta_str'
[2026-09-08 08:09:44] [INFO    ] [av1_migrator:encoder] Cleaned up temporary file after failure: Y:\media\TVShows\Adventure Time\S05\Adventure Time S05E42 James [AV1 1080p SDR CQ28].mkv.encoding.mkv
[2026-09-08 08:09:44] [ERROR   ] [av1_migrator:engine] Encoding failed for Adventure Time S05E42 James.mp4: Exception during encode: 'EncodeProgress' object has no attribute 'eta_str'
[2026-09-08 08:09:44] [INFO    ] [av1_migrator:encoder] Starting FFmpeg encode for Steven Universe S04E03 Buddy's Book.mp4 (CUDA scale: True)
[2026-09-08 08:09:45] [WARNING ] [av1_migrator:encoder] Aborting FFmpeg encode: Process read error: 'EncodeProgress' object has no attribute 'eta_str'
[2026-09-08 08:09:45] [INFO    ] [av1_migrator:encoder] Cleaned up temporary file after failure: Y:\media\TVShows\Steven Universe\S04\Steven Universe S04E03 Buddy's Book [AV1 1080p SDR CQ28].mkv.encoding.mkv
[2026-09-08 08:09:45] [ERROR   ] [av1_migrator:engine] Encoding failed for Steven Universe S04E03 Buddy's Book.mp4: Exception during encode: 'EncodeProgress' object has no attribute 'eta_str'
[2026-09-08 08:09:45] [INFO    ] [av1_migrator:encoder] Starting FFmpeg encode for Adventure Time S10E07 Marcy & Hunson.mp4 (CUDA scale: True)
[2026-09-08 08:09:45] [WARNING ] [av1_migrator:encoder] Aborting FFmpeg encode: Process read error: 'EncodeProgress' object has no attribute 'eta_str'
[2026-09-08 08:09:45] [INFO    ] [av1_migrator:encoder] Cleaned up temporary file after failure: Y:\media\TVShows\Adventure Time\S10\Adventure Time S10E07 Marcy & Hunson [AV1 1080p SDR CQ28].mkv.encoding.mkv
[2026-09-08 08:09:45] [ERROR   ] [av1_migrator:engine] Encoding failed for Adventure Time S10E07 Marcy & Hunson.mp4: Exception during encode: 'EncodeProgress' object has no attribute 'eta_str'
[2026-09-08 08:09:45] [INFO    ] [av1_migrator:encoder] Starting FFmpeg encode for Adventure Time S07E05 Football.mp4 (CUDA scale: True)
[2026-09-08 08:09:46] [WARNING ] [av1_migrator:encoder] Aborting FFmpeg encode: Process read error: 'EncodeProgress' object has no attribute 'eta_str'
[2026-09-08 08:09:46] [INFO    ] [av1_migrator:encoder] Cleaned up temporary file after failure: Y:\media\TVShows\Adventure Time\S07\Adventure Time S07E05 Football [AV1 1080p SDR CQ28].mkv.encoding.mkv
[2026-09-08 08:09:46] [ERROR   ] [av1_migrator:engine] Encoding failed for Adventure Time S07E05 Football.mp4: Exception during encode: 'EncodeProgress' object has no attribute 'eta_str'
[2026-09-08 08:09:46] [INFO    ] [av1_migrator:encoder] Starting FFmpeg encode for S02E18 - The Final Shinsult.mkv (CUDA scale: True)
[2026-09-08 08:09:46] [WARNING ] [av1_migrator:encoder] Aborting FFmpeg encode: Process read error: 'EncodeProgress' object has no attribute 'eta_str'
[2026-09-08 08:09:46] [INFO    ] [av1_migrator:encoder] Cleaned up temporary file after failure: Y:\media\TVShows\King of the Hill (1997)\Featurettes\Season 2\Deleted and Extended Scenes\S02E18 - The Final Shinsult [AV1 1080p SDR CQ28].mkv.encoding.mkv
[2026-09-08 08:09:46] [ERROR   ] [av1_migrator:engine] Encoding failed for S02E18 - The Final Shinsult.mkv: Exception during encode: 'EncodeProgress' object has no attribute 'eta_str'
[2026-09-08 08:09:47] [INFO    ] [av1_migrator:encoder] Starting FFmpeg encode for Akira Sound Clip-02-Kaneda’s Theme.mkv (CUDA scale: True)
[2026-09-08 08:09:47] [WARNING ] [av1_migrator:encoder] Aborting FFmpeg encode: Process read error: 'EncodeProgress' object has no attribute 'eta_str'
[2026-09-08 08:09:47] [INFO    ] [av1_migrator:encoder] Cleaned up temporary file after failure: Y:\srv\storage\Movies\Akira (1988)\Featurettes\Akira Sound Clip-02-Kaneda’s Theme [AV1 1080p SDR CQ28].mkv.encoding.mkv
[2026-09-08 08:09:47] [ERROR   ] [av1_migrator:engine] Encoding failed for Akira Sound Clip-02-Kaneda’s Theme.mkv: Exception during encode: 'EncodeProgress' object has no attribute 'eta_str'
[2026-09-08 08:09:47] [INFO    ] [av1_migrator:encoder] Starting FFmpeg encode for Steven Universe S05E03 Off Colors.mp4 (CUDA scale: True)
[2026-09-08 08:09:47] [WARNING ] [av1_migrator:encoder] Aborting FFmpeg encode: Process read error: 'EncodeProgress' object has no attribute 'eta_str'
[2026-09-08 08:09:47] [INFO    ] [av1_migrator:encoder] Cleaned up temporary file after failure: Y:\media\TVShows\Steven Universe\S05\Steven Universe S05E03 Off Colors [AV1 1080p SDR CQ28].mkv.encoding.mkv
[2026-09-08 08:09:48] [ERROR   ] [av1_migrator:engine] Encoding failed for Steven Universe S05E03 Off Colors.mp4: Exception during encode: 'EncodeProgress' object has no attribute 'eta_str'
[2026-09-08 08:09:48] [INFO    ] [av1_migrator:encoder] Starting FFmpeg encode for Adventure Time S06E01 Wake Up.mp4 (CUDA scale: True)
[2026-09-08 08:09:48] [WARNING ] [av1_migrator:encoder] Aborting FFmpeg encode: Process read error: 'EncodeProgress' object has no attribute 'eta_str'
[2026-09-08 08:09:48] [INFO    ] [av1_migrator:encoder] Cleaned up temporary file after failure: Y:\media\TVShows\Adventure Time\S06\Adventure Time S06E01 Wake Up [AV1 1080p SDR CQ28].mkv.encoding.mkv
[2026-09-08 08:09:48] [ERROR   ] [av1_migrator:engine] Encoding failed for Adventure Time S06E01 Wake Up.mp4: Exception during encode: 'EncodeProgress' object has no attribute 'eta_str'
[2026-09-08 08:09:48] [INFO    ] [av1_migrator:encoder] Starting FFmpeg encode for Adventure Time S03E21 Marceline's Closet.mp4 (CUDA scale: True)
[2026-09-08 08:09:48] [WARNING ] [av1_migrator:encoder] Aborting FFmpeg encode: Process read error: 'EncodeProgress' object has no attribute 'eta_str'
[2026-09-08 08:09:48] [INFO    ] [av1_migrator:encoder] Cleaned up temporary file after failure: Y:\media\TVShows\Adventure Time\S03\Adventure Time S03E21 Marceline's Closet [AV1 1080p SDR CQ28].mkv.encoding.mkv
[2026-09-08 08:09:49] [ERROR   ] [av1_migrator:engine] Encoding failed for Adventure Time S03E21 Marceline's Closet.mp4: Exception during encode: 'EncodeProgress' object has no attribute 'eta_str'
[2026-09-08 08:09:49] [INFO    ] [av1_migrator:encoder] Starting FFmpeg encode for Adventure Time S07E11 Stakes Pt 6 Take Her Back.mp4 (CUDA scale: True)
[2026-09-08 08:09:49] [WARNING ] [av1_migrator:encoder] Aborting FFmpeg encode: Process read error: 'EncodeProgress' object has no attribute 'eta_str'
[2026-09-08 08:09:49] [INFO    ] [av1_migrator:encoder] Cleaned up temporary file after failure: Y:\media\TVShows\Adventure Time\S07\Adventure Time S07E11 Stakes Pt 6 Take Her Back [AV1 1080p SDR CQ28].mkv.encoding.mkv
[2026-09-08 08:09:49] [ERROR   ] [av1_migrator:engine] Encoding failed for Adventure Time S07E11 Stakes Pt 6 Take Her Back.mp4: Exception during encode: 'EncodeProgress' object has no attribute 'eta_str'
[2026-09-08 08:09:49] [INFO    ] [av1_migrator:encoder] Starting FFmpeg encode for Adventure Time S03E11 Apple Thief.mp4 (CUDA scale: True)
[2026-09-08 08:09:49] [WARNING ] [av1_migrator:encoder] Aborting FFmpeg encode: Process read error: 'EncodeProgress' object has no attribute 'eta_str'
[2026-09-08 08:09:49] [INFO    ] [av1_migrator:encoder] Cleaned up temporary file after failure: Y:\media\TVShows\Adventure Time\S03\Adventure Time S03E11 Apple Thief [AV1 1080p SDR CQ28].mkv.encoding.mkv
[2026-09-08 08:09:50] [ERROR   ] [av1_migrator:engine] Encoding failed for Adventure Time S03E11 Apple Thief.mp4: Exception during encode: 'EncodeProgress' object has no attribute 'eta_str'
[2026-09-08 08:09:50] [INFO    ] [av1_migrator:encoder] Starting FFmpeg encode for Welcome to Sabre.mkv (CUDA scale: True)
[2026-09-08 08:09:50] [WARNING ] [av1_migrator:encoder] Aborting FFmpeg encode: Process read error: 'EncodeProgress' object has no attribute 'eta_str'
[2026-09-08 08:09:50] [INFO    ] [av1_migrator:encoder] Cleaned up temporary file after failure: Y:\media\TVShows\The Office (US) (2005)\Featurettes\Featurettes\Season 6\Welcome to Sabre [AV1 1080p SDR CQ28].mkv.encoding.mkv
[2026-09-08 08:09:50] [ERROR   ] [av1_migrator:engine] Encoding failed for Welcome to Sabre.mkv: Exception during encode: 'EncodeProgress' object has no attribute 'eta_str'
[2026-09-08 08:09:50] [INFO    ] [av1_migrator:encoder] Starting FFmpeg encode for ATHF S10E10 Spacecadeuce.mp4 (CUDA scale: True)
[2026-09-08 08:09:50] [WARNING ] [av1_migrator:encoder] Aborting FFmpeg encode: Process read error: 'EncodeProgress' object has no attribute 'eta_str'
[2026-09-08 08:09:51] [INFO    ] [av1_migrator:encoder] Cleaned up temporary file after failure: Y:\media\TVShows\Aqua Teen Hunger Force\S10\ATHF S10E10 Spacecadeuce [AV1 1080p SDR CQ28].mkv.encoding.mkv
[2026-09-08 08:09:51] [ERROR   ] [av1_migrator:engine] Encoding failed for ATHF S10E10 Spacecadeuce.mp4: Exception during encode: 'EncodeProgress' object has no attribute 'eta_str'
[2026-09-08 08:09:51] [INFO    ] [av1_migrator:encoder] Starting FFmpeg encode for Adventure Time S05E35 Love Games.mp4 (CUDA scale: True)
[2026-09-08 08:09:51] [WARNING ] [av1_migrator:encoder] Aborting FFmpeg encode: Process read error: 'EncodeProgress' object has no attribute 'eta_str'
[2026-09-08 08:09:51] [INFO    ] [av1_migrator:encoder] Cleaned up temporary file after failure: Y:\media\TVShows\Adventure Time\S05\Adventure Time S05E35 Love Games [AV1 1080p SDR CQ28].mkv.encoding.mkv
[2026-09-08 08:09:51] [ERROR   ] [av1_migrator:engine] Encoding failed for Adventure Time S05E35 Love Games.mp4: Exception during encode: 'EncodeProgress' object has no attribute 'eta_str'
[2026-09-08 08:09:51] [INFO    ] [av1_migrator:encoder] Starting FFmpeg encode for Steven Universe S04E17 Rocknaldo.mp4 (CUDA scale: True)
[2026-09-08 08:09:51] [WARNING ] [av1_migrator:encoder] Aborting FFmpeg encode: Process read error: 'EncodeProgress' object has no attribute 'eta_str'
[2026-09-08 08:09:52] [INFO    ] [av1_migrator:encoder] Cleaned up temporary file after failure: Y:\media\TVShows\Steven Universe\S04\Steven Universe S04E17 Rocknaldo [AV1 1080p SDR CQ28].mkv.encoding.mkv
[2026-09-08 08:09:52] [ERROR   ] [av1_migrator:engine] Encoding failed for Steven Universe S04E17 Rocknaldo.mp4: Exception during encode: 'EncodeProgress' object has no attribute 'eta_str'
[2026-09-08 08:09:52] [INFO    ] [av1_migrator:encoder] Starting FFmpeg encode for Commercial.mkv (CUDA scale: True)
[2026-09-08 08:09:52] [WARNING ] [av1_migrator:encoder] Aborting FFmpeg encode: Process read error: 'EncodeProgress' object has no attribute 'eta_str'
[2026-09-08 08:09:52] [INFO    ] [av1_migrator:encoder] Cleaned up temporary file after failure: Y:\media\TVShows\The Office (US) (2005)\Featurettes\Featurettes\Season 8\The Office Promos - XLVI Football Championship\Commercial [AV1 1080p SDR CQ28].mkv.encoding.mkv
[2026-09-08 08:09:52] [ERROR   ] [av1_migrator:engine] Encoding failed for Commercial.mkv: Exception during encode: 'EncodeProgress' object has no attribute 'eta_str'
[2026-09-08 08:09:52] [INFO    ] [av1_migrator:encoder] Starting FFmpeg encode for Adventure Time S10E02 Always BMO Closing.mp4 (CUDA scale: True)
[2026-09-08 08:09:52] [WARNING ] [av1_migrator:encoder] Aborting FFmpeg encode: Process read error: 'EncodeProgress' object has no attribute 'eta_str'
[2026-09-08 08:09:53] [INFO    ] [av1_migrator:encoder] Cleaned up temporary file after failure: Y:\media\TVShows\Adventure Time\S10\Adventure Time S10E02 Always BMO Closing [AV1 1080p SDR CQ28].mkv.encoding.mkv
[2026-09-08 08:09:53] [ERROR   ] [av1_migrator:engine] Encoding failed for Adventure Time S10E02 Always BMO Closing.mp4: Exception during encode: 'EncodeProgress' object has no attribute 'eta_str'
[2026-09-08 08:09:53] [INFO    ] [av1_migrator:encoder] Starting FFmpeg encode for Steven Universe S05E17 Can't Go Back.mp4 (CUDA scale: True)
[2026-09-08 08:09:53] [WARNING ] [av1_migrator:encoder] Aborting FFmpeg encode: Process read error: 'EncodeProgress' object has no attribute 'eta_str'
[2026-09-08 08:09:53] [INFO    ] [av1_migrator:encoder] Cleaned up temporary file after failure: Y:\media\TVShows\Steven Universe\S05\Steven Universe S05E17 Can't Go Back [AV1 1080p SDR CQ28].mkv.encoding.mkv
[2026-09-08 08:09:53] [ERROR   ] [av1_migrator:engine] Encoding failed for Steven Universe S05E17 Can't Go Back.mp4: Exception during encode: 'EncodeProgress' object has no attribute 'eta_str'
[2026-09-08 08:09:53] [INFO    ] [av1_migrator:encoder] Starting FFmpeg encode for S02E11 - The Unbearable Blindess of Laying.mkv (CUDA scale: True)
[2026-09-08 08:09:53] [WARNING ] [av1_migrator:encoder] Aborting FFmpeg encode: Process read error: 'EncodeProgress' object has no attribute 'eta_str'
[2026-09-08 08:09:54] [INFO    ] [av1_migrator:encoder] Cleaned up temporary file after failure: Y:\media\TVShows\King of the Hill (1997)\Featurettes\Season 2\Deleted and Extended Scenes\S02E11 - The Unbearable Blindess of Laying [AV1 1080p SDR CQ28].mkv.encoding.mkv
[2026-09-08 08:09:54] [ERROR   ] [av1_migrator:engine] Encoding failed for S02E11 - The Unbearable Blindess of Laying.mkv: Exception during encode: 'EncodeProgress' object has no attribute 'eta_str'
[2026-09-08 08:09:54] [INFO    ] [av1_migrator:encoder] Starting FFmpeg encode for Steven Universe S04E05 Future Boy Zoltron.mp4 (CUDA scale: True)
[2026-09-08 08:09:54] [WARNING ] [av1_migrator:encoder] Aborting FFmpeg encode: Process read error: 'EncodeProgress' object has no attribute 'eta_str'
[2026-09-08 08:09:54] [INFO    ] [av1_migrator:encoder] Cleaned up temporary file after failure: Y:\media\TVShows\Steven Universe\S04\Steven Universe S04E05 Future Boy Zoltron [AV1 1080p SDR CQ28].mkv.encoding.mkv
[2026-09-08 08:09:54] [ERROR   ] [av1_migrator:engine] Encoding failed for Steven Universe S04E05 Future Boy Zoltron.mp4: Exception during encode: 'EncodeProgress' object has no attribute 'eta_str'
[2026-09-08 08:09:54] [INFO    ] [av1_migrator:encoder] Starting FFmpeg encode for ATHF S10E07 Freda.mp4 (CUDA scale: True)
[2026-09-08 08:09:55] [WARNING ] [av1_migrator:encoder] Aborting FFmpeg encode: Process read error: 'EncodeProgress' object has no attribute 'eta_str'
[2026-09-08 08:09:55] [INFO    ] [av1_migrator:encoder] Cleaned up temporary file after failure: Y:\media\TVShows\Aqua Teen Hunger Force\S10\ATHF S10E07 Freda [AV1 1080p SDR CQ28].mkv.encoding.mkv
[2026-09-08 08:09:55] [ERROR   ] [av1_migrator:engine] Encoding failed for ATHF S10E07 Freda.mp4: Exception during encode: 'EncodeProgress' object has no attribute 'eta_str'
[2026-09-08 08:09:55] [INFO    ] [av1_migrator:encoder] Starting FFmpeg encode for Steven Universe S02E28 Message Received.mp4 (CUDA scale: True)
[2026-09-08 08:09:55] [WARNING ] [av1_migrator:encoder] Aborting FFmpeg encode: Process read error: 'EncodeProgress' object has no attribute 'eta_str'
[2026-09-08 08:09:55] [WARNING ] [av1_migrator:engine] Received interrupt signal (Ctrl+C). Initiating safe stop...
[2026-09-08 08:09:55] [INFO    ] [av1_migrator:engine] Stopping migration safely: Ctrl+C interrupted
[2026-09-08 08:09:55] [WARNING ] [av1_migrator:encoder] Aborting FFmpeg encode: Ctrl+C interrupted
[2026-09-08 08:11:16] [INFO    ] [av1_migrator:engine] === Pre-flight System Checks ===
[2026-09-08 08:11:16] [INFO    ] [av1_migrator:engine] ✓ Python (3.14.3)
[2026-09-08 08:11:16] [INFO    ] [av1_migrator:engine] ✓ FFmpeg (C:\bin\ffmpeg.exe)
[2026-09-08 08:11:16] [INFO    ] [av1_migrator:engine] ✓ FFprobe (C:\bin\ffprobe.exe)
[2026-09-08 08:11:16] [INFO    ] [av1_migrator:engine] ✓ NVIDIA GPU (nvidia-smi detected)
[2026-09-08 08:11:16] [INFO    ] [av1_migrator:engine] ✓ AV1 NVENC encoder available
[2026-09-08 08:11:16] [INFO    ] [av1_migrator:engine] ✓ CUDA scaling (scale_cuda)
[2026-09-08 08:11:16] [INFO    ] [av1_migrator:engine] ✓ Media root: C:\Users\seegr\AppData\Local\Temp\pytest-of-seegr\pytest-13\test_engine_dry_run0\Movies
[2026-09-08 08:11:16] [INFO    ] [av1_migrator:engine] ✓ Storage safety (C:\Users\seegr\AppData\Local\Temp\pytest-of-seegr\pytest-13\test_engine_dry_run0\Movies): Free 51.05 GB >= Min 10.00 KB
[2026-09-08 08:11:16] [INFO    ] [av1_migrator:engine] Checking database for uncompleted/interrupted migration tasks from previous runs...
[2026-09-08 08:11:16] [INFO    ] [av1_migrator:engine] Startup recovery: Database is clean, no interrupted tasks found.
[2026-09-08 08:11:16] [INFO    ] [av1_migrator:engine] Starting media discovery and queue preparation...
[2026-09-08 08:11:16] [INFO    ] [av1_migrator:engine] Discovered 2 candidate files across media roots. Sorting by size...
[2026-09-08 08:11:16] [INFO    ] [av1_migrator:engine] === DRY RUN SUMMARY ===
[2026-09-08 08:11:16] [INFO    ] [av1_migrator:engine] 
DRY RUN SUMMARY:
  Eligible files to convert: 2
  Already AV1/Completed:     0
  Skipped (No Eng/etc):      0
  Probe Errors:              0
  Total source size:         58.59 KB
  Estimated output size:     ~20.51 KB
  Estimated savings:         ~38.09 KB

[2026-09-08 08:11:16] [INFO    ] [av1_migrator:engine] === Pre-flight System Checks ===
[2026-09-08 08:11:16] [INFO    ] [av1_migrator:engine] ✓ Python (3.14.3)
[2026-09-08 08:11:16] [INFO    ] [av1_migrator:engine] ✓ FFmpeg (C:\bin\ffmpeg.exe)
[2026-09-08 08:11:16] [INFO    ] [av1_migrator:engine] ✓ FFprobe (C:\bin\ffprobe.exe)
[2026-09-08 08:11:16] [INFO    ] [av1_migrator:engine] ✓ NVIDIA GPU (nvidia-smi detected)
[2026-09-08 08:11:16] [INFO    ] [av1_migrator:engine] ✓ AV1 NVENC encoder available
[2026-09-08 08:11:16] [INFO    ] [av1_migrator:engine] ✓ CUDA scaling (scale_cuda)
[2026-09-08 08:11:16] [INFO    ] [av1_migrator:engine] ✓ Media root: C:\Users\seegr\AppData\Local\Temp\pytest-of-seegr\pytest-13\test_engine_full_workflow_succ0\Movies
[2026-09-08 08:11:16] [INFO    ] [av1_migrator:engine] ✓ Storage safety (C:\Users\seegr\AppData\Local\Temp\pytest-of-seegr\pytest-13\test_engine_full_workflow_succ0\Movies): Free 51.05 GB >= Min 10.00 KB
[2026-09-08 08:11:16] [INFO    ] [av1_migrator:engine] Checking database for uncompleted/interrupted migration tasks from previous runs...
[2026-09-08 08:11:16] [INFO    ] [av1_migrator:engine] Startup recovery: Database is clean, no interrupted tasks found.
[2026-09-08 08:11:16] [INFO    ] [av1_migrator:engine] Starting media discovery and queue preparation...
[2026-09-08 08:11:16] [INFO    ] [av1_migrator:engine] Discovered 2 candidate files across media roots. Sorting by size...
[2026-09-08 08:11:16] [INFO    ] [av1_migrator:engine] Promoted Movie Small (2021) [AV1 1080p SDR CQ28].mkv.encoding.mkv to Movie Small (2021) [AV1 1080p SDR CQ28].mkv
[2026-09-08 08:11:16] [INFO    ] [av1_migrator:engine] Safely deleted original file: C:\Users\seegr\AppData\Local\Temp\pytest-of-seegr\pytest-13\test_engine_full_workflow_succ0\Movies\Movie Small (2021).mkv
[2026-09-08 08:11:16] [INFO    ] [av1_migrator:engine] Successfully migrated Movie Small (2021).mkv -> Movie Small (2021) [AV1 1080p SDR CQ28].mkv (9.77 KB -> 17 B, saved 9.75 KB)
[2026-09-08 08:11:17] [INFO    ] [av1_migrator:engine] === Migration Summary ===
[2026-09-08 08:11:17] [INFO    ] [av1_migrator:engine] Completed: 1
[2026-09-08 08:11:17] [INFO    ] [av1_migrator:engine] Failed:    0
[2026-09-08 08:11:17] [INFO    ] [av1_migrator:engine] Skipped:   0
[2026-09-08 08:11:17] [INFO    ] [av1_migrator:engine] Source:    9.77 KB
[2026-09-08 08:11:17] [INFO    ] [av1_migrator:engine] Output:    17 B
[2026-09-08 08:11:17] [INFO    ] [av1_migrator:engine] Saved:     9.75 KB (99.8%)
[2026-09-08 08:11:17] [INFO    ] [av1_migrator:engine] Checking database for uncompleted/interrupted migration tasks from previous runs...
[2026-09-08 08:11:17] [WARNING ] [av1_migrator:engine] Startup recovery: Found and resolved 1 interrupted tasks.
[2026-09-08 08:11:17] [INFO    ] [av1_migrator:engine]   - C:\Users\seegr\AppData\Local\Temp\pytest-of-seegr\pytest-13\test_engine_startup_recovery0\Movies\Movie Large (2020).mkv: reset_to_pending_for_retry (previous status: encoding, temp cleaned: True)
[2026-09-08 08:11:17] [INFO    ] [av1_migrator:engine] === Pre-flight System Checks ===
[2026-09-08 08:11:17] [INFO    ] [av1_migrator:engine] ✓ Python (3.14.3)
[2026-09-08 08:11:17] [INFO    ] [av1_migrator:engine] ✓ FFmpeg (C:\bin\ffmpeg.exe)
[2026-09-08 08:11:17] [INFO    ] [av1_migrator:engine] ✓ FFprobe (C:\bin\ffprobe.exe)
[2026-09-08 08:11:17] [INFO    ] [av1_migrator:engine] ✓ NVIDIA GPU (nvidia-smi detected)
[2026-09-08 08:11:17] [INFO    ] [av1_migrator:engine] ✓ AV1 NVENC encoder available
[2026-09-08 08:11:17] [INFO    ] [av1_migrator:engine] ✓ CUDA scaling (scale_cuda)
[2026-09-08 08:11:17] [INFO    ] [av1_migrator:engine] ✓ Media root: C:\Users\seegr\AppData\Local\Temp\pytest-of-seegr\pytest-13\test_engine_bloated_encode_pre0\Movies
[2026-09-08 08:11:17] [INFO    ] [av1_migrator:engine] ✓ Storage safety (C:\Users\seegr\AppData\Local\Temp\pytest-of-seegr\pytest-13\test_engine_bloated_encode_pre0\Movies): Free 51.05 GB >= Min 10.00 KB
[2026-09-08 08:11:17] [INFO    ] [av1_migrator:engine] Checking database for uncompleted/interrupted migration tasks from previous runs...
[2026-09-08 08:11:17] [INFO    ] [av1_migrator:engine] Startup recovery: Database is clean, no interrupted tasks found.
[2026-09-08 08:11:17] [INFO    ] [av1_migrator:engine] Starting media discovery and queue preparation...
[2026-09-08 08:11:17] [INFO    ] [av1_migrator:engine] Discovered 2 candidate files across media roots. Sorting by size...
[2026-09-08 08:11:18] [WARNING ] [av1_migrator:engine] Encoding bloated for Movie Small (2021).mkv: output (24.41 KB) is larger than or equal to original (9.77 KB). Prioritizing space: keeping smaller original and removing bloated output.
[2026-09-08 08:11:18] [INFO    ] [av1_migrator:engine] Removed bloated temporary output: C:\Users\seegr\AppData\Local\Temp\pytest-of-seegr\pytest-13\test_engine_bloated_encode_pre0\Movies\Movie Small (2021) [AV1 1080p SDR CQ28].mkv.encoding.mkv
[2026-09-08 08:11:18] [INFO    ] [av1_migrator:engine] === Migration Summary ===
[2026-09-08 08:11:18] [INFO    ] [av1_migrator:engine] Completed: 0
[2026-09-08 08:11:18] [INFO    ] [av1_migrator:engine] Failed:    0
[2026-09-08 08:11:18] [INFO    ] [av1_migrator:engine] Skipped:   1
[2026-09-08 08:11:18] [INFO    ] [av1_migrator:engine] Source:    0 B
[2026-09-08 08:11:18] [INFO    ] [av1_migrator:engine] Output:    0 B
[2026-09-08 08:11:18] [INFO    ] [av1_migrator:engine] Saved:     0 B (0.0%)
[2026-09-08 08:11:18] [INFO    ] [av1_migrator:engine] === Pre-flight System Checks ===
[2026-09-08 08:11:18] [INFO    ] [av1_migrator:engine] ✓ Python (3.14.3)
[2026-09-08 08:11:18] [INFO    ] [av1_migrator:engine] ✓ FFmpeg (C:\bin\ffmpeg.exe)
[2026-09-08 08:11:18] [INFO    ] [av1_migrator:engine] ✓ FFprobe (C:\bin\ffprobe.exe)
[2026-09-08 08:11:18] [INFO    ] [av1_migrator:engine] ✓ NVIDIA GPU (nvidia-smi detected)
[2026-09-08 08:11:18] [INFO    ] [av1_migrator:engine] ✓ AV1 NVENC encoder available
[2026-09-08 08:11:18] [INFO    ] [av1_migrator:engine] ✓ CUDA scaling (scale_cuda)
[2026-09-08 08:11:18] [INFO    ] [av1_migrator:engine] ✓ Media root: C:\Users\seegr\AppData\Local\Temp\pytest-of-seegr\pytest-13\test_engine_existing_bloated_o0\Movies
[2026-09-08 08:11:18] [INFO    ] [av1_migrator:engine] ✓ Storage safety (C:\Users\seegr\AppData\Local\Temp\pytest-of-seegr\pytest-13\test_engine_existing_bloated_o0\Movies): Free 51.05 GB >= Min 10.00 KB
[2026-09-08 08:11:18] [INFO    ] [av1_migrator:engine] Checking database for uncompleted/interrupted migration tasks from previous runs...
[2026-09-08 08:11:18] [INFO    ] [av1_migrator:engine] Startup recovery: Database is clean, no interrupted tasks found.
[2026-09-08 08:11:18] [INFO    ] [av1_migrator:engine] Starting media discovery and queue preparation...
[2026-09-08 08:11:18] [INFO    ] [av1_migrator:engine] Discovered 3 candidate files across media roots. Sorting by size...
[2026-09-08 08:11:18] [INFO    ] [av1_migrator:engine] Final output already exists on disk for Movie Small (2021).mkv. Validating existing output...
[2026-09-08 08:11:18] [WARNING ] [av1_migrator:engine] Existing output for Movie Small (2021).mkv is larger (29.30 KB) than or equal to original (9.77 KB). Prioritizing space: keeping smaller original and removing bloated output.
[2026-09-08 08:11:18] [INFO    ] [av1_migrator:encoder] Starting FFmpeg encode for Movie Large (2020).mkv (CUDA scale: True)
[2026-09-08 08:11:18] [WARNING ] [av1_migrator:encoder] CUDA scaling failed, retrying with software Lanczos scaling fallback...
[2026-09-08 08:11:18] [INFO    ] [av1_migrator:encoder] Retrying FFmpeg encode for Movie Large (2020).mkv with software scale
[2026-09-08 08:11:19] [ERROR   ] [av1_migrator:engine] Encoding failed for Movie Large (2020).mkv: FFmpeg exited with code 3199971767: ffmpeg stats and -progress period set to 0.5.
[matroska,webm @ 000001198f110b80] Format matroska,webm detected only with low score of 1, misdetection possible!
Truncating packet of size 1060912 to 49994
[matroska,webm @ 000001198f110b80] EBML header parsing failed
[in#0 @ 000001198f110780] Error opening input: Invalid data found when processing input
Error opening input file C:\Users\seegr\AppData\Local\Temp\pytest-of-seegr\pytest-13\test_engine_existing_bloated_o0\Movies\Movie Large (2020).mkv.
Error opening input files: Invalid data found when processing input
[2026-09-08 08:11:19] [INFO    ] [av1_migrator:engine] === Migration Summary ===
[2026-09-08 08:11:19] [INFO    ] [av1_migrator:engine] Completed: 0
[2026-09-08 08:11:19] [INFO    ] [av1_migrator:engine] Failed:    1
[2026-09-08 08:11:19] [INFO    ] [av1_migrator:engine] Skipped:   1
[2026-09-08 08:11:19] [INFO    ] [av1_migrator:engine] Source:    0 B
[2026-09-08 08:11:19] [INFO    ] [av1_migrator:engine] Output:    0 B
[2026-09-08 08:11:19] [INFO    ] [av1_migrator:engine] Saved:     0 B (0.0%)
[2026-09-08 08:11:19] [WARNING ] [av1_migrator:engine] === FAILED FILES (1) ===
[2026-09-08 08:11:19] [WARNING ] [av1_migrator:engine]   - C:\Users\seegr\AppData\Local\Temp\pytest-of-seegr\pytest-13\test_engine_existing_bloated_o0\Movies\Movie Large (2020).mkv: FFmpeg exited with code 3199971767: ffmpeg stats and -progress period set to 0.5.
[matroska,webm @ 000001198f110b80] Format matroska,webm detected only with low score of 1, misdetection possible!
Truncating packet of size 1060912 to 49994
[matroska,webm @ 000001198f110b80] EBML header parsing failed
[in#0 @ 000001198f110780] Error opening input: Invalid data found when processing input
Error opening input file C:\Users\seegr\AppData\Local\Temp\pytest-of-seegr\pytest-13\test_engine_existing_bloated_o0\Movies\Movie Large (2020).mkv.
Error opening input files: Invalid data found when processing input
[2026-09-08 08:12:49] [INFO    ] [av1_migrator:engine] === Pre-flight System Checks ===
[2026-09-08 08:12:49] [INFO    ] [av1_migrator:engine] ✓ Python (3.14.3)
[2026-09-08 08:12:49] [INFO    ] [av1_migrator:engine] ✓ FFmpeg (C:\bin\ffmpeg.exe)
[2026-09-08 08:12:49] [INFO    ] [av1_migrator:engine] ✓ FFprobe (C:\bin\ffprobe.exe)
[2026-09-08 08:12:49] [INFO    ] [av1_migrator:engine] ✓ NVIDIA GPU (nvidia-smi detected)
[2026-09-08 08:12:49] [INFO    ] [av1_migrator:engine] ✓ AV1 NVENC encoder available
[2026-09-08 08:12:49] [INFO    ] [av1_migrator:engine] ✓ CUDA scaling (scale_cuda)
[2026-09-08 08:12:49] [INFO    ] [av1_migrator:engine] ✓ Media root: C:\Users\seegr\AppData\Local\Temp\pytest-of-seegr\pytest-14\test_engine_dry_run0\Movies
[2026-09-08 08:12:49] [INFO    ] [av1_migrator:engine] ✓ Storage safety (C:\Users\seegr\AppData\Local\Temp\pytest-of-seegr\pytest-14\test_engine_dry_run0\Movies): Free 51.05 GB >= Min 10.00 KB
[2026-09-08 08:12:49] [INFO    ] [av1_migrator:engine] Checking database for uncompleted/interrupted migration tasks from previous runs...
[2026-09-08 08:12:49] [INFO    ] [av1_migrator:engine] Startup recovery: Database is clean, no interrupted tasks found.
[2026-09-08 08:12:49] [INFO    ] [av1_migrator:engine] Starting media discovery and queue preparation...
[2026-09-08 08:12:49] [INFO    ] [av1_migrator:engine] Discovered 2 candidate files across media roots. Sorting by size...
[2026-09-08 08:12:49] [INFO    ] [av1_migrator:engine] === DRY RUN SUMMARY ===
[2026-09-08 08:12:49] [INFO    ] [av1_migrator:engine] 
DRY RUN SUMMARY:
  Eligible files to convert: 2
  Already AV1/Completed:     0
  Skipped (No Eng/etc):      0
  Probe Errors:              0
  Total source size:         58.59 KB
  Estimated output size:     ~20.51 KB
  Estimated savings:         ~38.09 KB

[2026-09-08 08:12:49] [INFO    ] [av1_migrator:engine] === Pre-flight System Checks ===
[2026-09-08 08:12:49] [INFO    ] [av1_migrator:engine] ✓ Python (3.14.3)
[2026-09-08 08:12:49] [INFO    ] [av1_migrator:engine] ✓ FFmpeg (C:\bin\ffmpeg.exe)
[2026-09-08 08:12:49] [INFO    ] [av1_migrator:engine] ✓ FFprobe (C:\bin\ffprobe.exe)
[2026-09-08 08:12:49] [INFO    ] [av1_migrator:engine] ✓ NVIDIA GPU (nvidia-smi detected)
[2026-09-08 08:12:49] [INFO    ] [av1_migrator:engine] ✓ AV1 NVENC encoder available
[2026-09-08 08:12:49] [INFO    ] [av1_migrator:engine] ✓ CUDA scaling (scale_cuda)
[2026-09-08 08:12:49] [INFO    ] [av1_migrator:engine] ✓ Media root: C:\Users\seegr\AppData\Local\Temp\pytest-of-seegr\pytest-14\test_engine_full_workflow_succ0\Movies
[2026-09-08 08:12:49] [INFO    ] [av1_migrator:engine] ✓ Storage safety (C:\Users\seegr\AppData\Local\Temp\pytest-of-seegr\pytest-14\test_engine_full_workflow_succ0\Movies): Free 51.05 GB >= Min 10.00 KB
[2026-09-08 08:12:49] [INFO    ] [av1_migrator:engine] Checking database for uncompleted/interrupted migration tasks from previous runs...
[2026-09-08 08:12:49] [INFO    ] [av1_migrator:engine] Startup recovery: Database is clean, no interrupted tasks found.
[2026-09-08 08:12:49] [INFO    ] [av1_migrator:engine] Starting media discovery and queue preparation...
[2026-09-08 08:12:49] [INFO    ] [av1_migrator:engine] Discovered 2 candidate files across media roots. Sorting by size...
[2026-09-08 08:12:49] [INFO    ] [av1_migrator:engine] Promoted Movie Small (2021) [AV1 1080p SDR CQ28].mkv.encoding.mkv to Movie Small (2021) [AV1 1080p SDR CQ28].mkv
[2026-09-08 08:12:49] [INFO    ] [av1_migrator:engine] Safely deleted original file: C:\Users\seegr\AppData\Local\Temp\pytest-of-seegr\pytest-14\test_engine_full_workflow_succ0\Movies\Movie Small (2021).mkv
[2026-09-08 08:12:49] [INFO    ] [av1_migrator:engine] Successfully migrated Movie Small (2021).mkv -> Movie Small (2021) [AV1 1080p SDR CQ28].mkv (9.77 KB -> 17 B, saved 9.75 KB)
[2026-09-08 08:12:50] [INFO    ] [av1_migrator:engine] === Migration Summary ===
[2026-09-08 08:12:50] [INFO    ] [av1_migrator:engine] Completed: 1
[2026-09-08 08:12:50] [INFO    ] [av1_migrator:engine] Failed:    0
[2026-09-08 08:12:50] [INFO    ] [av1_migrator:engine] Skipped:   0
[2026-09-08 08:12:50] [INFO    ] [av1_migrator:engine] Source:    9.77 KB
[2026-09-08 08:12:50] [INFO    ] [av1_migrator:engine] Output:    17 B
[2026-09-08 08:12:50] [INFO    ] [av1_migrator:engine] Saved:     9.75 KB (99.8%)
[2026-09-08 08:12:50] [INFO    ] [av1_migrator:engine] Checking database for uncompleted/interrupted migration tasks from previous runs...
[2026-09-08 08:12:50] [WARNING ] [av1_migrator:engine] Startup recovery: Found and resolved 1 interrupted tasks.
[2026-09-08 08:12:50] [INFO    ] [av1_migrator:engine]   - C:\Users\seegr\AppData\Local\Temp\pytest-of-seegr\pytest-14\test_engine_startup_recovery0\Movies\Movie Large (2020).mkv: reset_to_pending_for_retry (previous status: encoding, temp cleaned: True)
[2026-09-08 08:12:50] [INFO    ] [av1_migrator:engine] === Pre-flight System Checks ===
[2026-09-08 08:12:50] [INFO    ] [av1_migrator:engine] ✓ Python (3.14.3)
[2026-09-08 08:12:50] [INFO    ] [av1_migrator:engine] ✓ FFmpeg (C:\bin\ffmpeg.exe)
[2026-09-08 08:12:50] [INFO    ] [av1_migrator:engine] ✓ FFprobe (C:\bin\ffprobe.exe)
[2026-09-08 08:12:50] [INFO    ] [av1_migrator:engine] ✓ NVIDIA GPU (nvidia-smi detected)
[2026-09-08 08:12:50] [INFO    ] [av1_migrator:engine] ✓ AV1 NVENC encoder available
[2026-09-08 08:12:50] [INFO    ] [av1_migrator:engine] ✓ CUDA scaling (scale_cuda)
[2026-09-08 08:12:50] [INFO    ] [av1_migrator:engine] ✓ Media root: C:\Users\seegr\AppData\Local\Temp\pytest-of-seegr\pytest-14\test_engine_bloated_encode_pre0\Movies
[2026-09-08 08:12:50] [INFO    ] [av1_migrator:engine] ✓ Storage safety (C:\Users\seegr\AppData\Local\Temp\pytest-of-seegr\pytest-14\test_engine_bloated_encode_pre0\Movies): Free 51.05 GB >= Min 10.00 KB
[2026-09-08 08:12:50] [INFO    ] [av1_migrator:engine] Checking database for uncompleted/interrupted migration tasks from previous runs...
[2026-09-08 08:12:50] [INFO    ] [av1_migrator:engine] Startup recovery: Database is clean, no interrupted tasks found.
[2026-09-08 08:12:50] [INFO    ] [av1_migrator:engine] Starting media discovery and queue preparation...
[2026-09-08 08:12:50] [INFO    ] [av1_migrator:engine] Discovered 2 candidate files across media roots. Sorting by size...
[2026-09-08 08:12:50] [WARNING ] [av1_migrator:engine] Encoding bloated for Movie Small (2021).mkv: output (24.41 KB) is larger than or equal to original (9.77 KB). Prioritizing space: keeping smaller original and removing bloated output.
[2026-09-08 08:12:50] [INFO    ] [av1_migrator:engine] Removed bloated temporary output: C:\Users\seegr\AppData\Local\Temp\pytest-of-seegr\pytest-14\test_engine_bloated_encode_pre0\Movies\Movie Small (2021) [AV1 1080p SDR CQ28].mkv.encoding.mkv
[2026-09-08 08:12:51] [INFO    ] [av1_migrator:engine] === Migration Summary ===
[2026-09-08 08:12:51] [INFO    ] [av1_migrator:engine] Completed: 0
[2026-09-08 08:12:51] [INFO    ] [av1_migrator:engine] Failed:    0
[2026-09-08 08:12:51] [INFO    ] [av1_migrator:engine] Skipped:   1
[2026-09-08 08:12:51] [INFO    ] [av1_migrator:engine] Source:    0 B
[2026-09-08 08:12:51] [INFO    ] [av1_migrator:engine] Output:    0 B
[2026-09-08 08:12:51] [INFO    ] [av1_migrator:engine] Saved:     0 B (0.0%)
[2026-09-08 08:12:51] [INFO    ] [av1_migrator:engine] === Pre-flight System Checks ===
[2026-09-08 08:12:51] [INFO    ] [av1_migrator:engine] ✓ Python (3.14.3)
[2026-09-08 08:12:51] [INFO    ] [av1_migrator:engine] ✓ FFmpeg (C:\bin\ffmpeg.exe)
[2026-09-08 08:12:51] [INFO    ] [av1_migrator:engine] ✓ FFprobe (C:\bin\ffprobe.exe)
[2026-09-08 08:12:51] [INFO    ] [av1_migrator:engine] ✓ NVIDIA GPU (nvidia-smi detected)
[2026-09-08 08:12:51] [INFO    ] [av1_migrator:engine] ✓ AV1 NVENC encoder available
[2026-09-08 08:12:51] [INFO    ] [av1_migrator:engine] ✓ CUDA scaling (scale_cuda)
[2026-09-08 08:12:51] [INFO    ] [av1_migrator:engine] ✓ Media root: C:\Users\seegr\AppData\Local\Temp\pytest-of-seegr\pytest-14\test_engine_existing_bloated_o0\Movies
[2026-09-08 08:12:51] [INFO    ] [av1_migrator:engine] ✓ Storage safety (C:\Users\seegr\AppData\Local\Temp\pytest-of-seegr\pytest-14\test_engine_existing_bloated_o0\Movies): Free 51.05 GB >= Min 10.00 KB
[2026-09-08 08:12:51] [INFO    ] [av1_migrator:engine] Checking database for uncompleted/interrupted migration tasks from previous runs...
[2026-09-08 08:12:51] [INFO    ] [av1_migrator:engine] Startup recovery: Database is clean, no interrupted tasks found.
[2026-09-08 08:12:51] [INFO    ] [av1_migrator:engine] Starting media discovery and queue preparation...
[2026-09-08 08:12:51] [INFO    ] [av1_migrator:engine] Discovered 3 candidate files across media roots. Sorting by size...
[2026-09-08 08:12:51] [INFO    ] [av1_migrator:engine] Final output already exists on disk for Movie Small (2021).mkv. Validating existing output...
[2026-09-08 08:12:51] [WARNING ] [av1_migrator:engine] Existing output for Movie Small (2021).mkv is larger (29.30 KB) than or equal to original (9.77 KB). Prioritizing space: keeping smaller original and removing bloated output.
[2026-09-08 08:12:51] [INFO    ] [av1_migrator:encoder] Starting FFmpeg encode for Movie Large (2020).mkv (CUDA scale: True)
[2026-09-08 08:12:51] [WARNING ] [av1_migrator:encoder] CUDA scaling failed, retrying with software Lanczos scaling fallback...
[2026-09-08 08:12:51] [INFO    ] [av1_migrator:encoder] Retrying FFmpeg encode for Movie Large (2020).mkv with software scale
[2026-09-08 08:12:51] [ERROR   ] [av1_migrator:engine] Encoding failed for Movie Large (2020).mkv: FFmpeg exited with code 3199971767: ffmpeg stats and -progress period set to 0.5.
[matroska,webm @ 0000025dd9f90b80] Format matroska,webm detected only with low score of 1, misdetection possible!
Truncating packet of size 1060912 to 49994
[matroska,webm @ 0000025dd9f90b80] EBML header parsing failed
[in#0 @ 0000025dd9f90780] Error opening input: Invalid data found when processing input
Error opening input file C:\Users\seegr\AppData\Local\Temp\pytest-of-seegr\pytest-14\test_engine_existing_bloated_o0\Movies\Movie Large (2020).mkv.
Error opening input files: Invalid data found when processing input
[2026-09-08 08:12:52] [INFO    ] [av1_migrator:engine] === Migration Summary ===
[2026-09-08 08:12:52] [INFO    ] [av1_migrator:engine] Completed: 0
[2026-09-08 08:12:52] [INFO    ] [av1_migrator:engine] Failed:    1
[2026-09-08 08:12:52] [INFO    ] [av1_migrator:engine] Skipped:   1
[2026-09-08 08:12:52] [INFO    ] [av1_migrator:engine] Source:    0 B
[2026-09-08 08:12:52] [INFO    ] [av1_migrator:engine] Output:    0 B
[2026-09-08 08:12:52] [INFO    ] [av1_migrator:engine] Saved:     0 B (0.0%)
[2026-09-08 08:12:52] [WARNING ] [av1_migrator:engine] === FAILED FILES (1) ===
[2026-09-08 08:12:52] [WARNING ] [av1_migrator:engine]   - C:\Users\seegr\AppData\Local\Temp\pytest-of-seegr\pytest-14\test_engine_existing_bloated_o0\Movies\Movie Large (2020).mkv: FFmpeg exited with code 3199971767: ffmpeg stats and -progress period set to 0.5.
[matroska,webm @ 0000025dd9f90b80] Format matroska,webm detected only with low score of 1, misdetection possible!
Truncating packet of size 1060912 to 49994
[matroska,webm @ 0000025dd9f90b80] EBML header parsing failed
[in#0 @ 0000025dd9f90780] Error opening input: Invalid data found when processing input
Error opening input file C:\Users\seegr\AppData\Local\Temp\pytest-of-seegr\pytest-14\test_engine_existing_bloated_o0\Movies\Movie Large (2020).mkv.
Error opening input files: Invalid data found when processing input
[2026-09-08 08:12:56] [INFO    ] [av1_migrator:engine] === Pre-flight System Checks ===
[2026-09-08 08:12:56] [INFO    ] [av1_migrator:engine] ✓ Python (3.14.3)
[2026-09-08 08:12:56] [INFO    ] [av1_migrator:engine] ✓ FFmpeg (C:\bin\ffmpeg.exe)
[2026-09-08 08:12:56] [INFO    ] [av1_migrator:engine] ✓ FFprobe (C:\bin\ffprobe.exe)
[2026-09-08 08:12:56] [INFO    ] [av1_migrator:engine] ✓ NVIDIA GPU (nvidia-smi detected)
[2026-09-08 08:12:56] [INFO    ] [av1_migrator:engine] ✓ AV1 NVENC encoder available
[2026-09-08 08:12:56] [INFO    ] [av1_migrator:engine] ✓ CUDA scaling (scale_cuda)
[2026-09-08 08:12:56] [INFO    ] [av1_migrator:engine] ✓ Media root: Y:\srv\storage\Movies
[2026-09-08 08:12:56] [INFO    ] [av1_migrator:engine] ✓ Media root: Y:\media\TVShows
[2026-09-08 08:12:56] [INFO    ] [av1_migrator:engine] ✓ Storage safety (Y:\srv\storage\Movies): Free 2.21 TB >= Min 1.00 TB
[2026-09-08 08:12:56] [INFO    ] [av1_migrator:engine] Checking database for uncompleted/interrupted migration tasks from previous runs...
[2026-09-08 08:12:56] [WARNING ] [av1_migrator:engine] Startup recovery: Found and resolved 1 interrupted tasks.
[2026-09-08 08:12:56] [INFO    ] [av1_migrator:engine]   - Y:\media\TVShows\Steven Universe\S02\Steven Universe S02E28 Message Received.mp4: reset_to_pending_for_retry (previous status: encoding, temp cleaned: True)
[2026-09-08 08:12:56] [INFO    ] [av1_migrator:engine] Starting media discovery and queue preparation...
[2026-09-08 08:13:00] [INFO    ] [av1_migrator:engine] Discovered 7688 candidate files across media roots. Sorting by size...
[2026-09-08 08:13:10] [INFO    ] [av1_migrator:engine] === DRY RUN SUMMARY ===
[2026-09-08 08:13:10] [INFO    ] [av1_migrator:engine] 
DRY RUN SUMMARY:
  Eligible files to convert: 1
  Already AV1/Completed:     67
  Skipped (No Eng/etc):      12175
  Probe Errors:              0
  Total source size:         12.09 MB
  Estimated output size:     ~4.23 MB
  Estimated savings:         ~7.86 MB

[2026-09-08 08:14:02] [INFO    ] [av1_migrator:engine] === Pre-flight System Checks ===
[2026-09-08 08:14:02] [INFO    ] [av1_migrator:engine] ✓ Python (3.14.3)
[2026-09-08 08:14:02] [INFO    ] [av1_migrator:engine] ✓ FFmpeg (C:\bin\ffmpeg.exe)
[2026-09-08 08:14:02] [INFO    ] [av1_migrator:engine] ✓ FFprobe (C:\bin\ffprobe.exe)
[2026-09-08 08:14:02] [INFO    ] [av1_migrator:engine] ✓ NVIDIA GPU (nvidia-smi detected)
[2026-09-08 08:14:02] [INFO    ] [av1_migrator:engine] ✓ AV1 NVENC encoder available
[2026-09-08 08:14:02] [INFO    ] [av1_migrator:engine] ✓ CUDA scaling (scale_cuda)
[2026-09-08 08:14:02] [INFO    ] [av1_migrator:engine] ✓ Media root: Y:\srv\storage\Movies
[2026-09-08 08:14:02] [INFO    ] [av1_migrator:engine] ✓ Media root: Y:\media\TVShows
[2026-09-08 08:14:02] [INFO    ] [av1_migrator:engine] ✓ Storage safety (Y:\srv\storage\Movies): Free 2.21 TB >= Min 1.00 TB
[2026-09-08 08:14:02] [INFO    ] [av1_migrator:engine] Checking database for uncompleted/interrupted migration tasks from previous runs...
[2026-09-08 08:14:02] [INFO    ] [av1_migrator:engine] Startup recovery: Database is clean, no interrupted tasks found.
[2026-09-08 08:14:02] [INFO    ] [av1_migrator:engine] Starting media discovery and queue preparation...
[2026-09-08 08:14:05] [INFO    ] [av1_migrator:engine] Discovered 7688 candidate files across media roots. Sorting by size...
[2026-09-08 08:20:43] [INFO    ] [av1_migrator:encoder] Starting FFmpeg encode for Easter Egg - Monsignor Martinez Clips.mkv (CUDA scale: True)
[2026-09-08 08:20:43] [WARNING ] [av1_migrator:encoder] CUDA scaling failed, retrying with software Lanczos scaling fallback...
[2026-09-08 08:20:43] [INFO    ] [av1_migrator:encoder] Retrying FFmpeg encode for Easter Egg - Monsignor Martinez Clips.mkv with software scale
[2026-09-08 08:20:48] [WARNING ] [av1_migrator:engine] Encoding bloated for Easter Egg - Monsignor Martinez Clips.mkv: output (32.66 MB) is larger than or equal to original (12.09 MB). Prioritizing space: keeping smaller original and removing bloated output.
[2026-09-08 08:20:48] [INFO    ] [av1_migrator:engine] Removed bloated temporary output: Y:\media\TVShows\King of the Hill (1997)\Featurettes\Season 2\Easter Egg - Monsignor Martinez Clips [AV1 1080p SDR CQ28].mkv.encoding.mkv
[2026-09-08 08:20:48] [INFO    ] [av1_migrator:encoder] Starting FFmpeg encode for Scenes07.mkv (CUDA scale: True)
[2026-09-08 08:20:49] [WARNING ] [av1_migrator:encoder] CUDA scaling failed, retrying with software Lanczos scaling fallback...
[2026-09-08 08:20:49] [INFO    ] [av1_migrator:encoder] Retrying FFmpeg encode for Scenes07.mkv with software scale
[2026-09-08 08:21:21] [WARNING ] [av1_migrator:engine] Encoding bloated for Scenes07.mkv: output (63.47 MB) is larger than or equal to original (12.23 MB). Prioritizing space: keeping smaller original and removing bloated output.
[2026-09-08 08:21:21] [INFO    ] [av1_migrator:engine] Removed bloated temporary output: Y:\media\TVShows\Breaking Bad (2008)\Featurettes\Season 4\Deleted Scenes\Scenes07 [AV1 1080p SDR CQ28].mkv.encoding.mkv
[2026-09-08 08:21:21] [INFO    ] [av1_migrator:encoder] Starting FFmpeg encode for What's in a Name.mkv (CUDA scale: True)
[2026-09-08 08:21:21] [WARNING ] [av1_migrator:encoder] CUDA scaling failed, retrying with software Lanczos scaling fallback...
[2026-09-08 08:21:21] [INFO    ] [av1_migrator:encoder] Retrying FFmpeg encode for What's in a Name.mkv with software scale
[2026-09-08 08:21:47] [WARNING ] [av1_migrator:engine] Encoding bloated for What's in a Name.mkv: output (53.02 MB) is larger than or equal to original (12.31 MB). Prioritizing space: keeping smaller original and removing bloated output.
[2026-09-08 08:21:47] [INFO    ] [av1_migrator:engine] Removed bloated temporary output: Y:\media\TVShows\Breaking Bad (2008)\Featurettes\Season 2\Behind The Scenes\What's in a Name [AV1 1080p SDR CQ28].mkv.encoding.mkv
[2026-09-08 08:21:47] [INFO    ] [av1_migrator:encoder] Starting FFmpeg encode for The Cast on Season 2.mkv (CUDA scale: True)
[2026-09-08 08:21:47] [WARNING ] [av1_migrator:encoder] CUDA scaling failed, retrying with software Lanczos scaling fallback...
[2026-09-08 08:21:47] [INFO    ] [av1_migrator:encoder] Retrying FFmpeg encode for The Cast on Season 2.mkv with software scale
[2026-09-08 08:22:11] [WARNING ] [av1_migrator:engine] Encoding bloated for The Cast on Season 2.mkv: output (55.16 MB) is larger than or equal to original (12.36 MB). Prioritizing space: keeping smaller original and removing bloated output.
[2026-09-08 08:22:11] [INFO    ] [av1_migrator:engine] Removed bloated temporary output: Y:\media\TVShows\Breaking Bad (2008)\Featurettes\Season 2\Behind The Scenes\The Cast on Season 2 [AV1 1080p SDR CQ28].mkv.encoding.mkv
[2026-09-08 08:22:11] [INFO    ] [av1_migrator:encoder] Starting FFmpeg encode for The Making of Negro y Azul.mkv (CUDA scale: True)
[2026-09-08 08:22:12] [WARNING ] [av1_migrator:encoder] CUDA scaling failed, retrying with software Lanczos scaling fallback...
[2026-09-08 08:22:12] [INFO    ] [av1_migrator:encoder] Retrying FFmpeg encode for The Making of Negro y Azul.mkv with software scale
[2026-09-08 08:22:29] [WARNING ] [av1_migrator:engine] Encoding bloated for The Making of Negro y Azul.mkv: output (59.67 MB) is larger than or equal to original (12.50 MB). Prioritizing space: keeping smaller original and removing bloated output.
[2026-09-08 08:22:29] [INFO    ] [av1_migrator:engine] Removed bloated temporary output: Y:\media\TVShows\Breaking Bad (2008)\Featurettes\Season 2\Behind The Scenes\The Making of Negro y Azul [AV1 1080p SDR CQ28].mkv.encoding.mkv
[2026-09-08 08:22:30] [INFO    ] [av1_migrator:encoder] Starting FFmpeg encode for House, M.D. - S01Extra - Dr House 2.mkv (CUDA scale: True)
[2026-09-08 08:22:30] [WARNING ] [av1_migrator:encoder] CUDA scaling failed, retrying with software Lanczos scaling fallback...
[2026-09-08 08:22:30] [INFO    ] [av1_migrator:encoder] Retrying FFmpeg encode for House, M.D. - S01Extra - Dr House 2.mkv with software scale
[2026-09-08 08:22:59] [WARNING ] [av1_migrator:engine] Encoding bloated for House, M.D. - S01Extra - Dr House 2.mkv: output (112.77 MB) is larger than or equal to original (12.58 MB). Prioritizing space: keeping smaller original and removing bloated output.
[2026-09-08 08:22:59] [INFO    ] [av1_migrator:engine] Removed bloated temporary output: Y:\media\TVShows\House MD\Season 2\Extras - Season 1\House, M.D. - S01Extra - Dr House 2 [AV1 1080p SDR CQ28].mkv.encoding.mkv
[2026-09-08 08:22:59] [INFO    ] [av1_migrator:encoder] Starting FFmpeg encode for S01E06 - Hank's Unmentionable Problem.mkv (CUDA scale: True)
[2026-09-08 08:22:59] [WARNING ] [av1_migrator:encoder] CUDA scaling failed, retrying with software Lanczos scaling fallback...
[2026-09-08 08:22:59] [INFO    ] [av1_migrator:encoder] Retrying FFmpeg encode for S01E06 - Hank's Unmentionable Problem.mkv with software scale
[2026-09-08 08:23:04] [WARNING ] [av1_migrator:engine] Encoding bloated for S01E06 - Hank's Unmentionable Problem.mkv: output (36.91 MB) is larger than or equal to original (12.78 MB). Prioritizing space: keeping smaller original and removing bloated output.
[2026-09-08 08:23:04] [INFO    ] [av1_migrator:engine] Removed bloated temporary output: Y:\media\TVShows\King of the Hill (1997)\Featurettes\Season 1\Deleted and Extended Scenes\S01E06 - Hank's Unmentionable Problem [AV1 1080p SDR CQ28].mkv.encoding.mkv
[2026-09-08 08:23:04] [INFO    ] [av1_migrator:encoder] Starting FFmpeg encode for Akira Sound Clip-04-Ethnic Meets Hi-Tech.mkv (CUDA scale: True)
[2026-09-08 08:23:04] [WARNING ] [av1_migrator:encoder] CUDA scaling failed, retrying with software Lanczos scaling fallback...
[2026-09-08 08:23:04] [INFO    ] [av1_migrator:encoder] Retrying FFmpeg encode for Akira Sound Clip-04-Ethnic Meets Hi-Tech.mkv with software scale
[2026-09-08 08:23:13] [WARNING ] [av1_migrator:engine] Encoding bloated for Akira Sound Clip-04-Ethnic Meets Hi-Tech.mkv: output (32.66 MB) is larger than or equal to original (12.86 MB). Prioritizing space: keeping smaller original and removing bloated output.
[2026-09-08 08:23:13] [INFO    ] [av1_migrator:engine] Removed bloated temporary output: Y:\srv\storage\Movies\Akira (1988)\Featurettes\Akira Sound Clip-04-Ethnic Meets Hi-Tech [AV1 1080p SDR CQ28].mkv.encoding.mkv
[2026-09-08 08:23:13] [INFO    ] [av1_migrator:encoder] Starting FFmpeg encode for 4 Days Out.mkv (CUDA scale: True)
[2026-09-08 08:23:14] [WARNING ] [av1_migrator:encoder] CUDA scaling failed, retrying with software Lanczos scaling fallback...
[2026-09-08 08:23:14] [INFO    ] [av1_migrator:encoder] Retrying FFmpeg encode for 4 Days Out.mkv with software scale
[2026-09-08 08:23:40] [WARNING ] [av1_migrator:engine] Encoding bloated for 4 Days Out.mkv: output (59.44 MB) is larger than or equal to original (12.95 MB). Prioritizing space: keeping smaller original and removing bloated output.
[2026-09-08 08:23:40] [INFO    ] [av1_migrator:engine] Removed bloated temporary output: Y:\media\TVShows\Breaking Bad (2008)\Featurettes\Season 2\Inside Breaking Bad\4 Days Out [AV1 1080p SDR CQ28].mkv.encoding.mkv
[2026-09-08 08:23:40] [INFO    ] [av1_migrator:encoder] Starting FFmpeg encode for Title Screen.mkv (CUDA scale: True)
[2026-09-08 08:23:41] [WARNING ] [av1_migrator:encoder] CUDA scaling failed, retrying with software Lanczos scaling fallback...
[2026-09-08 08:23:41] [INFO    ] [av1_migrator:encoder] Retrying FFmpeg encode for Title Screen.mkv with software scale
[2026-09-08 08:23:49] [WARNING ] [av1_migrator:engine] Encoding bloated for Title Screen.mkv: output (40.11 MB) is larger than or equal to original (13.01 MB). Prioritizing space: keeping smaller original and removing bloated output.
[2026-09-08 08:23:49] [INFO    ] [av1_migrator:engine] Removed bloated temporary output: Y:\media\TVShows\How I Met Your Mother\S04\Extra\Title Screen [AV1 1080p SDR CQ28].mkv.encoding.mkv
[2026-09-08 08:23:49] [INFO    ] [av1_migrator:encoder] Starting FFmpeg encode for Grilled.mkv (CUDA scale: True)
[2026-09-08 08:23:49] [WARNING ] [av1_migrator:encoder] CUDA scaling failed, retrying with software Lanczos scaling fallback...
[2026-09-08 08:23:49] [INFO    ] [av1_migrator:encoder] Retrying FFmpeg encode for Grilled.mkv with software scale
[2026-09-08 08:24:14] [WARNING ] [av1_migrator:engine] Encoding bloated for Grilled.mkv: output (58.02 MB) is larger than or equal to original (13.11 MB). Prioritizing space: keeping smaller original and removing bloated output.
[2026-09-08 08:24:14] [INFO    ] [av1_migrator:engine] Removed bloated temporary output: Y:\media\TVShows\Breaking Bad (2008)\Featurettes\Season 2\Inside Breaking Bad\Grilled [AV1 1080p SDR CQ28].mkv.encoding.mkv
[2026-09-08 08:24:14] [INFO    ] [av1_migrator:encoder] Starting FFmpeg encode for S02E09 - The Company Man (Alternate Ending).mkv (CUDA scale: True)
[2026-09-08 08:24:14] [WARNING ] [av1_migrator:encoder] CUDA scaling failed, retrying with software Lanczos scaling fallback...
[2026-09-08 08:24:14] [INFO    ] [av1_migrator:encoder] Retrying FFmpeg encode for S02E09 - The Company Man (Alternate Ending).mkv with software scale
[2026-09-08 08:24:19] [WARNING ] [av1_migrator:engine] Encoding bloated for S02E09 - The Company Man (Alternate Ending).mkv: output (39.91 MB) is larger than or equal to original (13.18 MB). Prioritizing space: keeping smaller original and removing bloated output.
[2026-09-08 08:24:19] [INFO    ] [av1_migrator:engine] Removed bloated temporary output: Y:\media\TVShows\King of the Hill (1997)\Featurettes\Season 2\Deleted and Extended Scenes\S02E09 - The Company Man (Alternate Ending) [AV1 1080p SDR CQ28].mkv.encoding.mkv
[2026-09-08 08:24:19] [INFO    ] [av1_migrator:encoder] Starting FFmpeg encode for Scenes08.mkv (CUDA scale: True)
[2026-09-08 08:24:19] [WARNING ] [av1_migrator:encoder] CUDA scaling failed, retrying with software Lanczos scaling fallback...
[2026-09-08 08:24:19] [INFO    ] [av1_migrator:encoder] Retrying FFmpeg encode for Scenes08.mkv with software scale
[2026-09-08 08:24:41] [WARNING ] [av1_migrator:engine] Encoding bloated for Scenes08.mkv: output (73.51 MB) is larger than or equal to original (13.25 MB). Prioritizing space: keeping smaller original and removing bloated output.
[2026-09-08 08:24:41] [INFO    ] [av1_migrator:engine] Removed bloated temporary output: Y:\media\TVShows\Breaking Bad (2008)\Featurettes\Season 4\Deleted Scenes\Scenes08 [AV1 1080p SDR CQ28].mkv.encoding.mkv
[2026-09-08 08:24:41] [INFO    ] [av1_migrator:encoder] Starting FFmpeg encode for Mandala.mkv (CUDA scale: True)
[2026-09-08 08:24:41] [WARNING ] [av1_migrator:encoder] CUDA scaling failed, retrying with software Lanczos scaling fallback...
[2026-09-08 08:24:41] [INFO    ] [av1_migrator:encoder] Retrying FFmpeg encode for Mandala.mkv with software scale
[2026-09-08 08:25:13] [WARNING ] [av1_migrator:engine] Encoding bloated for Mandala.mkv: output (56.37 MB) is larger than or equal to original (13.49 MB). Prioritizing space: keeping smaller original and removing bloated output.
[2026-09-08 08:25:13] [INFO    ] [av1_migrator:engine] Removed bloated temporary output: Y:\media\TVShows\Breaking Bad (2008)\Featurettes\Season 2\Inside Breaking Bad\Mandala [AV1 1080p SDR CQ28].mkv.encoding.mkv
[2026-09-08 08:25:13] [INFO    ] [av1_migrator:encoder] Starting FFmpeg encode for Seven-Thrty Seven.mkv (CUDA scale: True)
[2026-09-08 08:25:13] [WARNING ] [av1_migrator:encoder] CUDA scaling failed, retrying with software Lanczos scaling fallback...
[2026-09-08 08:25:13] [INFO    ] [av1_migrator:encoder] Retrying FFmpeg encode for Seven-Thrty Seven.mkv with software scale
[2026-09-08 08:25:42] [WARNING ] [av1_migrator:engine] Encoding bloated for Seven-Thrty Seven.mkv: output (58.57 MB) is larger than or equal to original (13.71 MB). Prioritizing space: keeping smaller original and removing bloated output.
[2026-09-08 08:25:42] [INFO    ] [av1_migrator:engine] Removed bloated temporary output: Y:\media\TVShows\Breaking Bad (2008)\Featurettes\Season 2\Inside Breaking Bad\Seven-Thrty Seven [AV1 1080p SDR CQ28].mkv.encoding.mkv
[2026-09-08 08:25:42] [INFO    ] [av1_migrator:encoder] Starting FFmpeg encode for Over.mkv (CUDA scale: True)
[2026-09-08 08:25:42] [WARNING ] [av1_migrator:encoder] CUDA scaling failed, retrying with software Lanczos scaling fallback...
[2026-09-08 08:25:42] [INFO    ] [av1_migrator:encoder] Retrying FFmpeg encode for Over.mkv with software scale
[2026-09-08 08:26:12] [WARNING ] [av1_migrator:engine] Encoding bloated for Over.mkv: output (60.46 MB) is larger than or equal to original (13.71 MB). Prioritizing space: keeping smaller original and removing bloated output.
[2026-09-08 08:26:12] [INFO    ] [av1_migrator:engine] Removed bloated temporary output: Y:\media\TVShows\Breaking Bad (2008)\Featurettes\Season 2\Inside Breaking Bad\Over [AV1 1080p SDR CQ28].mkv.encoding.mkv
[2026-09-08 08:26:12] [INFO    ] [av1_migrator:encoder] Starting FFmpeg encode for Steven Universe S05E01 Stuck Together.mp4 (CUDA scale: True)
[2026-09-08 08:26:12] [WARNING ] [av1_migrator:encoder] CUDA scaling failed, retrying with software Lanczos scaling fallback...
[2026-09-08 08:26:12] [INFO    ] [av1_migrator:encoder] Retrying FFmpeg encode for Steven Universe S05E01 Stuck Together.mp4 with software scale
[2026-09-08 08:26:51] [WARNING ] [av1_migrator:engine] Encoding bloated for Steven Universe S05E01 Stuck Together.mp4: output (76.33 MB) is larger than or equal to original (13.72 MB). Prioritizing space: keeping smaller original and removing bloated output.
[2026-09-08 08:26:51] [INFO    ] [av1_migrator:engine] Removed bloated temporary output: Y:\media\TVShows\Steven Universe\S05\Steven Universe S05E01 Stuck Together [AV1 1080p SDR CQ28].mkv.encoding.mkv
[2026-09-08 08:26:51] [INFO    ] [av1_migrator:encoder] Starting FFmpeg encode for Glee S03X01 Extended Scene Christmas.mp4 (CUDA scale: True)
[2026-09-08 08:26:51] [WARNING ] [av1_migrator:encoder] CUDA scaling failed, retrying with software Lanczos scaling fallback...
[2026-09-08 08:26:51] [INFO    ] [av1_migrator:encoder] Retrying FFmpeg encode for Glee S03X01 Extended Scene Christmas.mp4 with software scale
[2026-09-08 08:27:06] [WARNING ] [av1_migrator:engine] Encoding bloated for Glee S03X01 Extended Scene Christmas.mp4: output (88.73 MB) is larger than or equal to original (13.83 MB). Prioritizing space: keeping smaller original and removing bloated output.
[2026-09-08 08:27:06] [INFO    ] [av1_migrator:engine] Removed bloated temporary output: Y:\media\TVShows\Glee\S03\Glee S03X01 Extended Scene Christmas [AV1 1080p SDR CQ28].mkv.encoding.mkv
[2026-09-08 08:27:06] [INFO    ] [av1_migrator:encoder] Starting FFmpeg encode for Bit By a Dead Bee.mkv (CUDA scale: True)
[2026-09-08 08:27:06] [WARNING ] [av1_migrator:encoder] CUDA scaling failed, retrying with software Lanczos scaling fallback...
[2026-09-08 08:27:06] [INFO    ] [av1_migrator:encoder] Retrying FFmpeg encode for Bit By a Dead Bee.mkv with software scale
[2026-09-08 08:27:37] [WARNING ] [av1_migrator:engine] Encoding bloated for Bit By a Dead Bee.mkv: output (58.74 MB) is larger than or equal to original (13.91 MB). Prioritizing space: keeping smaller original and removing bloated output.
[2026-09-08 08:27:37] [INFO    ] [av1_migrator:engine] Removed bloated temporary output: Y:\media\TVShows\Breaking Bad (2008)\Featurettes\Season 2\Inside Breaking Bad\Bit By a Dead Bee [AV1 1080p SDR CQ28].mkv.encoding.mkv
[2026-09-08 08:27:37] [INFO    ] [av1_migrator:encoder] Starting FFmpeg encode for Manger Babies (Performed by Luanne Platter).mkv (CUDA scale: True)
[2026-09-08 08:27:38] [WARNING ] [av1_migrator:encoder] CUDA scaling failed, retrying with software Lanczos scaling fallback...
[2026-09-08 08:27:38] [INFO    ] [av1_migrator:encoder] Retrying FFmpeg encode for Manger Babies (Performed by Luanne Platter).mkv with software scale
[2026-09-08 08:27:43] [WARNING ] [av1_migrator:engine] Encoding bloated for Manger Babies (Performed by Luanne Platter).mkv: output (37.54 MB) is larger than or equal to original (14.05 MB). Prioritizing space: keeping smaller original and removing bloated output.
[2026-09-08 08:27:43] [INFO    ] [av1_migrator:engine] Removed bloated temporary output: Y:\media\TVShows\King of the Hill (1997)\Featurettes\Season 2\Music Inspired by the Hills\Music Videos\Manger Babies (Performed by Luanne Platter) [AV1 1080p SDR CQ28].mkv.encoding.mkv
[2026-09-08 08:27:43] [INFO    ] [av1_migrator:encoder] Starting FFmpeg encode for Kelly and Erin on Midday.mkv (CUDA scale: True)
[2026-09-08 08:27:43] [WARNING ] [av1_migrator:encoder] CUDA scaling failed, retrying with software Lanczos scaling fallback...
[2026-09-08 08:27:43] [INFO    ] [av1_migrator:encoder] Retrying FFmpeg encode for Kelly and Erin on Midday.mkv with software scale
[2026-09-08 08:28:04] [WARNING ] [av1_migrator:engine] Encoding bloated for Kelly and Erin on Midday.mkv: output (76.68 MB) is larger than or equal to original (14.05 MB). Prioritizing space: keeping smaller original and removing bloated output.
[2026-09-08 08:28:04] [INFO    ] [av1_migrator:engine] Removed bloated temporary output: Y:\media\TVShows\The Office (US) (2005)\Featurettes\Webisodes\5. Subtle Sexuality\Extras\Kelly and Erin on Midday [AV1 1080p SDR CQ28].mkv.encoding.mkv
[2026-09-08 08:28:04] [INFO    ] [av1_migrator:encoder] Starting FFmpeg encode for Down.mkv (CUDA scale: True)
[2026-09-08 08:28:05] [WARNING ] [av1_migrator:encoder] CUDA scaling failed, retrying with software Lanczos scaling fallback...
[2026-09-08 08:28:05] [INFO    ] [av1_migrator:encoder] Retrying FFmpeg encode for Down.mkv with software scale
[2026-09-08 08:28:33] [WARNING ] [av1_migrator:engine] Encoding bloated for Down.mkv: output (60.86 MB) is larger than or equal to original (14.21 MB). Prioritizing space: keeping smaller original and removing bloated output.
[2026-09-08 08:28:33] [INFO    ] [av1_migrator:engine] Removed bloated temporary output: Y:\media\TVShows\Breaking Bad (2008)\Featurettes\Season 2\Inside Breaking Bad\Down [AV1 1080p SDR CQ28].mkv.encoding.mkv
[2026-09-08 08:28:33] [INFO    ] [av1_migrator:encoder] Starting FFmpeg encode for Akira Sound Clip-01-Music for Akira.mkv (CUDA scale: True)
[2026-09-08 08:28:33] [WARNING ] [av1_migrator:encoder] CUDA scaling failed, retrying with software Lanczos scaling fallback...
[2026-09-08 08:28:33] [INFO    ] [av1_migrator:encoder] Retrying FFmpeg encode for Akira Sound Clip-01-Music for Akira.mkv with software scale
[2026-09-08 08:28:42] [WARNING ] [av1_migrator:engine] Encoding bloated for Akira Sound Clip-01-Music for Akira.mkv: output (45.65 MB) is larger than or equal to original (14.56 MB). Prioritizing space: keeping smaller original and removing bloated output.
[2026-09-08 08:28:42] [INFO    ] [av1_migrator:engine] Removed bloated temporary output: Y:\srv\storage\Movies\Akira (1988)\Featurettes\Akira Sound Clip-01-Music for Akira [AV1 1080p SDR CQ28].mkv.encoding.mkv
[2026-09-08 08:28:42] [INFO    ] [av1_migrator:encoder] Starting FFmpeg encode for Phoenix.mkv (CUDA scale: True)
[2026-09-08 08:28:42] [WARNING ] [av1_migrator:encoder] CUDA scaling failed, retrying with software Lanczos scaling fallback...
[2026-09-08 08:28:42] [INFO    ] [av1_migrator:encoder] Retrying FFmpeg encode for Phoenix.mkv with software scale
[2026-09-08 08:29:13] [WARNING ] [av1_migrator:engine] Encoding bloated for Phoenix.mkv: output (65.22 MB) is larger than or equal to original (14.96 MB). Prioritizing space: keeping smaller original and removing bloated output.
[2026-09-08 08:29:13] [INFO    ] [av1_migrator:engine] Removed bloated temporary output: Y:\media\TVShows\Breaking Bad (2008)\Featurettes\Season 2\Inside Breaking Bad\Phoenix [AV1 1080p SDR CQ28].mkv.encoding.mkv
[2026-09-08 08:29:13] [INFO    ] [av1_migrator:encoder] Starting FFmpeg encode for Car Filming Time Lapse.mkv (CUDA scale: True)
[2026-09-08 08:29:13] [WARNING ] [av1_migrator:encoder] CUDA scaling failed, retrying with software Lanczos scaling fallback...
[2026-09-08 08:29:13] [INFO    ] [av1_migrator:encoder] Retrying FFmpeg encode for Car Filming Time Lapse.mkv with software scale
[2026-09-08 08:29:21] [WARNING ] [av1_migrator:engine] Encoding bloated for Car Filming Time Lapse.mkv: output (28.22 MB) is larger than or equal to original (14.97 MB). Prioritizing space: keeping smaller original and removing bloated output.
[2026-09-08 08:29:21] [INFO    ] [av1_migrator:engine] Removed bloated temporary output: Y:\media\TVShows\Breaking Bad (2008)\Featurettes\Season 4\Car Filming Time Lapse [AV1 1080p SDR CQ28].mkv.encoding.mkv
[2026-09-08 08:29:21] [INFO    ] [av1_migrator:encoder] Starting FFmpeg encode for The Sherman Brothers - The Aristocrats of Disney Songs.mkv (CUDA scale: True)
[2026-09-08 08:29:21] [WARNING ] [av1_migrator:encoder] CUDA scaling failed, retrying with software Lanczos scaling fallback...
[2026-09-08 08:29:21] [INFO    ] [av1_migrator:encoder] Retrying FFmpeg encode for The Sherman Brothers - The Aristocrats of Disney Songs.mkv with software scale
[2026-09-08 08:29:40] [WARNING ] [av1_migrator:engine] Encoding bloated for The Sherman Brothers - The Aristocrats of Disney Songs.mkv: output (94.45 MB) is larger than or equal to original (15.09 MB). Prioritizing space: keeping smaller original and removing bloated output.
[2026-09-08 08:29:40] [INFO    ] [av1_migrator:engine] Removed bloated temporary output: Y:\srv\storage\Movies\The Aristocats (1970)\Featurettes\The Sherman Brothers - The Aristocrats of Disney Songs [AV1 1080p SDR CQ28].mkv.encoding.mkv
[2026-09-08 08:29:41] [INFO    ] [av1_migrator:encoder] Starting FFmpeg encode for Adventure Time S07E24 Hall of Egress.mp4 (CUDA scale: True)
[2026-09-08 08:29:41] [WARNING ] [av1_migrator:encoder] CUDA scaling failed, retrying with software Lanczos scaling fallback...
[2026-09-08 08:29:41] [INFO    ] [av1_migrator:encoder] Retrying FFmpeg encode for Adventure Time S07E24 Hall of Egress.mp4 with software scale
[2026-09-08 08:30:18] [WARNING ] [av1_migrator:engine] Encoding bloated for Adventure Time S07E24 Hall of Egress.mp4: output (80.45 MB) is larger than or equal to original (15.12 MB). Prioritizing space: keeping smaller original and removing bloated output.
[2026-09-08 08:30:18] [INFO    ] [av1_migrator:engine] Removed bloated temporary output: Y:\media\TVShows\Adventure Time\S07\Adventure Time S07E24 Hall of Egress [AV1 1080p SDR CQ28].mkv.encoding.mkv
[2026-09-08 08:30:18] [INFO    ] [av1_migrator:encoder] Starting FFmpeg encode for The Tortoise Scene.mkv (CUDA scale: True)
[2026-09-08 08:30:19] [WARNING ] [av1_migrator:encoder] CUDA scaling failed, retrying with software Lanczos scaling fallback...
[2026-09-08 08:30:19] [INFO    ] [av1_migrator:encoder] Retrying FFmpeg encode for The Tortoise Scene.mkv with software scale
[2026-09-08 08:30:43] [WARNING ] [av1_migrator:engine] Encoding bloated for The Tortoise Scene.mkv: output (72.32 MB) is larger than or equal to original (15.20 MB). Prioritizing space: keeping smaller original and removing bloated output.
[2026-09-08 08:30:43] [INFO    ] [av1_migrator:engine] Removed bloated temporary output: Y:\media\TVShows\Breaking Bad (2008)\Featurettes\Season 2\Behind The Scenes\The Tortoise Scene [AV1 1080p SDR CQ28].mkv.encoding.mkv
[2026-09-08 08:30:43] [INFO    ] [av1_migrator:encoder] Starting FFmpeg encode for Adventure Time S09E05 Elements Pt 4 Cloudy.mp4 (CUDA scale: True)
[2026-09-08 08:30:43] [WARNING ] [av1_migrator:encoder] CUDA scaling failed, retrying with software Lanczos scaling fallback...
[2026-09-08 08:30:43] [INFO    ] [av1_migrator:encoder] Retrying FFmpeg encode for Adventure Time S09E05 Elements Pt 4 Cloudy.mp4 with software scale
[2026-09-08 08:31:20] [WARNING ] [av1_migrator:engine] Encoding bloated for Adventure Time S09E05 Elements Pt 4 Cloudy.mp4: output (91.06 MB) is larger than or equal to original (15.28 MB). Prioritizing space: keeping smaller original and removing bloated output.
[2026-09-08 08:31:20] [INFO    ] [av1_migrator:engine] Removed bloated temporary output: Y:\media\TVShows\Adventure Time\S09\Adventure Time S09E05 Elements Pt 4 Cloudy [AV1 1080p SDR CQ28].mkv.encoding.mkv
[2026-09-08 08:31:20] [INFO    ] [av1_migrator:encoder] Starting FFmpeg encode for Steven Universe S06E15 Mr. Universe.mp4 (CUDA scale: True)
[2026-09-08 08:31:21] [WARNING ] [av1_migrator:encoder] CUDA scaling failed, retrying with software Lanczos scaling fallback...
[2026-09-08 08:31:21] [INFO    ] [av1_migrator:encoder] Retrying FFmpeg encode for Steven Universe S06E15 Mr. Universe.mp4 with software scale
[2026-09-08 08:31:58] [WARNING ] [av1_migrator:engine] Encoding bloated for Steven Universe S06E15 Mr. Universe.mp4: output (87.10 MB) is larger than or equal to original (15.32 MB). Prioritizing space: keeping smaller original and removing bloated output.
[2026-09-08 08:31:58] [INFO    ] [av1_migrator:engine] Removed bloated temporary output: Y:\media\TVShows\Steven Universe\S06\Steven Universe S06E15 Mr. Universe [AV1 1080p SDR CQ28].mkv.encoding.mkv
[2026-09-08 08:31:58] [INFO    ] [av1_migrator:encoder] Starting FFmpeg encode for Steven Universe S05E04 Lars' Head.mp4 (CUDA scale: True)
[2026-09-08 08:31:58] [WARNING ] [av1_migrator:encoder] CUDA scaling failed, retrying with software Lanczos scaling fallback...
[2026-09-08 08:31:58] [INFO    ] [av1_migrator:encoder] Retrying FFmpeg encode for Steven Universe S05E04 Lars' Head.mp4 with software scale
[2026-09-08 08:32:37] [WARNING ] [av1_migrator:engine] Encoding bloated for Steven Universe S05E04 Lars' Head.mp4: output (76.81 MB) is larger than or equal to original (15.33 MB). Prioritizing space: keeping smaller original and removing bloated output.
[2026-09-08 08:32:37] [INFO    ] [av1_migrator:engine] Removed bloated temporary output: Y:\media\TVShows\Steven Universe\S05\Steven Universe S05E04 Lars' Head [AV1 1080p SDR CQ28].mkv.encoding.mkv
[2026-09-08 08:32:37] [INFO    ] [av1_migrator:encoder] Starting FFmpeg encode for Adventure Time S07E16 Summer Showers.mp4 (CUDA scale: True)
[2026-09-08 08:32:37] [WARNING ] [av1_migrator:encoder] CUDA scaling failed, retrying with software Lanczos scaling fallback...
[2026-09-08 08:32:37] [INFO    ] [av1_migrator:encoder] Retrying FFmpeg encode for Adventure Time S07E16 Summer Showers.mp4 with software scale
[2026-09-08 08:33:15] [WARNING ] [av1_migrator:engine] Encoding bloated for Adventure Time S07E16 Summer Showers.mp4: output (76.78 MB) is larger than or equal to original (15.37 MB). Prioritizing space: keeping smaller original and removing bloated output.
[2026-09-08 08:33:15] [INFO    ] [av1_migrator:engine] Removed bloated temporary output: Y:\media\TVShows\Adventure Time\S07\Adventure Time S07E16 Summer Showers [AV1 1080p SDR CQ28].mkv.encoding.mkv
[2026-09-08 08:33:15] [INFO    ] [av1_migrator:encoder] Starting FFmpeg encode for Akira Sound Clip-03-Exodus.mkv (CUDA scale: True)
[2026-09-08 08:33:15] [WARNING ] [av1_migrator:encoder] CUDA scaling failed, retrying with software Lanczos scaling fallback...
[2026-09-08 08:33:15] [INFO    ] [av1_migrator:encoder] Retrying FFmpeg encode for Akira Sound Clip-03-Exodus.mkv with software scale
[2026-09-08 08:33:28] [WARNING ] [av1_migrator:engine] Encoding bloated for Akira Sound Clip-03-Exodus.mkv: output (35.35 MB) is larger than or equal to original (15.38 MB). Prioritizing space: keeping smaller original and removing bloated output.
[2026-09-08 08:33:28] [INFO    ] [av1_migrator:engine] Removed bloated temporary output: Y:\srv\storage\Movies\Akira (1988)\Featurettes\Akira Sound Clip-03-Exodus [AV1 1080p SDR CQ28].mkv.encoding.mkv
[2026-09-08 08:33:28] [INFO    ] [av1_migrator:encoder] Starting FFmpeg encode for Adventure Time S07E22 Scamps.mp4 (CUDA scale: True)
[2026-09-08 08:33:28] [WARNING ] [av1_migrator:encoder] CUDA scaling failed, retrying with software Lanczos scaling fallback...
[2026-09-08 08:33:28] [INFO    ] [av1_migrator:encoder] Retrying FFmpeg encode for Adventure Time S07E22 Scamps.mp4 with software scale
[2026-09-08 08:34:07] [WARNING ] [av1_migrator:engine] Encoding bloated for Adventure Time S07E22 Scamps.mp4: output (82.74 MB) is larger than or equal to original (15.61 MB). Prioritizing space: keeping smaller original and removing bloated output.
[2026-09-08 08:34:07] [INFO    ] [av1_migrator:engine] Removed bloated temporary output: Y:\media\TVShows\Adventure Time\S07\Adventure Time S07E22 Scamps [AV1 1080p SDR CQ28].mkv.encoding.mkv
[2026-09-08 08:34:07] [INFO    ] [av1_migrator:encoder] Starting FFmpeg encode for Adventure Time S04E17 BMO Noire.mp4 (CUDA scale: True)
[2026-09-08 08:34:08] [WARNING ] [av1_migrator:encoder] CUDA scaling failed, retrying with software Lanczos scaling fallback...
[2026-09-08 08:34:08] [INFO    ] [av1_migrator:encoder] Retrying FFmpeg encode for Adventure Time S04E17 BMO Noire.mp4 with software scale
[2026-09-08 08:34:51] [WARNING ] [av1_migrator:engine] Encoding bloated for Adventure Time S04E17 BMO Noire.mp4: output (79.75 MB) is larger than or equal to original (15.65 MB). Prioritizing space: keeping smaller original and removing bloated output.
[2026-09-08 08:34:51] [INFO    ] [av1_migrator:engine] Removed bloated temporary output: Y:\media\TVShows\Adventure Time\S04\Adventure Time S04E17 BMO Noire [AV1 1080p SDR CQ28].mkv.encoding.mkv
[2026-09-08 08:34:51] [INFO    ] [av1_migrator:encoder] Starting FFmpeg encode for S01E03 - The Order of the Straight Arrow.mkv (CUDA scale: True)
[2026-09-08 08:34:51] [WARNING ] [av1_migrator:encoder] CUDA scaling failed, retrying with software Lanczos scaling fallback...
[2026-09-08 08:34:51] [INFO    ] [av1_migrator:encoder] Retrying FFmpeg encode for S01E03 - The Order of the Straight Arrow.mkv with software scale
[2026-09-08 08:34:57] [WARNING ] [av1_migrator:engine] Encoding bloated for S01E03 - The Order of the Straight Arrow.mkv: output (43.09 MB) is larger than or equal to original (15.67 MB). Prioritizing space: keeping smaller original and removing bloated output.
[2026-09-08 08:34:57] [INFO    ] [av1_migrator:engine] Removed bloated temporary output: Y:\media\TVShows\King of the Hill (1997)\Featurettes\Season 1\Deleted and Extended Scenes\S01E03 - The Order of the Straight Arrow [AV1 1080p SDR CQ28].mkv.encoding.mkv
[2026-09-08 08:34:57] [INFO    ] [av1_migrator:encoder] Starting FFmpeg encode for Adventure Time S07E32 Bun Bun.mp4 (CUDA scale: True)
[2026-09-08 08:34:57] [WARNING ] [av1_migrator:encoder] CUDA scaling failed, retrying with software Lanczos scaling fallback...
[2026-09-08 08:34:57] [INFO    ] [av1_migrator:encoder] Retrying FFmpeg encode for Adventure Time S07E32 Bun Bun.mp4 with software scale
[2026-09-08 08:35:38] [WARNING ] [av1_migrator:engine] Encoding bloated for Adventure Time S07E32 Bun Bun.mp4: output (92.78 MB) is larger than or equal to original (15.69 MB). Prioritizing space: keeping smaller original and removing bloated output.
[2026-09-08 08:35:38] [INFO    ] [av1_migrator:engine] Removed bloated temporary output: Y:\media\TVShows\Adventure Time\S07\Adventure Time S07E32 Bun Bun [AV1 1080p SDR CQ28].mkv.encoding.mkv
[2026-09-08 08:35:38] [INFO    ] [av1_migrator:encoder] Starting FFmpeg encode for Adventure Time S06E11 Little Brother.mp4 (CUDA scale: True)
[2026-09-08 08:35:38] [WARNING ] [av1_migrator:encoder] CUDA scaling failed, retrying with software Lanczos scaling fallback...
[2026-09-08 08:35:38] [INFO    ] [av1_migrator:encoder] Retrying FFmpeg encode for Adventure Time S06E11 Little Brother.mp4 with software scale
[2026-09-08 08:36:21] [WARNING ] [av1_migrator:engine] Encoding bloated for Adventure Time S06E11 Little Brother.mp4: output (84.01 MB) is larger than or equal to original (15.76 MB). Prioritizing space: keeping smaller original and removing bloated output.
[2026-09-08 08:36:21] [INFO    ] [av1_migrator:engine] Removed bloated temporary output: Y:\media\TVShows\Adventure Time\S06\Adventure Time S06E11 Little Brother [AV1 1080p SDR CQ28].mkv.encoding.mkv
[2026-09-08 08:36:21] [INFO    ] [av1_migrator:encoder] Starting FFmpeg encode for S02E05 - Jumpin' Crack Bass (It's a Gas, Gas, Gas).mkv (CUDA scale: True)
[2026-09-08 08:36:22] [WARNING ] [av1_migrator:encoder] CUDA scaling failed, retrying with software Lanczos scaling fallback...
[2026-09-08 08:36:22] [INFO    ] [av1_migrator:encoder] Retrying FFmpeg encode for S02E05 - Jumpin' Crack Bass (It's a Gas, Gas, Gas).mkv with software scale
[2026-09-08 08:36:23] [WARNING ] [av1_migrator:engine] Received interrupt signal (Ctrl+C). Initiating safe stop...
[2026-09-08 08:36:23] [INFO    ] [av1_migrator:engine] Stopping migration safely: Ctrl+C interrupted
[2026-09-08 08:36:23] [WARNING ] [av1_migrator:encoder] Aborting FFmpeg encode: Ctrl+C interrupted
[2026-09-08 08:38:27] [INFO    ] [av1_migrator:engine] === Pre-flight System Checks ===
[2026-09-08 08:38:27] [INFO    ] [av1_migrator:engine] ✓ Python (3.14.3)
[2026-09-08 08:38:27] [INFO    ] [av1_migrator:engine] ✓ FFmpeg (C:\bin\ffmpeg.exe)
[2026-09-08 08:38:27] [INFO    ] [av1_migrator:engine] ✓ FFprobe (C:\bin\ffprobe.exe)
[2026-09-08 08:38:27] [INFO    ] [av1_migrator:engine] ✓ NVIDIA GPU (nvidia-smi detected)
[2026-09-08 08:38:27] [INFO    ] [av1_migrator:engine] ✓ AV1 NVENC encoder available
[2026-09-08 08:38:27] [INFO    ] [av1_migrator:engine] ✓ CUDA scaling (scale_cuda)
[2026-09-08 08:38:27] [INFO    ] [av1_migrator:engine] ✓ Media root: C:\Users\seegr\AppData\Local\Temp\pytest-of-seegr\pytest-15\test_engine_dry_run0\Movies
[2026-09-08 08:38:27] [INFO    ] [av1_migrator:engine] ✓ Storage safety (C:\Users\seegr\AppData\Local\Temp\pytest-of-seegr\pytest-15\test_engine_dry_run0\Movies): Free 51.04 GB >= Min 10.00 KB
[2026-09-08 08:38:27] [INFO    ] [av1_migrator:engine] Checking database for uncompleted/interrupted migration tasks from previous runs...
[2026-09-08 08:38:27] [INFO    ] [av1_migrator:engine] Startup recovery: Database is clean, no interrupted tasks found.
[2026-09-08 08:38:27] [INFO    ] [av1_migrator:engine] Starting media discovery and queue preparation...
[2026-09-08 08:38:27] [INFO    ] [av1_migrator:engine] Discovered 2 candidate files across media roots. Sorting by size (largest files first)...
[2026-09-08 08:38:27] [INFO    ] [av1_migrator:engine] === DRY RUN SUMMARY ===
[2026-09-08 08:38:27] [INFO    ] [av1_migrator:engine] 
DRY RUN SUMMARY:
  Eligible files to convert: 2
  Already AV1/Completed:     0
  Skipped (No Eng/etc):      0
  Probe Errors:              0
  Total source size:         58.59 KB
  Estimated output size:     ~20.51 KB
  Estimated savings:         ~38.09 KB

[2026-09-08 08:38:27] [INFO    ] [av1_migrator:engine] === Pre-flight System Checks ===
[2026-09-08 08:38:27] [INFO    ] [av1_migrator:engine] ✓ Python (3.14.3)
[2026-09-08 08:38:27] [INFO    ] [av1_migrator:engine] ✓ FFmpeg (C:\bin\ffmpeg.exe)
[2026-09-08 08:38:27] [INFO    ] [av1_migrator:engine] ✓ FFprobe (C:\bin\ffprobe.exe)
[2026-09-08 08:38:27] [INFO    ] [av1_migrator:engine] ✓ NVIDIA GPU (nvidia-smi detected)
[2026-09-08 08:38:27] [INFO    ] [av1_migrator:engine] ✓ AV1 NVENC encoder available
[2026-09-08 08:38:27] [INFO    ] [av1_migrator:engine] ✓ CUDA scaling (scale_cuda)
[2026-09-08 08:38:27] [INFO    ] [av1_migrator:engine] ✓ Media root: C:\Users\seegr\AppData\Local\Temp\pytest-of-seegr\pytest-15\test_engine_dry_run_smallest_f0\Movies
[2026-09-08 08:38:27] [INFO    ] [av1_migrator:engine] ✓ Storage safety (C:\Users\seegr\AppData\Local\Temp\pytest-of-seegr\pytest-15\test_engine_dry_run_smallest_f0\Movies): Free 51.04 GB >= Min 10.00 KB
[2026-09-08 08:38:27] [INFO    ] [av1_migrator:engine] Checking database for uncompleted/interrupted migration tasks from previous runs...
[2026-09-08 08:38:27] [INFO    ] [av1_migrator:engine] Startup recovery: Database is clean, no interrupted tasks found.
[2026-09-08 08:38:27] [INFO    ] [av1_migrator:engine] Starting media discovery and queue preparation...
[2026-09-08 08:38:27] [INFO    ] [av1_migrator:engine] Discovered 2 candidate files across media roots. Sorting by size (smallest files first)...
[2026-09-08 08:38:27] [INFO    ] [av1_migrator:engine] === DRY RUN SUMMARY ===
[2026-09-08 08:38:27] [INFO    ] [av1_migrator:engine] 
DRY RUN SUMMARY:
  Eligible files to convert: 2
  Already AV1/Completed:     0
  Skipped (No Eng/etc):      0
  Probe Errors:              0
  Total source size:         58.59 KB
  Estimated output size:     ~20.51 KB
  Estimated savings:         ~38.09 KB

[2026-09-08 08:38:28] [INFO    ] [av1_migrator:engine] === Pre-flight System Checks ===
[2026-09-08 08:38:28] [INFO    ] [av1_migrator:engine] ✓ Python (3.14.3)
[2026-09-08 08:38:28] [INFO    ] [av1_migrator:engine] ✓ FFmpeg (C:\bin\ffmpeg.exe)
[2026-09-08 08:38:28] [INFO    ] [av1_migrator:engine] ✓ FFprobe (C:\bin\ffprobe.exe)
[2026-09-08 08:38:28] [INFO    ] [av1_migrator:engine] ✓ NVIDIA GPU (nvidia-smi detected)
[2026-09-08 08:38:28] [INFO    ] [av1_migrator:engine] ✓ AV1 NVENC encoder available
[2026-09-08 08:38:28] [INFO    ] [av1_migrator:engine] ✓ CUDA scaling (scale_cuda)
[2026-09-08 08:38:28] [INFO    ] [av1_migrator:engine] ✓ Media root: C:\Users\seegr\AppData\Local\Temp\pytest-of-seegr\pytest-15\test_engine_full_workflow_succ0\Movies
[2026-09-08 08:38:28] [INFO    ] [av1_migrator:engine] ✓ Storage safety (C:\Users\seegr\AppData\Local\Temp\pytest-of-seegr\pytest-15\test_engine_full_workflow_succ0\Movies): Free 51.04 GB >= Min 10.00 KB
[2026-09-08 08:38:28] [INFO    ] [av1_migrator:engine] Checking database for uncompleted/interrupted migration tasks from previous runs...
[2026-09-08 08:38:28] [INFO    ] [av1_migrator:engine] Startup recovery: Database is clean, no interrupted tasks found.
[2026-09-08 08:38:28] [INFO    ] [av1_migrator:engine] Starting media discovery and queue preparation...
[2026-09-08 08:38:28] [INFO    ] [av1_migrator:engine] Discovered 2 candidate files across media roots. Sorting by size (largest files first)...
[2026-09-08 08:38:28] [INFO    ] [av1_migrator:engine] Promoted Movie Large (2020) [AV1 1080p SDR CQ28].mkv.encoding.mkv to Movie Large (2020) [AV1 1080p SDR CQ28].mkv
[2026-09-08 08:38:28] [INFO    ] [av1_migrator:engine] Safely deleted original file: C:\Users\seegr\AppData\Local\Temp\pytest-of-seegr\pytest-15\test_engine_full_workflow_succ0\Movies\Movie Large (2020).mkv
[2026-09-08 08:38:28] [INFO    ] [av1_migrator:engine] Successfully migrated Movie Large (2020).mkv -> Movie Large (2020) [AV1 1080p SDR CQ28].mkv (48.83 KB -> 17 B, saved 48.81 KB)
[2026-09-08 08:38:29] [INFO    ] [av1_migrator:engine] === Migration Summary ===
[2026-09-08 08:38:29] [INFO    ] [av1_migrator:engine] Completed: 1
[2026-09-08 08:38:29] [INFO    ] [av1_migrator:engine] Failed:    0
[2026-09-08 08:38:29] [INFO    ] [av1_migrator:engine] Skipped:   0
[2026-09-08 08:38:29] [INFO    ] [av1_migrator:engine] Source:    48.83 KB
[2026-09-08 08:38:29] [INFO    ] [av1_migrator:engine] Output:    17 B
[2026-09-08 08:38:29] [INFO    ] [av1_migrator:engine] Saved:     48.81 KB (100.0%)
[2026-09-08 08:38:29] [INFO    ] [av1_migrator:engine] Checking database for uncompleted/interrupted migration tasks from previous runs...
[2026-09-08 08:38:29] [WARNING ] [av1_migrator:engine] Startup recovery: Found and resolved 1 interrupted tasks.
[2026-09-08 08:38:29] [INFO    ] [av1_migrator:engine]   - C:\Users\seegr\AppData\Local\Temp\pytest-of-seegr\pytest-15\test_engine_startup_recovery0\Movies\Movie Large (2020).mkv: reset_to_pending_for_retry (previous status: encoding, temp cleaned: True)
[2026-09-08 08:38:29] [INFO    ] [av1_migrator:engine] === Pre-flight System Checks ===
[2026-09-08 08:38:29] [INFO    ] [av1_migrator:engine] ✓ Python (3.14.3)
[2026-09-08 08:38:29] [INFO    ] [av1_migrator:engine] ✓ FFmpeg (C:\bin\ffmpeg.exe)
[2026-09-08 08:38:29] [INFO    ] [av1_migrator:engine] ✓ FFprobe (C:\bin\ffprobe.exe)
[2026-09-08 08:38:29] [INFO    ] [av1_migrator:engine] ✓ NVIDIA GPU (nvidia-smi detected)
[2026-09-08 08:38:29] [INFO    ] [av1_migrator:engine] ✓ AV1 NVENC encoder available
[2026-09-08 08:38:29] [INFO    ] [av1_migrator:engine] ✓ CUDA scaling (scale_cuda)
[2026-09-08 08:38:29] [INFO    ] [av1_migrator:engine] ✓ Media root: C:\Users\seegr\AppData\Local\Temp\pytest-of-seegr\pytest-15\test_engine_bloated_encode_pre0\Movies
[2026-09-08 08:38:29] [INFO    ] [av1_migrator:engine] ✓ Storage safety (C:\Users\seegr\AppData\Local\Temp\pytest-of-seegr\pytest-15\test_engine_bloated_encode_pre0\Movies): Free 51.04 GB >= Min 10.00 KB
[2026-09-08 08:38:29] [INFO    ] [av1_migrator:engine] Checking database for uncompleted/interrupted migration tasks from previous runs...
[2026-09-08 08:38:29] [INFO    ] [av1_migrator:engine] Startup recovery: Database is clean, no interrupted tasks found.
[2026-09-08 08:38:29] [INFO    ] [av1_migrator:engine] Starting media discovery and queue preparation...
[2026-09-08 08:38:29] [INFO    ] [av1_migrator:engine] Discovered 2 candidate files across media roots. Sorting by size (largest files first)...
[2026-09-08 08:38:29] [INFO    ] [av1_migrator:engine] Promoted Movie Large (2020) [AV1 1080p SDR CQ28].mkv.encoding.mkv to Movie Large (2020) [AV1 1080p SDR CQ28].mkv
[2026-09-08 08:38:29] [INFO    ] [av1_migrator:engine] Safely deleted original file: C:\Users\seegr\AppData\Local\Temp\pytest-of-seegr\pytest-15\test_engine_bloated_encode_pre0\Movies\Movie Large (2020).mkv
[2026-09-08 08:38:29] [INFO    ] [av1_migrator:engine] Successfully migrated Movie Large (2020).mkv -> Movie Large (2020) [AV1 1080p SDR CQ28].mkv (48.83 KB -> 24.41 KB, saved 24.41 KB)
[2026-09-08 08:38:30] [INFO    ] [av1_migrator:engine] === Migration Summary ===
[2026-09-08 08:38:30] [INFO    ] [av1_migrator:engine] Completed: 1
[2026-09-08 08:38:30] [INFO    ] [av1_migrator:engine] Failed:    0
[2026-09-08 08:38:30] [INFO    ] [av1_migrator:engine] Skipped:   0
[2026-09-08 08:38:30] [INFO    ] [av1_migrator:engine] Source:    48.83 KB
[2026-09-08 08:38:30] [INFO    ] [av1_migrator:engine] Output:    24.41 KB
[2026-09-08 08:38:30] [INFO    ] [av1_migrator:engine] Saved:     24.41 KB (50.0%)
[2026-09-08 08:38:30] [INFO    ] [av1_migrator:engine] === Pre-flight System Checks ===
[2026-09-08 08:38:30] [INFO    ] [av1_migrator:engine] ✓ Python (3.14.3)
[2026-09-08 08:38:30] [INFO    ] [av1_migrator:engine] ✓ FFmpeg (C:\bin\ffmpeg.exe)
[2026-09-08 08:38:30] [INFO    ] [av1_migrator:engine] ✓ FFprobe (C:\bin\ffprobe.exe)
[2026-09-08 08:38:30] [INFO    ] [av1_migrator:engine] ✓ NVIDIA GPU (nvidia-smi detected)
[2026-09-08 08:38:30] [INFO    ] [av1_migrator:engine] ✓ AV1 NVENC encoder available
[2026-09-08 08:38:30] [INFO    ] [av1_migrator:engine] ✓ CUDA scaling (scale_cuda)
[2026-09-08 08:38:30] [INFO    ] [av1_migrator:engine] ✓ Media root: C:\Users\seegr\AppData\Local\Temp\pytest-of-seegr\pytest-15\test_engine_existing_bloated_o0\Movies
[2026-09-08 08:38:30] [INFO    ] [av1_migrator:engine] ✓ Storage safety (C:\Users\seegr\AppData\Local\Temp\pytest-of-seegr\pytest-15\test_engine_existing_bloated_o0\Movies): Free 51.04 GB >= Min 10.00 KB
[2026-09-08 08:38:30] [INFO    ] [av1_migrator:engine] Checking database for uncompleted/interrupted migration tasks from previous runs...
[2026-09-08 08:38:30] [INFO    ] [av1_migrator:engine] Startup recovery: Database is clean, no interrupted tasks found.
[2026-09-08 08:38:30] [INFO    ] [av1_migrator:engine] Starting media discovery and queue preparation...
[2026-09-08 08:38:30] [INFO    ] [av1_migrator:engine] Discovered 3 candidate files across media roots. Sorting by size (largest files first)...
[2026-09-08 08:38:30] [INFO    ] [av1_migrator:engine] Final output already exists on disk for Movie Large (2020).mkv. Validating existing output...
[2026-09-08 08:38:30] [INFO    ] [av1_migrator:engine] Existing output is valid AV1 1080p for Movie Large (2020).mkv. Marking as completed.
[2026-09-08 08:38:30] [INFO    ] [av1_migrator:engine] Deleted original file after validating existing output: C:\Users\seegr\AppData\Local\Temp\pytest-of-seegr\pytest-15\test_engine_existing_bloated_o0\Movies\Movie Large (2020).mkv
[2026-09-08 08:38:30] [INFO    ] [av1_migrator:engine] Final output already exists on disk for Movie Small (2021) [AV1 1080p SDR CQ28].mkv. Validating existing output...
[2026-09-08 08:38:30] [WARNING ] [av1_migrator:engine] Existing output for Movie Small (2021) [AV1 1080p SDR CQ28].mkv is larger (29.30 KB) than or equal to original (29.30 KB). Prioritizing space: keeping smaller original and removing bloated output.
[2026-09-08 08:38:30] [INFO    ] [av1_migrator:encoder] Starting FFmpeg encode for Movie Small (2021).mkv (CUDA scale: True)
[2026-09-08 08:38:30] [WARNING ] [av1_migrator:encoder] CUDA scaling failed, retrying with software Lanczos scaling fallback...
[2026-09-08 08:38:30] [INFO    ] [av1_migrator:encoder] Retrying FFmpeg encode for Movie Small (2021).mkv with software scale
[2026-09-08 08:38:30] [ERROR   ] [av1_migrator:engine] Encoding failed for Movie Small (2021).mkv: FFmpeg exited with code 3199971767: ffmpeg stats and -progress period set to 0.5.
[matroska,webm @ 0000027948ac0b80] Format matroska,webm detected only with low score of 1, misdetection possible!
Truncating packet of size 1060912 to 9994
[matroska,webm @ 0000027948ac0b80] EBML header parsing failed
[in#0 @ 0000027948ac0780] Error opening input: Invalid data found when processing input
Error opening input file C:\Users\seegr\AppData\Local\Temp\pytest-of-seegr\pytest-15\test_engine_existing_bloated_o0\Movies\Movie Small (2021).mkv.
Error opening input files: Invalid data found when processing input
[2026-09-08 08:38:31] [INFO    ] [av1_migrator:engine] === Migration Summary ===
[2026-09-08 08:38:31] [INFO    ] [av1_migrator:engine] Completed: 1
[2026-09-08 08:38:31] [INFO    ] [av1_migrator:engine] Failed:    1
[2026-09-08 08:38:31] [INFO    ] [av1_migrator:engine] Skipped:   1
[2026-09-08 08:38:31] [INFO    ] [av1_migrator:engine] Source:    48.83 KB
[2026-09-08 08:38:31] [INFO    ] [av1_migrator:engine] Output:    29.30 KB
[2026-09-08 08:38:31] [INFO    ] [av1_migrator:engine] Saved:     19.53 KB (40.0%)
[2026-09-08 08:38:31] [WARNING ] [av1_migrator:engine] === FAILED FILES (1) ===
[2026-09-08 08:38:31] [WARNING ] [av1_migrator:engine]   - C:\Users\seegr\AppData\Local\Temp\pytest-of-seegr\pytest-15\test_engine_existing_bloated_o0\Movies\Movie Small (2021).mkv: FFmpeg exited with code 3199971767: ffmpeg stats and -progress period set to 0.5.
[matroska,webm @ 0000027948ac0b80] Format matroska,webm detected only with low score of 1, misdetection possible!
Truncating packet of size 1060912 to 9994
[matroska,webm @ 0000027948ac0b80] EBML header parsing failed
[in#0 @ 0000027948ac0780] Error opening input: Invalid data found when processing input
Error opening input file C:\Users\seegr\AppData\Local\Temp\pytest-of-seegr\pytest-15\test_engine_existing_bloated_o0\Movies\Movie Small (2021).mkv.
Error opening input files: Invalid data found when processing input
[2026-09-08 08:38:57] [INFO    ] [av1_migrator:engine] === Pre-flight System Checks ===
[2026-09-08 08:38:57] [INFO    ] [av1_migrator:engine] ✓ Python (3.14.3)
[2026-09-08 08:38:57] [INFO    ] [av1_migrator:engine] ✓ FFmpeg (C:\bin\ffmpeg.exe)
[2026-09-08 08:38:57] [INFO    ] [av1_migrator:engine] ✓ FFprobe (C:\bin\ffprobe.exe)
[2026-09-08 08:38:57] [INFO    ] [av1_migrator:engine] ✓ NVIDIA GPU (nvidia-smi detected)
[2026-09-08 08:38:57] [INFO    ] [av1_migrator:engine] ✓ AV1 NVENC encoder available
[2026-09-08 08:38:57] [INFO    ] [av1_migrator:engine] ✓ CUDA scaling (scale_cuda)
[2026-09-08 08:38:57] [INFO    ] [av1_migrator:engine] ✓ Media root: C:\Users\seegr\AppData\Local\Temp\pytest-of-seegr\pytest-16\test_engine_dry_run0\Movies
[2026-09-08 08:38:57] [INFO    ] [av1_migrator:engine] ✓ Storage safety (C:\Users\seegr\AppData\Local\Temp\pytest-of-seegr\pytest-16\test_engine_dry_run0\Movies): Free 51.04 GB >= Min 10.00 KB
[2026-09-08 08:38:57] [INFO    ] [av1_migrator:engine] Checking database for uncompleted/interrupted migration tasks from previous runs...
[2026-09-08 08:38:57] [INFO    ] [av1_migrator:engine] Startup recovery: Database is clean, no interrupted tasks found.
[2026-09-08 08:38:57] [INFO    ] [av1_migrator:engine] Starting media discovery and queue preparation...
[2026-09-08 08:38:57] [INFO    ] [av1_migrator:engine] Discovered 2 candidate files across media roots. Sorting by size (largest files first)...
[2026-09-08 08:38:57] [INFO    ] [av1_migrator:engine] === DRY RUN SUMMARY ===
[2026-09-08 08:38:57] [INFO    ] [av1_migrator:engine] 
DRY RUN SUMMARY:
  Eligible files to convert: 2
  Already AV1/Completed:     0
  Skipped (No Eng/etc):      0
  Probe Errors:              0
  Total source size:         58.59 KB
  Estimated output size:     ~20.51 KB
  Estimated savings:         ~38.09 KB

[2026-09-08 08:38:57] [INFO    ] [av1_migrator:engine] === Pre-flight System Checks ===
[2026-09-08 08:38:57] [INFO    ] [av1_migrator:engine] ✓ Python (3.14.3)
[2026-09-08 08:38:57] [INFO    ] [av1_migrator:engine] ✓ FFmpeg (C:\bin\ffmpeg.exe)
[2026-09-08 08:38:57] [INFO    ] [av1_migrator:engine] ✓ FFprobe (C:\bin\ffprobe.exe)
[2026-09-08 08:38:57] [INFO    ] [av1_migrator:engine] ✓ NVIDIA GPU (nvidia-smi detected)
[2026-09-08 08:38:57] [INFO    ] [av1_migrator:engine] ✓ AV1 NVENC encoder available
[2026-09-08 08:38:57] [INFO    ] [av1_migrator:engine] ✓ CUDA scaling (scale_cuda)
[2026-09-08 08:38:57] [INFO    ] [av1_migrator:engine] ✓ Media root: C:\Users\seegr\AppData\Local\Temp\pytest-of-seegr\pytest-16\test_engine_dry_run_smallest_f0\Movies
[2026-09-08 08:38:57] [INFO    ] [av1_migrator:engine] ✓ Storage safety (C:\Users\seegr\AppData\Local\Temp\pytest-of-seegr\pytest-16\test_engine_dry_run_smallest_f0\Movies): Free 51.04 GB >= Min 10.00 KB
[2026-09-08 08:38:57] [INFO    ] [av1_migrator:engine] Checking database for uncompleted/interrupted migration tasks from previous runs...
[2026-09-08 08:38:57] [INFO    ] [av1_migrator:engine] Startup recovery: Database is clean, no interrupted tasks found.
[2026-09-08 08:38:57] [INFO    ] [av1_migrator:engine] Starting media discovery and queue preparation...
[2026-09-08 08:38:57] [INFO    ] [av1_migrator:engine] Discovered 2 candidate files across media roots. Sorting by size (smallest files first)...
[2026-09-08 08:38:57] [INFO    ] [av1_migrator:engine] === DRY RUN SUMMARY ===
[2026-09-08 08:38:57] [INFO    ] [av1_migrator:engine] 
DRY RUN SUMMARY:
  Eligible files to convert: 2
  Already AV1/Completed:     0
  Skipped (No Eng/etc):      0
  Probe Errors:              0
  Total source size:         58.59 KB
  Estimated output size:     ~20.51 KB
  Estimated savings:         ~38.09 KB

[2026-09-08 08:38:57] [INFO    ] [av1_migrator:engine] === Pre-flight System Checks ===
[2026-09-08 08:38:57] [INFO    ] [av1_migrator:engine] ✓ Python (3.14.3)
[2026-09-08 08:38:57] [INFO    ] [av1_migrator:engine] ✓ FFmpeg (C:\bin\ffmpeg.exe)
[2026-09-08 08:38:57] [INFO    ] [av1_migrator:engine] ✓ FFprobe (C:\bin\ffprobe.exe)
[2026-09-08 08:38:57] [INFO    ] [av1_migrator:engine] ✓ NVIDIA GPU (nvidia-smi detected)
[2026-09-08 08:38:57] [INFO    ] [av1_migrator:engine] ✓ AV1 NVENC encoder available
[2026-09-08 08:38:57] [INFO    ] [av1_migrator:engine] ✓ CUDA scaling (scale_cuda)
[2026-09-08 08:38:57] [INFO    ] [av1_migrator:engine] ✓ Media root: C:\Users\seegr\AppData\Local\Temp\pytest-of-seegr\pytest-16\test_engine_full_workflow_succ0\Movies
[2026-09-08 08:38:57] [INFO    ] [av1_migrator:engine] ✓ Storage safety (C:\Users\seegr\AppData\Local\Temp\pytest-of-seegr\pytest-16\test_engine_full_workflow_succ0\Movies): Free 51.04 GB >= Min 10.00 KB
[2026-09-08 08:38:57] [INFO    ] [av1_migrator:engine] Checking database for uncompleted/interrupted migration tasks from previous runs...
[2026-09-08 08:38:57] [INFO    ] [av1_migrator:engine] Startup recovery: Database is clean, no interrupted tasks found.
[2026-09-08 08:38:57] [INFO    ] [av1_migrator:engine] Starting media discovery and queue preparation...
[2026-09-08 08:38:57] [INFO    ] [av1_migrator:engine] Discovered 2 candidate files across media roots. Sorting by size (largest files first)...
[2026-09-08 08:38:57] [INFO    ] [av1_migrator:engine] Promoted Movie Large (2020) [AV1 1080p SDR CQ28].mkv.encoding.mkv to Movie Large (2020) [AV1 1080p SDR CQ28].mkv
[2026-09-08 08:38:57] [INFO    ] [av1_migrator:engine] Safely deleted original file: C:\Users\seegr\AppData\Local\Temp\pytest-of-seegr\pytest-16\test_engine_full_workflow_succ0\Movies\Movie Large (2020).mkv
[2026-09-08 08:38:57] [INFO    ] [av1_migrator:engine] Successfully migrated Movie Large (2020).mkv -> Movie Large (2020) [AV1 1080p SDR CQ28].mkv (48.83 KB -> 17 B, saved 48.81 KB)
[2026-09-08 08:38:58] [INFO    ] [av1_migrator:engine] === Migration Summary ===
[2026-09-08 08:38:58] [INFO    ] [av1_migrator:engine] Completed: 1
[2026-09-08 08:38:58] [INFO    ] [av1_migrator:engine] Failed:    0
[2026-09-08 08:38:58] [INFO    ] [av1_migrator:engine] Skipped:   0
[2026-09-08 08:38:58] [INFO    ] [av1_migrator:engine] Source:    48.83 KB
[2026-09-08 08:38:58] [INFO    ] [av1_migrator:engine] Output:    17 B
[2026-09-08 08:38:58] [INFO    ] [av1_migrator:engine] Saved:     48.81 KB (100.0%)
[2026-09-08 08:38:58] [INFO    ] [av1_migrator:engine] Checking database for uncompleted/interrupted migration tasks from previous runs...
[2026-09-08 08:38:58] [WARNING ] [av1_migrator:engine] Startup recovery: Found and resolved 1 interrupted tasks.
[2026-09-08 08:38:58] [INFO    ] [av1_migrator:engine]   - C:\Users\seegr\AppData\Local\Temp\pytest-of-seegr\pytest-16\test_engine_startup_recovery0\Movies\Movie Large (2020).mkv: reset_to_pending_for_retry (previous status: encoding, temp cleaned: True)
[2026-09-08 08:38:58] [INFO    ] [av1_migrator:engine] === Pre-flight System Checks ===
[2026-09-08 08:38:58] [INFO    ] [av1_migrator:engine] ✓ Python (3.14.3)
[2026-09-08 08:38:58] [INFO    ] [av1_migrator:engine] ✓ FFmpeg (C:\bin\ffmpeg.exe)
[2026-09-08 08:38:58] [INFO    ] [av1_migrator:engine] ✓ FFprobe (C:\bin\ffprobe.exe)
[2026-09-08 08:38:58] [INFO    ] [av1_migrator:engine] ✓ NVIDIA GPU (nvidia-smi detected)
[2026-09-08 08:38:58] [INFO    ] [av1_migrator:engine] ✓ AV1 NVENC encoder available
[2026-09-08 08:38:58] [INFO    ] [av1_migrator:engine] ✓ CUDA scaling (scale_cuda)
[2026-09-08 08:38:58] [INFO    ] [av1_migrator:engine] ✓ Media root: C:\Users\seegr\AppData\Local\Temp\pytest-of-seegr\pytest-16\test_engine_bloated_encode_pre0\Movies
[2026-09-08 08:38:58] [INFO    ] [av1_migrator:engine] ✓ Storage safety (C:\Users\seegr\AppData\Local\Temp\pytest-of-seegr\pytest-16\test_engine_bloated_encode_pre0\Movies): Free 51.04 GB >= Min 10.00 KB
[2026-09-08 08:38:58] [INFO    ] [av1_migrator:engine] Checking database for uncompleted/interrupted migration tasks from previous runs...
[2026-09-08 08:38:58] [INFO    ] [av1_migrator:engine] Startup recovery: Database is clean, no interrupted tasks found.
[2026-09-08 08:38:58] [INFO    ] [av1_migrator:engine] Starting media discovery and queue preparation...
[2026-09-08 08:38:58] [INFO    ] [av1_migrator:engine] Discovered 1 candidate files across media roots. Sorting by size (largest files first)...
[2026-09-08 08:38:58] [WARNING ] [av1_migrator:engine] Encoding bloated for Movie Small (2021).mkv: output (24.41 KB) is larger than or equal to original (9.77 KB). Prioritizing space: keeping smaller original and removing bloated output.
[2026-09-08 08:38:58] [INFO    ] [av1_migrator:engine] Removed bloated temporary output: C:\Users\seegr\AppData\Local\Temp\pytest-of-seegr\pytest-16\test_engine_bloated_encode_pre0\Movies\Movie Small (2021) [AV1 1080p SDR CQ28].mkv.encoding.mkv
[2026-09-08 08:38:59] [INFO    ] [av1_migrator:engine] === Migration Summary ===
[2026-09-08 08:38:59] [INFO    ] [av1_migrator:engine] Completed: 0
[2026-09-08 08:38:59] [INFO    ] [av1_migrator:engine] Failed:    0
[2026-09-08 08:38:59] [INFO    ] [av1_migrator:engine] Skipped:   1
[2026-09-08 08:38:59] [INFO    ] [av1_migrator:engine] Source:    0 B
[2026-09-08 08:38:59] [INFO    ] [av1_migrator:engine] Output:    0 B
[2026-09-08 08:38:59] [INFO    ] [av1_migrator:engine] Saved:     0 B (0.0%)
[2026-09-08 08:38:59] [INFO    ] [av1_migrator:engine] === Pre-flight System Checks ===
[2026-09-08 08:38:59] [INFO    ] [av1_migrator:engine] ✓ Python (3.14.3)
[2026-09-08 08:38:59] [INFO    ] [av1_migrator:engine] ✓ FFmpeg (C:\bin\ffmpeg.exe)
[2026-09-08 08:38:59] [INFO    ] [av1_migrator:engine] ✓ FFprobe (C:\bin\ffprobe.exe)
[2026-09-08 08:38:59] [INFO    ] [av1_migrator:engine] ✓ NVIDIA GPU (nvidia-smi detected)
[2026-09-08 08:38:59] [INFO    ] [av1_migrator:engine] ✓ AV1 NVENC encoder available
[2026-09-08 08:38:59] [INFO    ] [av1_migrator:engine] ✓ CUDA scaling (scale_cuda)
[2026-09-08 08:38:59] [INFO    ] [av1_migrator:engine] ✓ Media root: C:\Users\seegr\AppData\Local\Temp\pytest-of-seegr\pytest-16\test_engine_existing_bloated_o0\Movies
[2026-09-08 08:38:59] [INFO    ] [av1_migrator:engine] ✓ Storage safety (C:\Users\seegr\AppData\Local\Temp\pytest-of-seegr\pytest-16\test_engine_existing_bloated_o0\Movies): Free 51.04 GB >= Min 10.00 KB
[2026-09-08 08:38:59] [INFO    ] [av1_migrator:engine] Checking database for uncompleted/interrupted migration tasks from previous runs...
[2026-09-08 08:38:59] [INFO    ] [av1_migrator:engine] Startup recovery: Database is clean, no interrupted tasks found.
[2026-09-08 08:38:59] [INFO    ] [av1_migrator:engine] Starting media discovery and queue preparation...
[2026-09-08 08:38:59] [INFO    ] [av1_migrator:engine] Discovered 1 candidate files across media roots. Sorting by size (largest files first)...
[2026-09-08 08:38:59] [INFO    ] [av1_migrator:engine] Final output already exists on disk for Movie Small (2021).mkv. Validating existing output...
[2026-09-08 08:38:59] [WARNING ] [av1_migrator:engine] Existing output for Movie Small (2021).mkv is larger (29.30 KB) than or equal to original (9.77 KB). Prioritizing space: keeping smaller original and removing bloated output.
[2026-09-08 08:38:59] [INFO    ] [av1_migrator:engine] No eligible files to transcode in queue. All files up to date!
[2026-09-08 08:39:03] [INFO    ] [av1_migrator:engine] === Pre-flight System Checks ===
[2026-09-08 08:39:03] [INFO    ] [av1_migrator:engine] ✓ Python (3.14.3)
[2026-09-08 08:39:03] [INFO    ] [av1_migrator:engine] ✓ FFmpeg (C:\bin\ffmpeg.exe)
[2026-09-08 08:39:03] [INFO    ] [av1_migrator:engine] ✓ FFprobe (C:\bin\ffprobe.exe)
[2026-09-08 08:39:03] [INFO    ] [av1_migrator:engine] ✓ NVIDIA GPU (nvidia-smi detected)
[2026-09-08 08:39:03] [INFO    ] [av1_migrator:engine] ✓ AV1 NVENC encoder available
[2026-09-08 08:39:03] [INFO    ] [av1_migrator:engine] ✓ CUDA scaling (scale_cuda)
[2026-09-08 08:39:03] [INFO    ] [av1_migrator:engine] ✓ Media root: Y:\srv\storage\Movies
[2026-09-08 08:39:03] [INFO    ] [av1_migrator:engine] ✓ Media root: Y:\media\TVShows
[2026-09-08 08:39:03] [INFO    ] [av1_migrator:engine] ✓ Storage safety (Y:\srv\storage\Movies): Free 2.21 TB >= Min 1.00 TB
[2026-09-08 08:39:03] [INFO    ] [av1_migrator:engine] Checking database for uncompleted/interrupted migration tasks from previous runs...
[2026-09-08 08:39:03] [WARNING ] [av1_migrator:engine] Startup recovery: Found and resolved 1 interrupted tasks.
[2026-09-08 08:39:03] [INFO    ] [av1_migrator:engine]   - Y:\media\TVShows\King of the Hill (1997)\Featurettes\Season 2\Deleted and Extended Scenes\S02E05 - Jumpin' Crack Bass (It's a Gas, Gas, Gas).mkv: reset_to_pending_for_retry (previous status: encoding, temp cleaned: True)
[2026-09-08 08:39:03] [INFO    ] [av1_migrator:engine] Starting media discovery and queue preparation...
[2026-09-08 08:39:08] [INFO    ] [av1_migrator:engine] Discovered 7688 candidate files across media roots. Sorting by size (largest files first)...
[2026-09-08 08:39:19] [INFO    ] [av1_migrator:engine] === DRY RUN SUMMARY ===
[2026-09-08 08:39:19] [INFO    ] [av1_migrator:engine] 
DRY RUN SUMMARY:
  Eligible files to convert: 3
  Already AV1/Completed:     0
  Skipped (No Eng/etc):      12090
  Probe Errors:              0
  Total source size:         149.65 GB
  Estimated output size:     ~52.38 GB
  Estimated savings:         ~97.27 GB

[2026-09-08 08:40:25] [INFO    ] [av1_migrator:engine] === Pre-flight System Checks ===
[2026-09-08 08:40:25] [INFO    ] [av1_migrator:engine] ✓ Python (3.14.3)
[2026-09-08 08:40:25] [INFO    ] [av1_migrator:engine] ✓ FFmpeg (C:\bin\ffmpeg.exe)
[2026-09-08 08:40:25] [INFO    ] [av1_migrator:engine] ✓ FFprobe (C:\bin\ffprobe.exe)
[2026-09-08 08:40:25] [INFO    ] [av1_migrator:engine] ✓ NVIDIA GPU (nvidia-smi detected)
[2026-09-08 08:40:25] [INFO    ] [av1_migrator:engine] ✓ AV1 NVENC encoder available
[2026-09-08 08:40:25] [INFO    ] [av1_migrator:engine] ✓ CUDA scaling (scale_cuda)
[2026-09-08 08:40:25] [INFO    ] [av1_migrator:engine] ✓ Media root: Y:\srv\storage\Movies
[2026-09-08 08:40:25] [INFO    ] [av1_migrator:engine] ✓ Media root: Y:\media\TVShows
[2026-09-08 08:40:25] [INFO    ] [av1_migrator:engine] ✓ Storage safety (Y:\srv\storage\Movies): Free 2.21 TB >= Min 1.00 TB
[2026-09-08 08:40:25] [INFO    ] [av1_migrator:engine] Checking database for uncompleted/interrupted migration tasks from previous runs...
[2026-09-08 08:40:25] [INFO    ] [av1_migrator:engine] Startup recovery: Database is clean, no interrupted tasks found.
[2026-09-08 08:40:25] [INFO    ] [av1_migrator:engine] Starting media discovery and queue preparation...
[2026-09-08 08:40:28] [INFO    ] [av1_migrator:engine] Discovered 7688 candidate files across media roots. Sorting by size (largest files first)...
[2026-09-08 08:41:38] [INFO    ] [av1_migrator:engine] === Pre-flight System Checks ===
[2026-09-08 08:41:38] [INFO    ] [av1_migrator:engine] ✓ Python (3.14.3)
[2026-09-08 08:41:38] [INFO    ] [av1_migrator:engine] ✓ FFmpeg (C:\bin\ffmpeg.exe)
[2026-09-08 08:41:38] [INFO    ] [av1_migrator:engine] ✓ FFprobe (C:\bin\ffprobe.exe)
[2026-09-08 08:41:38] [INFO    ] [av1_migrator:engine] ✓ NVIDIA GPU (nvidia-smi detected)
[2026-09-08 08:41:38] [INFO    ] [av1_migrator:engine] ✓ AV1 NVENC encoder available
[2026-09-08 08:41:38] [INFO    ] [av1_migrator:engine] ✓ CUDA scaling (scale_cuda)
[2026-09-08 08:41:38] [INFO    ] [av1_migrator:engine] ✓ Media root: C:\Users\seegr\AppData\Local\Temp\pytest-of-seegr\pytest-17\test_engine_dry_run0\Movies
[2026-09-08 08:41:38] [INFO    ] [av1_migrator:engine] ✓ Storage safety (C:\Users\seegr\AppData\Local\Temp\pytest-of-seegr\pytest-17\test_engine_dry_run0\Movies): Free 51.03 GB >= Min 10.00 KB
[2026-09-08 08:41:38] [INFO    ] [av1_migrator:engine] Checking database for uncompleted/interrupted migration tasks from previous runs...
[2026-09-08 08:41:38] [INFO    ] [av1_migrator:engine] Startup recovery: Database is clean, no interrupted tasks found.
[2026-09-08 08:41:38] [INFO    ] [av1_migrator:engine] Starting media discovery and queue preparation...
[2026-09-08 08:41:38] [INFO    ] [av1_migrator:engine] Discovered 2 candidate files across media roots. Sorting by size (largest files first)...
[2026-09-08 08:41:38] [INFO    ] [av1_migrator:engine] === DRY RUN SUMMARY ===
[2026-09-08 08:41:38] [INFO    ] [av1_migrator:engine] 
DRY RUN SUMMARY:
  Eligible files to convert: 2
  Already AV1/Completed:     0
  Skipped (No Eng/etc):      0
  Probe Errors:              0
  Total source size:         58.59 KB
  Estimated output size:     ~20.51 KB
  Estimated savings:         ~38.09 KB

[2026-09-08 08:41:38] [INFO    ] [av1_migrator:engine] === Pre-flight System Checks ===
[2026-09-08 08:41:38] [INFO    ] [av1_migrator:engine] ✓ Python (3.14.3)
[2026-09-08 08:41:38] [INFO    ] [av1_migrator:engine] ✓ FFmpeg (C:\bin\ffmpeg.exe)
[2026-09-08 08:41:38] [INFO    ] [av1_migrator:engine] ✓ FFprobe (C:\bin\ffprobe.exe)
[2026-09-08 08:41:38] [INFO    ] [av1_migrator:engine] ✓ NVIDIA GPU (nvidia-smi detected)
[2026-09-08 08:41:38] [INFO    ] [av1_migrator:engine] ✓ AV1 NVENC encoder available
[2026-09-08 08:41:38] [INFO    ] [av1_migrator:engine] ✓ CUDA scaling (scale_cuda)
[2026-09-08 08:41:38] [INFO    ] [av1_migrator:engine] ✓ Media root: C:\Users\seegr\AppData\Local\Temp\pytest-of-seegr\pytest-17\test_engine_dry_run_smallest_f0\Movies
[2026-09-08 08:41:38] [INFO    ] [av1_migrator:engine] ✓ Storage safety (C:\Users\seegr\AppData\Local\Temp\pytest-of-seegr\pytest-17\test_engine_dry_run_smallest_f0\Movies): Free 51.03 GB >= Min 10.00 KB
[2026-09-08 08:41:38] [INFO    ] [av1_migrator:engine] Checking database for uncompleted/interrupted migration tasks from previous runs...
[2026-09-08 08:41:38] [INFO    ] [av1_migrator:engine] Startup recovery: Database is clean, no interrupted tasks found.
[2026-09-08 08:41:38] [INFO    ] [av1_migrator:engine] Starting media discovery and queue preparation...
[2026-09-08 08:41:38] [INFO    ] [av1_migrator:engine] Discovered 2 candidate files across media roots. Sorting by size (smallest files first)...
[2026-09-08 08:41:38] [INFO    ] [av1_migrator:engine] === DRY RUN SUMMARY ===
[2026-09-08 08:41:38] [INFO    ] [av1_migrator:engine] 
DRY RUN SUMMARY:
  Eligible files to convert: 2
  Already AV1/Completed:     0
  Skipped (No Eng/etc):      0
  Probe Errors:              0
  Total source size:         58.59 KB
  Estimated output size:     ~20.51 KB
  Estimated savings:         ~38.09 KB

[2026-09-08 08:41:38] [INFO    ] [av1_migrator:engine] === Pre-flight System Checks ===
[2026-09-08 08:41:38] [INFO    ] [av1_migrator:engine] ✓ Python (3.14.3)
[2026-09-08 08:41:38] [INFO    ] [av1_migrator:engine] ✓ FFmpeg (C:\bin\ffmpeg.exe)
[2026-09-08 08:41:38] [INFO    ] [av1_migrator:engine] ✓ FFprobe (C:\bin\ffprobe.exe)
[2026-09-08 08:41:38] [INFO    ] [av1_migrator:engine] ✓ NVIDIA GPU (nvidia-smi detected)
[2026-09-08 08:41:38] [INFO    ] [av1_migrator:engine] ✓ AV1 NVENC encoder available
[2026-09-08 08:41:38] [INFO    ] [av1_migrator:engine] ✓ CUDA scaling (scale_cuda)
[2026-09-08 08:41:38] [INFO    ] [av1_migrator:engine] ✓ Media root: C:\Users\seegr\AppData\Local\Temp\pytest-of-seegr\pytest-17\test_engine_full_workflow_succ0\Movies
[2026-09-08 08:41:38] [INFO    ] [av1_migrator:engine] ✓ Storage safety (C:\Users\seegr\AppData\Local\Temp\pytest-of-seegr\pytest-17\test_engine_full_workflow_succ0\Movies): Free 51.03 GB >= Min 10.00 KB
[2026-09-08 08:41:38] [INFO    ] [av1_migrator:engine] Checking database for uncompleted/interrupted migration tasks from previous runs...
[2026-09-08 08:41:38] [INFO    ] [av1_migrator:engine] Startup recovery: Database is clean, no interrupted tasks found.
[2026-09-08 08:41:38] [INFO    ] [av1_migrator:engine] Starting media discovery and queue preparation...
[2026-09-08 08:41:38] [INFO    ] [av1_migrator:engine] Discovered 2 candidate files across media roots. Sorting by size (largest files first)...
[2026-09-08 08:41:38] [INFO    ] [av1_migrator:engine] Promoted Movie Large (2020) [AV1 1080p SDR CQ28].mkv.encoding.mkv to Movie Large (2020) [AV1 1080p SDR CQ28].mkv
[2026-09-08 08:41:38] [INFO    ] [av1_migrator:engine] Safely deleted original file: C:\Users\seegr\AppData\Local\Temp\pytest-of-seegr\pytest-17\test_engine_full_workflow_succ0\Movies\Movie Large (2020).mkv
[2026-09-08 08:41:38] [INFO    ] [av1_migrator:engine] Successfully migrated Movie Large (2020).mkv -> Movie Large (2020) [AV1 1080p SDR CQ28].mkv (48.83 KB -> 17 B, saved 48.81 KB)
[2026-09-08 08:41:39] [INFO    ] [av1_migrator:engine] === Migration Summary ===
[2026-09-08 08:41:39] [INFO    ] [av1_migrator:engine] Completed: 1
[2026-09-08 08:41:39] [INFO    ] [av1_migrator:engine] Failed:    0
[2026-09-08 08:41:39] [INFO    ] [av1_migrator:engine] Skipped:   0
[2026-09-08 08:41:39] [INFO    ] [av1_migrator:engine] Source:    48.83 KB
[2026-09-08 08:41:39] [INFO    ] [av1_migrator:engine] Output:    17 B
[2026-09-08 08:41:39] [INFO    ] [av1_migrator:engine] Saved:     48.81 KB (100.0%)
[2026-09-08 08:41:39] [INFO    ] [av1_migrator:engine] Checking database for uncompleted/interrupted migration tasks from previous runs...
[2026-09-08 08:41:39] [WARNING ] [av1_migrator:engine] Startup recovery: Found and resolved 1 interrupted tasks.
[2026-09-08 08:41:39] [INFO    ] [av1_migrator:engine]   - C:\Users\seegr\AppData\Local\Temp\pytest-of-seegr\pytest-17\test_engine_startup_recovery0\Movies\Movie Large (2020).mkv: reset_to_pending_for_retry (previous status: encoding, temp cleaned: True)
[2026-09-08 08:41:39] [INFO    ] [av1_migrator:engine] === Pre-flight System Checks ===
[2026-09-08 08:41:39] [INFO    ] [av1_migrator:engine] ✓ Python (3.14.3)
[2026-09-08 08:41:39] [INFO    ] [av1_migrator:engine] ✓ FFmpeg (C:\bin\ffmpeg.exe)
[2026-09-08 08:41:39] [INFO    ] [av1_migrator:engine] ✓ FFprobe (C:\bin\ffprobe.exe)
[2026-09-08 08:41:39] [INFO    ] [av1_migrator:engine] ✓ NVIDIA GPU (nvidia-smi detected)
[2026-09-08 08:41:39] [INFO    ] [av1_migrator:engine] ✓ AV1 NVENC encoder available
[2026-09-08 08:41:39] [INFO    ] [av1_migrator:engine] ✓ CUDA scaling (scale_cuda)
[2026-09-08 08:41:39] [INFO    ] [av1_migrator:engine] ✓ Media root: C:\Users\seegr\AppData\Local\Temp\pytest-of-seegr\pytest-17\test_engine_bloated_encode_pre0\Movies
[2026-09-08 08:41:39] [INFO    ] [av1_migrator:engine] ✓ Storage safety (C:\Users\seegr\AppData\Local\Temp\pytest-of-seegr\pytest-17\test_engine_bloated_encode_pre0\Movies): Free 51.03 GB >= Min 10.00 KB
[2026-09-08 08:41:39] [INFO    ] [av1_migrator:engine] Checking database for uncompleted/interrupted migration tasks from previous runs...
[2026-09-08 08:41:39] [INFO    ] [av1_migrator:engine] Startup recovery: Database is clean, no interrupted tasks found.
[2026-09-08 08:41:39] [INFO    ] [av1_migrator:engine] Starting media discovery and queue preparation...
[2026-09-08 08:41:39] [INFO    ] [av1_migrator:engine] Discovered 1 candidate files across media roots. Sorting by size (largest files first)...
[2026-09-08 08:41:39] [WARNING ] [av1_migrator:engine] Encoding bloated for Movie Small (2021).mkv: output (24.41 KB) is larger than or equal to original (9.77 KB). Prioritizing space: keeping smaller original and removing bloated output.
[2026-09-08 08:41:39] [INFO    ] [av1_migrator:engine] Removed bloated temporary output: C:\Users\seegr\AppData\Local\Temp\pytest-of-seegr\pytest-17\test_engine_bloated_encode_pre0\Movies\Movie Small (2021) [AV1 1080p SDR CQ28].mkv.encoding.mkv
[2026-09-08 08:41:40] [INFO    ] [av1_migrator:engine] === Migration Summary ===
[2026-09-08 08:41:40] [INFO    ] [av1_migrator:engine] Completed: 0
[2026-09-08 08:41:40] [INFO    ] [av1_migrator:engine] Failed:    0
[2026-09-08 08:41:40] [INFO    ] [av1_migrator:engine] Skipped:   1
[2026-09-08 08:41:40] [INFO    ] [av1_migrator:engine] Source:    0 B
[2026-09-08 08:41:40] [INFO    ] [av1_migrator:engine] Output:    0 B
[2026-09-08 08:41:40] [INFO    ] [av1_migrator:engine] Saved:     0 B (0.0%)
[2026-09-08 08:41:40] [INFO    ] [av1_migrator:engine] === Pre-flight System Checks ===
[2026-09-08 08:41:40] [INFO    ] [av1_migrator:engine] ✓ Python (3.14.3)
[2026-09-08 08:41:40] [INFO    ] [av1_migrator:engine] ✓ FFmpeg (C:\bin\ffmpeg.exe)
[2026-09-08 08:41:40] [INFO    ] [av1_migrator:engine] ✓ FFprobe (C:\bin\ffprobe.exe)
[2026-09-08 08:41:40] [INFO    ] [av1_migrator:engine] ✓ NVIDIA GPU (nvidia-smi detected)
[2026-09-08 08:41:40] [INFO    ] [av1_migrator:engine] ✓ AV1 NVENC encoder available
[2026-09-08 08:41:40] [INFO    ] [av1_migrator:engine] ✓ CUDA scaling (scale_cuda)
[2026-09-08 08:41:40] [INFO    ] [av1_migrator:engine] ✓ Media root: C:\Users\seegr\AppData\Local\Temp\pytest-of-seegr\pytest-17\test_engine_existing_bloated_o0\Movies
[2026-09-08 08:41:40] [INFO    ] [av1_migrator:engine] ✓ Storage safety (C:\Users\seegr\AppData\Local\Temp\pytest-of-seegr\pytest-17\test_engine_existing_bloated_o0\Movies): Free 51.03 GB >= Min 10.00 KB
[2026-09-08 08:41:40] [INFO    ] [av1_migrator:engine] Checking database for uncompleted/interrupted migration tasks from previous runs...
[2026-09-08 08:41:40] [INFO    ] [av1_migrator:engine] Startup recovery: Database is clean, no interrupted tasks found.
[2026-09-08 08:41:40] [INFO    ] [av1_migrator:engine] Starting media discovery and queue preparation...
[2026-09-08 08:41:40] [INFO    ] [av1_migrator:engine] Discovered 1 candidate files across media roots. Sorting by size (largest files first)...
[2026-09-08 08:41:40] [INFO    ] [av1_migrator:engine] Final output already exists on disk for Movie Small (2021).mkv. Validating existing output...
[2026-09-08 08:41:40] [WARNING ] [av1_migrator:engine] Existing output for Movie Small (2021).mkv is larger (29.30 KB) than or equal to original (9.77 KB). Prioritizing space: keeping smaller original and removing bloated output.
[2026-09-08 08:41:40] [INFO    ] [av1_migrator:engine] No eligible files to transcode in queue. All files up to date!
[2026-09-08 08:43:27] [INFO    ] [av1_migrator:engine] === Pre-flight System Checks ===
[2026-09-08 08:43:27] [INFO    ] [av1_migrator:engine] ✓ Python (3.14.3)
[2026-09-08 08:43:27] [INFO    ] [av1_migrator:engine] ✓ FFmpeg (C:\bin\ffmpeg.exe)
[2026-09-08 08:43:27] [INFO    ] [av1_migrator:engine] ✓ FFprobe (C:\bin\ffprobe.exe)
[2026-09-08 08:43:27] [INFO    ] [av1_migrator:engine] ✓ NVIDIA GPU (nvidia-smi detected)
[2026-09-08 08:43:27] [INFO    ] [av1_migrator:engine] ✓ AV1 NVENC encoder available
[2026-09-08 08:43:27] [INFO    ] [av1_migrator:engine] ✓ CUDA scaling (scale_cuda)
[2026-09-08 08:43:27] [INFO    ] [av1_migrator:engine] ✓ Media root: C:\Users\seegr\AppData\Local\Temp\pytest-of-seegr\pytest-18\test_engine_dry_run0\Movies
[2026-09-08 08:43:27] [INFO    ] [av1_migrator:engine] ✓ Storage safety (C:\Users\seegr\AppData\Local\Temp\pytest-of-seegr\pytest-18\test_engine_dry_run0\Movies): Free 51.03 GB >= Min 10.00 KB
[2026-09-08 08:43:27] [INFO    ] [av1_migrator:engine] Checking database for uncompleted/interrupted migration tasks from previous runs...
[2026-09-08 08:43:27] [INFO    ] [av1_migrator:engine] Startup recovery: Database is clean, no interrupted tasks found.
[2026-09-08 08:43:27] [INFO    ] [av1_migrator:engine] Starting media discovery and queue preparation...
[2026-09-08 08:43:27] [INFO    ] [av1_migrator:engine] Discovered 2 candidate files across media roots. Sorting by size (largest files first)...
[2026-09-08 08:43:27] [INFO    ] [av1_migrator:engine] === DRY RUN SUMMARY ===
[2026-09-08 08:43:27] [INFO    ] [av1_migrator:engine] 
DRY RUN SUMMARY:
  Eligible files to convert: 2
  Already AV1/Completed:     0
  Skipped (No Eng/etc):      0
  Probe Errors:              0
  Total source size:         58.59 KB
  Estimated output size:     ~20.51 KB
  Estimated savings:         ~38.09 KB

[2026-09-08 08:43:27] [INFO    ] [av1_migrator:engine] === Pre-flight System Checks ===
[2026-09-08 08:43:27] [INFO    ] [av1_migrator:engine] ✓ Python (3.14.3)
[2026-09-08 08:43:27] [INFO    ] [av1_migrator:engine] ✓ FFmpeg (C:\bin\ffmpeg.exe)
[2026-09-08 08:43:27] [INFO    ] [av1_migrator:engine] ✓ FFprobe (C:\bin\ffprobe.exe)
[2026-09-08 08:43:27] [INFO    ] [av1_migrator:engine] ✓ NVIDIA GPU (nvidia-smi detected)
[2026-09-08 08:43:27] [INFO    ] [av1_migrator:engine] ✓ AV1 NVENC encoder available
[2026-09-08 08:43:27] [INFO    ] [av1_migrator:engine] ✓ CUDA scaling (scale_cuda)
[2026-09-08 08:43:27] [INFO    ] [av1_migrator:engine] ✓ Media root: C:\Users\seegr\AppData\Local\Temp\pytest-of-seegr\pytest-18\test_engine_dry_run_smallest_f0\Movies
[2026-09-08 08:43:27] [INFO    ] [av1_migrator:engine] ✓ Storage safety (C:\Users\seegr\AppData\Local\Temp\pytest-of-seegr\pytest-18\test_engine_dry_run_smallest_f0\Movies): Free 51.03 GB >= Min 10.00 KB
[2026-09-08 08:43:27] [INFO    ] [av1_migrator:engine] Checking database for uncompleted/interrupted migration tasks from previous runs...
[2026-09-08 08:43:27] [INFO    ] [av1_migrator:engine] Startup recovery: Database is clean, no interrupted tasks found.
[2026-09-08 08:43:27] [INFO    ] [av1_migrator:engine] Starting media discovery and queue preparation...
[2026-09-08 08:43:27] [INFO    ] [av1_migrator:engine] Discovered 2 candidate files across media roots. Sorting by size (smallest files first)...
[2026-09-08 08:43:27] [INFO    ] [av1_migrator:engine] === DRY RUN SUMMARY ===
[2026-09-08 08:43:27] [INFO    ] [av1_migrator:engine] 
DRY RUN SUMMARY:
  Eligible files to convert: 2
  Already AV1/Completed:     0
  Skipped (No Eng/etc):      0
  Probe Errors:              0
  Total source size:         58.59 KB
  Estimated output size:     ~20.51 KB
  Estimated savings:         ~38.09 KB

[2026-09-08 08:43:27] [INFO    ] [av1_migrator:engine] === Pre-flight System Checks ===
[2026-09-08 08:43:27] [INFO    ] [av1_migrator:engine] ✓ Python (3.14.3)
[2026-09-08 08:43:27] [INFO    ] [av1_migrator:engine] ✓ FFmpeg (C:\bin\ffmpeg.exe)
[2026-09-08 08:43:27] [INFO    ] [av1_migrator:engine] ✓ FFprobe (C:\bin\ffprobe.exe)
[2026-09-08 08:43:27] [INFO    ] [av1_migrator:engine] ✓ NVIDIA GPU (nvidia-smi detected)
[2026-09-08 08:43:27] [INFO    ] [av1_migrator:engine] ✓ AV1 NVENC encoder available
[2026-09-08 08:43:27] [INFO    ] [av1_migrator:engine] ✓ CUDA scaling (scale_cuda)
[2026-09-08 08:43:27] [INFO    ] [av1_migrator:engine] ✓ Media root: C:\Users\seegr\AppData\Local\Temp\pytest-of-seegr\pytest-18\test_engine_full_workflow_succ0\Movies
[2026-09-08 08:43:27] [INFO    ] [av1_migrator:engine] ✓ Storage safety (C:\Users\seegr\AppData\Local\Temp\pytest-of-seegr\pytest-18\test_engine_full_workflow_succ0\Movies): Free 51.03 GB >= Min 10.00 KB
[2026-09-08 08:43:27] [INFO    ] [av1_migrator:engine] Checking database for uncompleted/interrupted migration tasks from previous runs...
[2026-09-08 08:43:27] [INFO    ] [av1_migrator:engine] Startup recovery: Database is clean, no interrupted tasks found.
[2026-09-08 08:43:27] [INFO    ] [av1_migrator:engine] Starting media discovery and queue preparation...
[2026-09-08 08:43:27] [INFO    ] [av1_migrator:engine] Discovered 2 candidate files across media roots. Sorting by size (largest files first)...
[2026-09-08 08:43:28] [WARNING ] [av1_migrator:optimizer] Sample transcode test failed for Movie Large (2020).mkv: put file C:\Users\seegr\AppData\Local\Temp\pytest-of-seegr\pytest-18\test_engine_full_workflow_succ0\Movies\Movie Large (2020).mkv.
Error opening input files: Invalid data found when processing input

[2026-09-08 08:43:28] [INFO    ] [av1_migrator:engine] Pre-encode check passed for Movie Large (2020).mkv: Sample test failed, defaulting to full encode
[2026-09-08 08:43:28] [INFO    ] [av1_migrator:engine] Promoted Movie Large (2020) [AV1 1080p SDR CQ28].mkv.encoding.mkv to Movie Large (2020) [AV1 1080p SDR CQ28].mkv
[2026-09-08 08:43:28] [INFO    ] [av1_migrator:engine] Safely deleted original file: C:\Users\seegr\AppData\Local\Temp\pytest-of-seegr\pytest-18\test_engine_full_workflow_succ0\Movies\Movie Large (2020).mkv
[2026-09-08 08:43:28] [INFO    ] [av1_migrator:engine] Successfully migrated Movie Large (2020).mkv -> Movie Large (2020) [AV1 1080p SDR CQ28].mkv (48.83 KB -> 17 B, saved 48.81 KB)
[2026-09-08 08:43:29] [INFO    ] [av1_migrator:engine] === Migration Summary ===
[2026-09-08 08:43:29] [INFO    ] [av1_migrator:engine] Completed: 1
[2026-09-08 08:43:29] [INFO    ] [av1_migrator:engine] Failed:    0
[2026-09-08 08:43:29] [INFO    ] [av1_migrator:engine] Skipped:   0
[2026-09-08 08:43:29] [INFO    ] [av1_migrator:engine] Source:    48.83 KB
[2026-09-08 08:43:29] [INFO    ] [av1_migrator:engine] Output:    17 B
[2026-09-08 08:43:29] [INFO    ] [av1_migrator:engine] Saved:     48.81 KB (100.0%)
[2026-09-08 08:43:29] [INFO    ] [av1_migrator:engine] Checking database for uncompleted/interrupted migration tasks from previous runs...
[2026-09-08 08:43:29] [WARNING ] [av1_migrator:engine] Startup recovery: Found and resolved 1 interrupted tasks.
[2026-09-08 08:43:29] [INFO    ] [av1_migrator:engine]   - C:\Users\seegr\AppData\Local\Temp\pytest-of-seegr\pytest-18\test_engine_startup_recovery0\Movies\Movie Large (2020).mkv: reset_to_pending_for_retry (previous status: encoding, temp cleaned: True)
[2026-09-08 08:43:29] [INFO    ] [av1_migrator:engine] === Pre-flight System Checks ===
[2026-09-08 08:43:29] [INFO    ] [av1_migrator:engine] ✓ Python (3.14.3)
[2026-09-08 08:43:29] [INFO    ] [av1_migrator:engine] ✓ FFmpeg (C:\bin\ffmpeg.exe)
[2026-09-08 08:43:29] [INFO    ] [av1_migrator:engine] ✓ FFprobe (C:\bin\ffprobe.exe)
[2026-09-08 08:43:29] [INFO    ] [av1_migrator:engine] ✓ NVIDIA GPU (nvidia-smi detected)
[2026-09-08 08:43:29] [INFO    ] [av1_migrator:engine] ✓ AV1 NVENC encoder available
[2026-09-08 08:43:29] [INFO    ] [av1_migrator:engine] ✓ CUDA scaling (scale_cuda)
[2026-09-08 08:43:29] [INFO    ] [av1_migrator:engine] ✓ Media root: C:\Users\seegr\AppData\Local\Temp\pytest-of-seegr\pytest-18\test_engine_bloated_encode_pre0\Movies
[2026-09-08 08:43:29] [INFO    ] [av1_migrator:engine] ✓ Storage safety (C:\Users\seegr\AppData\Local\Temp\pytest-of-seegr\pytest-18\test_engine_bloated_encode_pre0\Movies): Free 51.03 GB >= Min 10.00 KB
[2026-09-08 08:43:29] [INFO    ] [av1_migrator:engine] Checking database for uncompleted/interrupted migration tasks from previous runs...
[2026-09-08 08:43:29] [INFO    ] [av1_migrator:engine] Startup recovery: Database is clean, no interrupted tasks found.
[2026-09-08 08:43:29] [INFO    ] [av1_migrator:engine] Starting media discovery and queue preparation...
[2026-09-08 08:43:29] [INFO    ] [av1_migrator:engine] Discovered 1 candidate files across media roots. Sorting by size (largest files first)...
[2026-09-08 08:43:29] [WARNING ] [av1_migrator:optimizer] Sample transcode test failed for Movie Small (2021).mkv: put file C:\Users\seegr\AppData\Local\Temp\pytest-of-seegr\pytest-18\test_engine_bloated_encode_pre0\Movies\Movie Small (2021).mkv.
Error opening input files: Invalid data found when processing input

[2026-09-08 08:43:29] [INFO    ] [av1_migrator:engine] Pre-encode check passed for Movie Small (2021).mkv: Sample test failed, defaulting to full encode
[2026-09-08 08:43:29] [WARNING ] [av1_migrator:engine] Encoding bloated for Movie Small (2021).mkv: output (24.41 KB) is larger than or equal to original (9.77 KB). Prioritizing space: keeping smaller original and removing bloated output.
[2026-09-08 08:43:29] [INFO    ] [av1_migrator:engine] Removed bloated temporary output: C:\Users\seegr\AppData\Local\Temp\pytest-of-seegr\pytest-18\test_engine_bloated_encode_pre0\Movies\Movie Small (2021) [AV1 1080p SDR CQ28].mkv.encoding.mkv
[2026-09-08 08:43:30] [INFO    ] [av1_migrator:engine] === Migration Summary ===
[2026-09-08 08:43:30] [INFO    ] [av1_migrator:engine] Completed: 0
[2026-09-08 08:43:30] [INFO    ] [av1_migrator:engine] Failed:    0
[2026-09-08 08:43:30] [INFO    ] [av1_migrator:engine] Skipped:   1
[2026-09-08 08:43:30] [INFO    ] [av1_migrator:engine] Source:    0 B
[2026-09-08 08:43:30] [INFO    ] [av1_migrator:engine] Output:    0 B
[2026-09-08 08:43:30] [INFO    ] [av1_migrator:engine] Saved:     0 B (0.0%)
[2026-09-08 08:43:30] [INFO    ] [av1_migrator:engine] === Pre-flight System Checks ===
[2026-09-08 08:43:30] [INFO    ] [av1_migrator:engine] ✓ Python (3.14.3)
[2026-09-08 08:43:30] [INFO    ] [av1_migrator:engine] ✓ FFmpeg (C:\bin\ffmpeg.exe)
[2026-09-08 08:43:30] [INFO    ] [av1_migrator:engine] ✓ FFprobe (C:\bin\ffprobe.exe)
[2026-09-08 08:43:30] [INFO    ] [av1_migrator:engine] ✓ NVIDIA GPU (nvidia-smi detected)
[2026-09-08 08:43:30] [INFO    ] [av1_migrator:engine] ✓ AV1 NVENC encoder available
[2026-09-08 08:43:30] [INFO    ] [av1_migrator:engine] ✓ CUDA scaling (scale_cuda)
[2026-09-08 08:43:30] [INFO    ] [av1_migrator:engine] ✓ Media root: C:\Users\seegr\AppData\Local\Temp\pytest-of-seegr\pytest-18\test_engine_existing_bloated_o0\Movies
[2026-09-08 08:43:30] [INFO    ] [av1_migrator:engine] ✓ Storage safety (C:\Users\seegr\AppData\Local\Temp\pytest-of-seegr\pytest-18\test_engine_existing_bloated_o0\Movies): Free 51.03 GB >= Min 10.00 KB
[2026-09-08 08:43:30] [INFO    ] [av1_migrator:engine] Checking database for uncompleted/interrupted migration tasks from previous runs...
[2026-09-08 08:43:30] [INFO    ] [av1_migrator:engine] Startup recovery: Database is clean, no interrupted tasks found.
[2026-09-08 08:43:30] [INFO    ] [av1_migrator:engine] Starting media discovery and queue preparation...
[2026-09-08 08:43:30] [INFO    ] [av1_migrator:engine] Discovered 1 candidate files across media roots. Sorting by size (largest files first)...
[2026-09-08 08:43:30] [INFO    ] [av1_migrator:engine] Final output already exists on disk for Movie Small (2021).mkv. Validating existing output...
[2026-09-08 08:43:30] [WARNING ] [av1_migrator:engine] Existing output for Movie Small (2021).mkv is larger (29.30 KB) than or equal to original (9.77 KB). Prioritizing space: keeping smaller original and removing bloated output.
[2026-09-08 08:43:30] [INFO    ] [av1_migrator:engine] No eligible files to transcode in queue. All files up to date!
[2026-09-08 08:44:15] [INFO    ] [av1_migrator:engine] === Pre-flight System Checks ===
[2026-09-08 08:44:15] [INFO    ] [av1_migrator:engine] ✓ Python (3.14.3)
[2026-09-08 08:44:15] [INFO    ] [av1_migrator:engine] ✓ FFmpeg (C:\bin\ffmpeg.exe)
[2026-09-08 08:44:15] [INFO    ] [av1_migrator:engine] ✓ FFprobe (C:\bin\ffprobe.exe)
[2026-09-08 08:44:15] [INFO    ] [av1_migrator:engine] ✓ NVIDIA GPU (nvidia-smi detected)
[2026-09-08 08:44:15] [INFO    ] [av1_migrator:engine] ✓ AV1 NVENC encoder available
[2026-09-08 08:44:15] [INFO    ] [av1_migrator:engine] ✓ CUDA scaling (scale_cuda)
[2026-09-08 08:44:15] [INFO    ] [av1_migrator:engine] ✓ Media root: C:\Users\seegr\AppData\Local\Temp\pytest-of-seegr\pytest-19\test_engine_dry_run0\Movies
[2026-09-08 08:44:15] [INFO    ] [av1_migrator:engine] ✓ Storage safety (C:\Users\seegr\AppData\Local\Temp\pytest-of-seegr\pytest-19\test_engine_dry_run0\Movies): Free 50.55 GB >= Min 10.00 KB
[2026-09-08 08:44:15] [INFO    ] [av1_migrator:engine] Checking database for uncompleted/interrupted migration tasks from previous runs...
[2026-09-08 08:44:15] [INFO    ] [av1_migrator:engine] Startup recovery: Database is clean, no interrupted tasks found.
[2026-09-08 08:44:15] [INFO    ] [av1_migrator:engine] Starting media discovery and queue preparation...
[2026-09-08 08:44:15] [INFO    ] [av1_migrator:engine] Discovered 2 candidate files across media roots. Sorting by size (largest files first)...
[2026-09-08 08:44:15] [INFO    ] [av1_migrator:engine] === DRY RUN SUMMARY ===
[2026-09-08 08:44:15] [INFO    ] [av1_migrator:engine] 
DRY RUN SUMMARY:
  Eligible files to convert: 2
  Already AV1/Completed:     0
  Skipped (No Eng/etc):      0
  Probe Errors:              0
  Total source size:         58.59 KB
  Estimated output size:     ~20.51 KB
  Estimated savings:         ~38.09 KB

[2026-09-08 08:44:15] [INFO    ] [av1_migrator:engine] === Pre-flight System Checks ===
[2026-09-08 08:44:15] [INFO    ] [av1_migrator:engine] ✓ Python (3.14.3)
[2026-09-08 08:44:15] [INFO    ] [av1_migrator:engine] ✓ FFmpeg (C:\bin\ffmpeg.exe)
[2026-09-08 08:44:15] [INFO    ] [av1_migrator:engine] ✓ FFprobe (C:\bin\ffprobe.exe)
[2026-09-08 08:44:15] [INFO    ] [av1_migrator:engine] ✓ NVIDIA GPU (nvidia-smi detected)
[2026-09-08 08:44:15] [INFO    ] [av1_migrator:engine] ✓ AV1 NVENC encoder available
[2026-09-08 08:44:15] [INFO    ] [av1_migrator:engine] ✓ CUDA scaling (scale_cuda)
[2026-09-08 08:44:15] [INFO    ] [av1_migrator:engine] ✓ Media root: C:\Users\seegr\AppData\Local\Temp\pytest-of-seegr\pytest-19\test_engine_dry_run_smallest_f0\Movies
[2026-09-08 08:44:15] [INFO    ] [av1_migrator:engine] ✓ Storage safety (C:\Users\seegr\AppData\Local\Temp\pytest-of-seegr\pytest-19\test_engine_dry_run_smallest_f0\Movies): Free 50.55 GB >= Min 10.00 KB
[2026-09-08 08:44:15] [INFO    ] [av1_migrator:engine] Checking database for uncompleted/interrupted migration tasks from previous runs...
[2026-09-08 08:44:15] [INFO    ] [av1_migrator:engine] Startup recovery: Database is clean, no interrupted tasks found.
[2026-09-08 08:44:15] [INFO    ] [av1_migrator:engine] Starting media discovery and queue preparation...
[2026-09-08 08:44:15] [INFO    ] [av1_migrator:engine] Discovered 2 candidate files across media roots. Sorting by size (smallest files first)...
[2026-09-08 08:44:15] [INFO    ] [av1_migrator:engine] === DRY RUN SUMMARY ===
[2026-09-08 08:44:15] [INFO    ] [av1_migrator:engine] 
DRY RUN SUMMARY:
  Eligible files to convert: 2
  Already AV1/Completed:     0
  Skipped (No Eng/etc):      0
  Probe Errors:              0
  Total source size:         58.59 KB
  Estimated output size:     ~20.51 KB
  Estimated savings:         ~38.09 KB

[2026-09-08 08:44:15] [INFO    ] [av1_migrator:engine] === Pre-flight System Checks ===
[2026-09-08 08:44:15] [INFO    ] [av1_migrator:engine] ✓ Python (3.14.3)
[2026-09-08 08:44:15] [INFO    ] [av1_migrator:engine] ✓ FFmpeg (C:\bin\ffmpeg.exe)
[2026-09-08 08:44:15] [INFO    ] [av1_migrator:engine] ✓ FFprobe (C:\bin\ffprobe.exe)
[2026-09-08 08:44:15] [INFO    ] [av1_migrator:engine] ✓ NVIDIA GPU (nvidia-smi detected)
[2026-09-08 08:44:15] [INFO    ] [av1_migrator:engine] ✓ AV1 NVENC encoder available
[2026-09-08 08:44:15] [INFO    ] [av1_migrator:engine] ✓ CUDA scaling (scale_cuda)
[2026-09-08 08:44:15] [INFO    ] [av1_migrator:engine] ✓ Media root: C:\Users\seegr\AppData\Local\Temp\pytest-of-seegr\pytest-19\test_engine_full_workflow_succ0\Movies
[2026-09-08 08:44:15] [INFO    ] [av1_migrator:engine] ✓ Storage safety (C:\Users\seegr\AppData\Local\Temp\pytest-of-seegr\pytest-19\test_engine_full_workflow_succ0\Movies): Free 50.55 GB >= Min 10.00 KB
[2026-09-08 08:44:15] [INFO    ] [av1_migrator:engine] Checking database for uncompleted/interrupted migration tasks from previous runs...
[2026-09-08 08:44:15] [INFO    ] [av1_migrator:engine] Startup recovery: Database is clean, no interrupted tasks found.
[2026-09-08 08:44:15] [INFO    ] [av1_migrator:engine] Starting media discovery and queue preparation...
[2026-09-08 08:44:15] [INFO    ] [av1_migrator:engine] Discovered 2 candidate files across media roots. Sorting by size (largest files first)...
[2026-09-08 08:44:16] [WARNING ] [av1_migrator:optimizer] Sample transcode test failed for Movie Large (2020).mkv: put file C:\Users\seegr\AppData\Local\Temp\pytest-of-seegr\pytest-19\test_engine_full_workflow_succ0\Movies\Movie Large (2020).mkv.
Error opening input files: Invalid data found when processing input

[2026-09-08 08:44:16] [INFO    ] [av1_migrator:engine] Pre-encode check passed for Movie Large (2020).mkv: Sample test failed, defaulting to full encode
[2026-09-08 08:44:16] [INFO    ] [av1_migrator:engine] Promoted Movie Large (2020) [AV1 1080p SDR CQ28].mkv.encoding.mkv to Movie Large (2020) [AV1 1080p SDR CQ28].mkv
[2026-09-08 08:44:16] [INFO    ] [av1_migrator:engine] Safely deleted original file: C:\Users\seegr\AppData\Local\Temp\pytest-of-seegr\pytest-19\test_engine_full_workflow_succ0\Movies\Movie Large (2020).mkv
[2026-09-08 08:44:16] [INFO    ] [av1_migrator:engine] Successfully migrated Movie Large (2020).mkv -> Movie Large (2020) [AV1 1080p SDR CQ28].mkv (48.83 KB -> 17 B, saved 48.81 KB)
[2026-09-08 08:44:17] [INFO    ] [av1_migrator:engine] === Migration Summary ===
[2026-09-08 08:44:17] [INFO    ] [av1_migrator:engine] Completed: 1
[2026-09-08 08:44:17] [INFO    ] [av1_migrator:engine] Failed:    0
[2026-09-08 08:44:17] [INFO    ] [av1_migrator:engine] Skipped:   0
[2026-09-08 08:44:17] [INFO    ] [av1_migrator:engine] Source:    48.83 KB
[2026-09-08 08:44:17] [INFO    ] [av1_migrator:engine] Output:    17 B
[2026-09-08 08:44:17] [INFO    ] [av1_migrator:engine] Saved:     48.81 KB (100.0%)
[2026-09-08 08:44:17] [INFO    ] [av1_migrator:engine] Checking database for uncompleted/interrupted migration tasks from previous runs...
[2026-09-08 08:44:17] [WARNING ] [av1_migrator:engine] Startup recovery: Found and resolved 1 interrupted tasks.
[2026-09-08 08:44:17] [INFO    ] [av1_migrator:engine]   - C:\Users\seegr\AppData\Local\Temp\pytest-of-seegr\pytest-19\test_engine_startup_recovery0\Movies\Movie Large (2020).mkv: reset_to_pending_for_retry (previous status: encoding, temp cleaned: True)
[2026-09-08 08:44:17] [INFO    ] [av1_migrator:engine] === Pre-flight System Checks ===
[2026-09-08 08:44:17] [INFO    ] [av1_migrator:engine] ✓ Python (3.14.3)
[2026-09-08 08:44:17] [INFO    ] [av1_migrator:engine] ✓ FFmpeg (C:\bin\ffmpeg.exe)
[2026-09-08 08:44:17] [INFO    ] [av1_migrator:engine] ✓ FFprobe (C:\bin\ffprobe.exe)
[2026-09-08 08:44:17] [INFO    ] [av1_migrator:engine] ✓ NVIDIA GPU (nvidia-smi detected)
[2026-09-08 08:44:17] [INFO    ] [av1_migrator:engine] ✓ AV1 NVENC encoder available
[2026-09-08 08:44:17] [INFO    ] [av1_migrator:engine] ✓ CUDA scaling (scale_cuda)
[2026-09-08 08:44:17] [INFO    ] [av1_migrator:engine] ✓ Media root: C:\Users\seegr\AppData\Local\Temp\pytest-of-seegr\pytest-19\test_engine_bloated_encode_pre0\Movies
[2026-09-08 08:44:17] [INFO    ] [av1_migrator:engine] ✓ Storage safety (C:\Users\seegr\AppData\Local\Temp\pytest-of-seegr\pytest-19\test_engine_bloated_encode_pre0\Movies): Free 50.55 GB >= Min 10.00 KB
[2026-09-08 08:44:17] [INFO    ] [av1_migrator:engine] Checking database for uncompleted/interrupted migration tasks from previous runs...
[2026-09-08 08:44:17] [INFO    ] [av1_migrator:engine] Startup recovery: Database is clean, no interrupted tasks found.
[2026-09-08 08:44:17] [INFO    ] [av1_migrator:engine] Starting media discovery and queue preparation...
[2026-09-08 08:44:17] [INFO    ] [av1_migrator:engine] Discovered 1 candidate files across media roots. Sorting by size (largest files first)...
[2026-09-08 08:44:17] [WARNING ] [av1_migrator:optimizer] Sample transcode test failed for Movie Small (2021).mkv: put file C:\Users\seegr\AppData\Local\Temp\pytest-of-seegr\pytest-19\test_engine_bloated_encode_pre0\Movies\Movie Small (2021).mkv.
Error opening input files: Invalid data found when processing input

[2026-09-08 08:44:17] [INFO    ] [av1_migrator:engine] Pre-encode check passed for Movie Small (2021).mkv: Sample test failed, defaulting to full encode
[2026-09-08 08:44:17] [WARNING ] [av1_migrator:engine] Encoding bloated for Movie Small (2021).mkv: output (24.41 KB) is larger than or equal to original (9.77 KB). Prioritizing space: keeping smaller original and removing bloated output.
[2026-09-08 08:44:17] [INFO    ] [av1_migrator:engine] Removed bloated temporary output: C:\Users\seegr\AppData\Local\Temp\pytest-of-seegr\pytest-19\test_engine_bloated_encode_pre0\Movies\Movie Small (2021) [AV1 1080p SDR CQ28].mkv.encoding.mkv
[2026-09-08 08:44:18] [INFO    ] [av1_migrator:engine] === Migration Summary ===
[2026-09-08 08:44:18] [INFO    ] [av1_migrator:engine] Completed: 0
[2026-09-08 08:44:18] [INFO    ] [av1_migrator:engine] Failed:    0
[2026-09-08 08:44:18] [INFO    ] [av1_migrator:engine] Skipped:   1
[2026-09-08 08:44:18] [INFO    ] [av1_migrator:engine] Source:    0 B
[2026-09-08 08:44:18] [INFO    ] [av1_migrator:engine] Output:    0 B
[2026-09-08 08:44:18] [INFO    ] [av1_migrator:engine] Saved:     0 B (0.0%)
[2026-09-08 08:44:18] [INFO    ] [av1_migrator:engine] === Pre-flight System Checks ===
[2026-09-08 08:44:18] [INFO    ] [av1_migrator:engine] ✓ Python (3.14.3)
[2026-09-08 08:44:18] [INFO    ] [av1_migrator:engine] ✓ FFmpeg (C:\bin\ffmpeg.exe)
[2026-09-08 08:44:18] [INFO    ] [av1_migrator:engine] ✓ FFprobe (C:\bin\ffprobe.exe)
[2026-09-08 08:44:18] [INFO    ] [av1_migrator:engine] ✓ NVIDIA GPU (nvidia-smi detected)
[2026-09-08 08:44:18] [INFO    ] [av1_migrator:engine] ✓ AV1 NVENC encoder available
[2026-09-08 08:44:18] [INFO    ] [av1_migrator:engine] ✓ CUDA scaling (scale_cuda)
[2026-09-08 08:44:18] [INFO    ] [av1_migrator:engine] ✓ Media root: C:\Users\seegr\AppData\Local\Temp\pytest-of-seegr\pytest-19\test_engine_existing_bloated_o0\Movies
[2026-09-08 08:44:18] [INFO    ] [av1_migrator:engine] ✓ Storage safety (C:\Users\seegr\AppData\Local\Temp\pytest-of-seegr\pytest-19\test_engine_existing_bloated_o0\Movies): Free 50.55 GB >= Min 10.00 KB
[2026-09-08 08:44:18] [INFO    ] [av1_migrator:engine] Checking database for uncompleted/interrupted migration tasks from previous runs...
[2026-09-08 08:44:18] [INFO    ] [av1_migrator:engine] Startup recovery: Database is clean, no interrupted tasks found.
[2026-09-08 08:44:18] [INFO    ] [av1_migrator:engine] Starting media discovery and queue preparation...
[2026-09-08 08:44:18] [INFO    ] [av1_migrator:engine] Discovered 1 candidate files across media roots. Sorting by size (largest files first)...
[2026-09-08 08:44:18] [INFO    ] [av1_migrator:engine] Final output already exists on disk for Movie Small (2021).mkv. Validating existing output...
[2026-09-08 08:44:18] [WARNING ] [av1_migrator:engine] Existing output for Movie Small (2021).mkv is larger (29.30 KB) than or equal to original (9.77 KB). Prioritizing space: keeping smaller original and removing bloated output.
[2026-09-08 08:44:18] [INFO    ] [av1_migrator:engine] No eligible files to transcode in queue. All files up to date!
[2026-09-08 08:44:18] [INFO    ] [av1_migrator:engine] === Pre-flight System Checks ===
[2026-09-08 08:44:18] [INFO    ] [av1_migrator:engine] ✓ Python (3.14.3)
[2026-09-08 08:44:18] [INFO    ] [av1_migrator:engine] ✓ FFmpeg (C:\bin\ffmpeg.exe)
[2026-09-08 08:44:18] [INFO    ] [av1_migrator:engine] ✓ FFprobe (C:\bin\ffprobe.exe)
[2026-09-08 08:44:18] [INFO    ] [av1_migrator:engine] ✓ NVIDIA GPU (nvidia-smi detected)
[2026-09-08 08:44:18] [INFO    ] [av1_migrator:engine] ✓ AV1 NVENC encoder available
[2026-09-08 08:44:18] [INFO    ] [av1_migrator:engine] ✓ CUDA scaling (scale_cuda)
[2026-09-08 08:44:18] [INFO    ] [av1_migrator:engine] ✓ Media root: C:\Users\seegr\AppData\Local\Temp\pytest-of-seegr\pytest-19\test_engine_pre_encode_check_s0\Movies
[2026-09-08 08:44:18] [INFO    ] [av1_migrator:engine] ✓ Storage safety (C:\Users\seegr\AppData\Local\Temp\pytest-of-seegr\pytest-19\test_engine_pre_encode_check_s0\Movies): Free 50.55 GB >= Min 10.00 KB
[2026-09-08 08:44:18] [INFO    ] [av1_migrator:engine] Checking database for uncompleted/interrupted migration tasks from previous runs...
[2026-09-08 08:44:18] [INFO    ] [av1_migrator:engine] Startup recovery: Database is clean, no interrupted tasks found.
[2026-09-08 08:44:18] [INFO    ] [av1_migrator:engine] Starting media discovery and queue preparation...
[2026-09-08 08:44:18] [INFO    ] [av1_migrator:engine] Discovered 1 candidate files across media roots. Sorting by size (largest files first)...
[2026-09-08 08:44:18] [WARNING ] [av1_migrator:engine] Pre-encode check: Skipping Movie Large (2020).mkv. Sample test predicted bloat: estimated output (60.00 KB) >= original (50.00 KB)
[2026-09-08 08:44:19] [INFO    ] [av1_migrator:engine] === Migration Summary ===
[2026-09-08 08:44:19] [INFO    ] [av1_migrator:engine] Completed: 0
[2026-09-08 08:44:19] [INFO    ] [av1_migrator:engine] Failed:    0
[2026-09-08 08:44:19] [INFO    ] [av1_migrator:engine] Skipped:   1
[2026-09-08 08:44:19] [INFO    ] [av1_migrator:engine] Source:    0 B
[2026-09-08 08:44:19] [INFO    ] [av1_migrator:engine] Output:    0 B
[2026-09-08 08:44:19] [INFO    ] [av1_migrator:engine] Saved:     0 B (0.0%)
[2026-09-08 08:44:24] [INFO    ] [av1_migrator:engine] === Pre-flight System Checks ===
[2026-09-08 08:44:24] [INFO    ] [av1_migrator:engine] ✓ Python (3.14.3)
[2026-09-08 08:44:24] [INFO    ] [av1_migrator:engine] ✓ FFmpeg (C:\bin\ffmpeg.exe)
[2026-09-08 08:44:24] [INFO    ] [av1_migrator:engine] ✓ FFprobe (C:\bin\ffprobe.exe)
[2026-09-08 08:44:24] [INFO    ] [av1_migrator:engine] ✓ NVIDIA GPU (nvidia-smi detected)
[2026-09-08 08:44:24] [INFO    ] [av1_migrator:engine] ✓ AV1 NVENC encoder available
[2026-09-08 08:44:24] [INFO    ] [av1_migrator:engine] ✓ CUDA scaling (scale_cuda)
[2026-09-08 08:44:24] [INFO    ] [av1_migrator:engine] ✓ Media root: Y:\srv\storage\Movies
[2026-09-08 08:44:24] [INFO    ] [av1_migrator:engine] ✓ Media root: Y:\media\TVShows
[2026-09-08 08:44:24] [INFO    ] [av1_migrator:engine] ✓ Storage safety (Y:\srv\storage\Movies): Free 2.21 TB >= Min 1.00 TB
[2026-09-08 08:44:24] [INFO    ] [av1_migrator:engine] Checking database for uncompleted/interrupted migration tasks from previous runs...
[2026-09-08 08:44:24] [INFO    ] [av1_migrator:engine] Startup recovery: Database is clean, no interrupted tasks found.
[2026-09-08 08:44:24] [INFO    ] [av1_migrator:engine] Starting media discovery and queue preparation...
[2026-09-08 08:44:29] [INFO    ] [av1_migrator:engine] Discovered 7688 candidate files across media roots. Sorting by size (largest files first)...
[2026-09-08 08:44:43] [INFO    ] [av1_migrator:engine] === DRY RUN SUMMARY ===
[2026-09-08 08:44:43] [INFO    ] [av1_migrator:engine] 
DRY RUN SUMMARY:
  Eligible files to convert: 3
  Already AV1/Completed:     0
  Skipped (No Eng/etc):      12090
  Probe Errors:              0
  Total source size:         149.65 GB
  Estimated output size:     ~52.38 GB
  Estimated savings:         ~97.27 GB

[2026-09-08 08:45:14] [WARNING ] [av1_migrator:engine] Received interrupt signal (Ctrl+C). Initiating safe stop...
[2026-09-08 08:45:14] [INFO    ] [av1_migrator:engine] Stopping migration safely: Ctrl+C interrupted
[2026-09-08 08:45:19] [INFO    ] [av1_migrator:engine] === Pre-flight System Checks ===
[2026-09-08 08:45:19] [INFO    ] [av1_migrator:engine] ✓ Python (3.14.3)
[2026-09-08 08:45:19] [INFO    ] [av1_migrator:engine] ✓ FFmpeg (C:\bin\ffmpeg.exe)
[2026-09-08 08:45:19] [INFO    ] [av1_migrator:engine] ✓ FFprobe (C:\bin\ffprobe.exe)
[2026-09-08 08:45:19] [INFO    ] [av1_migrator:engine] ✓ NVIDIA GPU (nvidia-smi detected)
[2026-09-08 08:45:19] [INFO    ] [av1_migrator:engine] ✓ AV1 NVENC encoder available
[2026-09-08 08:45:19] [INFO    ] [av1_migrator:engine] ✓ CUDA scaling (scale_cuda)
[2026-09-08 08:45:19] [INFO    ] [av1_migrator:engine] ✓ Media root: Y:\srv\storage\Movies
[2026-09-08 08:45:19] [INFO    ] [av1_migrator:engine] ✓ Media root: Y:\media\TVShows
[2026-09-08 08:45:19] [INFO    ] [av1_migrator:engine] ✓ Storage safety (Y:\srv\storage\Movies): Free 2.21 TB >= Min 1.00 TB
[2026-09-08 08:45:19] [INFO    ] [av1_migrator:engine] Checking database for uncompleted/interrupted migration tasks from previous runs...
[2026-09-08 08:45:19] [INFO    ] [av1_migrator:engine] Startup recovery: Database is clean, no interrupted tasks found.
[2026-09-08 08:45:19] [INFO    ] [av1_migrator:engine] Starting media discovery and queue preparation...
[2026-09-08 08:45:22] [INFO    ] [av1_migrator:engine] Discovered 7688 candidate files across media roots. Sorting by size (largest files first)...
[2026-09-08 08:52:11] [INFO    ] [av1_migrator:engine] Pre-encode check passed for The.Lord.of.the.Rings.The.Two.Towers.2002.EXTENDED.REMASTERED.1080p.BluRay.REMUX.AVC.DTS-HD.MA.TrueHD.7.1.Atmos-FGT.mkv: Sample test predicts savings of 48.21 GB (65.4% reduction, estimated size: 25.50 GB)
[2026-09-08 08:52:11] [INFO    ] [av1_migrator:encoder] Removed stale temporary file: Y:\srv\storage\Movies\The Lord of the Rings - The Two Towers (2002)\The.Lord.of.the.Rings.The.Two.Towers.2002.EXTENDED.REMASTERED.1080p.BluRay.REMUX.AVC.DTS-HD.MA.TrueHD.7.1.Atmos-FGT [AV1 1080p SDR CQ28].mkv.encoding.mkv
[2026-09-08 08:52:11] [INFO    ] [av1_migrator:encoder] Starting FFmpeg encode for The.Lord.of.the.Rings.The.Two.Towers.2002.EXTENDED.REMASTERED.1080p.BluRay.REMUX.AVC.DTS-HD.MA.TrueHD.7.1.Atmos-FGT.mkv (CUDA scale: True)
[2026-09-08 08:52:14] [WARNING ] [av1_migrator:encoder] CUDA scaling failed, retrying with software Lanczos scaling fallback...
[2026-09-08 08:52:14] [INFO    ] [av1_migrator:encoder] Retrying FFmpeg encode for The.Lord.of.the.Rings.The.Two.Towers.2002.EXTENDED.REMASTERED.1080p.BluRay.REMUX.AVC.DTS-HD.MA.TrueHD.7.1.Atmos-FGT.mkv with software scale
